{
"type": "FeatureCollection",
"name": "urban_zones_suhi",
"crs": { "type": "name", "properties": { "name": "urn:ogc:def:crs:OGC:1.3:CRS84" } },
"features": [
{ "type": "Feature", "properties": { "zone_id": 1, "zone_type": "urban", "area_km2": 15.0, "centroid_lon": 103.967059, "centroid_lat": 22.491782, "urban_pixels": 15, "rural_pixels": 297, "urban_mean_C": 34.88, "rural_mean_C": 31.16, "suhi_C": 3.72 }, "geometry": { "type": "Polygon", "coordinates": [ [ [ 103.950568204804497, 22.51262230561553 ], [ 103.942804389743515, 22.495950343525241 ], [ 103.953282495024752, 22.495950343525241 ], [ 103.949402961825697, 22.487614649130244 ], [ 103.959880676064373, 22.487614649130244 ], [ 103.956002595037873, 22.479279145720177 ], [ 103.966479918419779, 22.479279145720177 ], [ 103.96260328938331, 22.470943833208704 ], [ 103.973080222094126, 22.470943833208704 ], [ 103.969205044865433, 22.462608711509503 ], [ 103.979681587090852, 22.462608711509503 ], [ 103.983557154804956, 22.470943833208704 ], [ 103.994034087515743, 22.470943833208704 ], [ 103.997911888565412, 22.479279145720177 ], [ 103.987434565183534, 22.479279145720177 ], [ 103.991313818780384, 22.487614649130244 ], [ 103.980836104541709, 22.487614649130244 ], [ 103.988599361336227, 22.504286228991546 ], [ 103.95716387180741, 22.504286228991546 ], [ 103.961047092728364, 22.51262230561553 ], [ 103.950568204804497, 22.51262230561553 ] ] ] } },
{ "type": "Feature", "properties": { "zone_id": 2, "zone_type": "urban", "area_km2": 17.0, "centroid_lon": 106.761754, "centroid_lat": 21.862976, "urban_pixels": 17, "rural_pixels": 428, "urban_mean_C": 35.93, "rural_mean_C": 30.09, "suhi_C": 5.83 }, "geometry": { "type": "Polygon", "coordinates": [ [ [ 106.753791138450623, 21.879619235847901 ], [ 106.734529861872502, 21.838012114744838 ], [ 106.755425423709227, 21.838012114744838 ], [ 106.751577980881351, 21.82969124380265 ], [ 106.762025385263897, 21.82969124380265 ], [ 106.765873204627567, 21.838012114744838 ], [ 106.776320985545908, 21.838012114744838 ], [ 106.784022943456137, 21.854654409653346 ], [ 106.773574408921576, 21.854654409653346 ], [ 106.781283037586206, 21.871297442492427 ], [ 106.770833748708853, 21.871297442492427 ], [ 106.774690471093237, 21.879619235847901 ], [ 106.753791138450623, 21.879619235847901 ] ] ] } },
{ "type": "Feature", "properties": { "zone_id": 3, "zone_type": "urban", "area_km2": 16.0, "centroid_lon": 105.204901, "centroid_lat": 21.81721, "urban_pixels": 16, "rural_pixels": 352, "urban_mean_C": 33.48, "rural_mean_C": 30.38, "suhi_C": 3.09 }, "geometry": { "type": "Polygon", "coordinates": [ [ [ 105.198706066874934, 21.838012114744838 ], [ 105.19491472788161, 21.82969124380265 ], [ 105.184467323499049, 21.82969124380265 ], [ 105.176890879243459, 21.81305005451879 ], [ 105.197784182954081, 21.81305005451879 ], [ 105.193997948106713, 21.80472973600774 ], [ 105.204444223970469, 21.80472973600774 ], [ 105.196876479788614, 21.78808965082408 ], [ 105.217767528637737, 21.78808965082408 ], [ 105.221551239248072, 21.796409601471051 ], [ 105.21110533919456, 21.796409601471051 ], [ 105.218677486664689, 21.81305005451879 ], [ 105.229124138519992, 21.81305005451879 ], [ 105.232913328246852, 21.821370557088869 ], [ 105.222466300218642, 21.821370557088869 ], [ 105.226256941029263, 21.82969124380265 ], [ 105.215809536646702, 21.82969124380265 ], [ 105.219601628711644, 21.838012114744838 ], [ 105.198706066874934, 21.838012114744838 ] ] ] } },
{ "type": "Feature", "properties": { "zone_id": 4, "zone_type": "urban", "area_km2": 17.0, "centroid_lon": 104.893294, "centroid_lat": 21.717377, "urban_pixels": 17, "rural_pixels": 355, "urban_mean_C": 34.93, "rural_mean_C": 31.02, "suhi_C": 3.91 }, "geometry": { "type": "Polygon", "coordinates": [ [ [ 104.923578442022347, 21.73817380388893 ], [ 104.919817230811859, 21.729855138101705 ], [ 104.88848853053392, 21.729855138101705 ], [ 104.884730258756562, 21.721536655527789 ], [ 104.863845206932851, 21.721536655527789 ], [ 104.860089498975967, 21.71321835608272 ], [ 104.870531650887827, 21.71321835608272 ], [ 104.863024931784139, 21.6965823062414 ], [ 104.873466336238167, 21.6965823062414 ], [ 104.869715324579744, 21.688264555676309 ], [ 104.880156355575821, 21.688264555676309 ], [ 104.887660940228514, 21.704900239682068 ], [ 104.898102718321113, 21.704900239682068 ], [ 104.901858106623436, 21.71321835608272 ], [ 104.922742410447171, 21.71321835608272 ], [ 104.934021716476622, 21.73817380388893 ], [ 104.923578442022347, 21.73817380388893 ] ] ] } },
{ "type": "Feature", "properties": { "zone_id": 5, "zone_type": "urban", "area_km2": 63.0, "centroid_lon": 105.828637, "centroid_lat": 21.592624, "urban_pixels": 63, "rural_pixels": 330, "urban_mean_C": 37.61, "rural_mean_C": 32.23, "suhi_C": 5.38 }, "geometry": { "type": "Polygon", "coordinates": [ [ [ 105.828493963837275, 21.638361887949198 ], [ 105.82472065080492, 21.630045415151677 ], [ 105.814282228961289, 21.630045415151677 ], [ 105.810511114921908, 21.621729124555273 ], [ 105.789635015264238, 21.621729124555273 ], [ 105.785866471163686, 21.613413016075732 ], [ 105.796304149157891, 21.613413016075732 ], [ 105.792537058784177, 21.605097089628881 ], [ 105.802974365123831, 21.605097089628881 ], [ 105.791682928213135, 21.580150401642697 ], [ 105.802119120669289, 21.580150401642697 ], [ 105.798358585399214, 21.571835202484962 ], [ 105.808794406920754, 21.571835202484962 ], [ 105.805035324182356, 21.563520184939193 ], [ 105.825906225715883, 21.563520184939193 ], [ 105.822148224767787, 21.555205348921323 ], [ 105.83258330495957, 21.555205348921323 ], [ 105.828826756390342, 21.54689069434729 ], [ 105.86013088577991, 21.54689069434729 ], [ 105.856375048992362, 21.538576221133042 ], [ 105.86680938857333, 21.538576221133042 ], [ 105.863055004192006, 21.53026192919457 ], [ 105.88392294328213, 21.53026192919457 ], [ 105.891435015169506, 21.54689069434729 ], [ 105.881000305372964, 21.54689069434729 ], [ 105.884758705918443, 21.555205348921323 ], [ 105.87432362572666, 21.555205348921323 ], [ 105.878083479549673, 21.563520184939193 ], [ 105.867648028782924, 21.563520184939193 ], [ 105.871409336050007, 21.571835202484962 ], [ 105.860973514528467, 21.571835202484962 ], [ 105.864736275406315, 21.580150401642697 ], [ 105.854300082950161, 21.580150401642697 ], [ 105.865598203161795, 21.605097089628881 ], [ 105.855160896822127, 21.605097089628881 ], [ 105.85893021712306, 21.613413016075732 ], [ 105.848492539128856, 21.613413016075732 ], [ 105.856035916335841, 21.630045415151677 ], [ 105.845597494492196, 21.630045415151677 ], [ 105.849371551914587, 21.638361887949198 ], [ 105.828493963837275, 21.638361887949198 ] ] ] } },
{ "type": "Feature", "properties": { "zone_id": 6, "zone_type": "urban", "area_km2": 12.0, "centroid_lon": 107.963586, "centroid_lat": 21.526105, "urban_pixels": 12, "rural_pixels": 92, "urban_mean_C": 33.23, "rural_mean_C": 30.16, "suhi_C": 3.07 }, "geometry": { "type": "Polygon", "coordinates": [ [ [ 107.947072845085572, 21.54689069434729 ], [ 107.939414943659202, 21.53026192919457 ], [ 107.949848913204264, 21.53026192919457 ], [ 107.946022379654522, 21.521947818447849 ], [ 107.956455979343247, 21.521947818447849 ], [ 107.952630933596041, 21.513633888808922 ], [ 107.963064163607996, 21.513633888808922 ], [ 107.959240605487693, 21.50532014019382 ], [ 107.969673466002334, 21.50532014019382 ], [ 107.98881168427171, 21.54689069434729 ], [ 107.978376974475168, 21.54689069434729 ], [ 107.974545983930312, 21.538576221133042 ], [ 107.953677304768362, 21.538576221133042 ], [ 107.957507554882099, 21.54689069434729 ], [ 107.947072845085572, 21.54689069434729 ] ] ] } },
{ "type": "Feature", "properties": { "zone_id": 7, "zone_type": "urban", "area_km2": 24.0, "centroid_lon": 105.966817, "centroid_lat": 21.459598, "urban_pixels": 24, "rural_pixels": 219, "urban_mean_C": 33.49, "rural_mean_C": 32.31, "suhi_C": 1.18 }, "geometry": { "type": "MultiPolygon", "coordinates": [ [ [ [ 105.952955764317181, 21.405569246135077 ], [ 105.942527323789193, 21.405569246135077 ], [ 105.949992907648408, 21.422192591895211 ], [ 105.93956373224654, 21.422192591895211 ], [ 105.947035851035267, 21.438816658061501 ], [ 105.967895673018148, 21.438816658061501 ], [ 105.952955764317181, 21.405569246135077 ] ] ], [ [ [ 106.048391069471094, 21.455441445303986 ], [ 106.044647149401328, 21.44712896150633 ], [ 106.013356312237164, 21.44712896150633 ], [ 106.017099127579854, 21.455441445303986 ], [ 106.048391069471094, 21.455441445303986 ] ] ], [ [ [ 105.967895673018148, 21.438816658061501 ], [ 105.975376538391501, 21.455441445303986 ], [ 105.954515243797331, 21.455441445303986 ], [ 105.950774637908793, 21.44712896150633 ], [ 105.940344358854077, 21.44712896150633 ], [ 105.947826653504393, 21.463754109538286 ], [ 105.92696462206726, 21.463754109538286 ], [ 105.934452721478451, 21.480379979652085 ], [ 105.944884474577563, 21.480379979652085 ], [ 105.941139146069716, 21.472066954293037 ], [ 105.951570530388949, 21.472066954293037 ], [ 105.955316227676676, 21.480379979652085 ], [ 105.965747980775788, 21.480379979652085 ], [ 105.958257669222974, 21.463754109538286 ], [ 105.989550716378673, 21.463754109538286 ], [ 105.982065475072972, 21.44712896150633 ], [ 106.013356312237164, 21.44712896150633 ], [ 106.009615316983897, 21.438816658061501 ], [ 105.967895673018148, 21.438816658061501 ] ] ] ] } },
{ "type": "Feature", "properties": { "zone_id": 8, "zone_type": "urban", "area_km2": 10.0, "centroid_lon": 106.205263, "centroid_lat": 21.467911, "urban_pixels": 10, "rural_pixels": 212, "urban_mean_C": 35.68, "rural_mean_C": 32.52, "suhi_C": 3.15 }, "geometry": { "type": "Polygon", "coordinates": [ [ [ 106.205678302055347, 21.480379979652085 ], [ 106.190671056167503, 21.44712896150633 ], [ 106.180240777112772, 21.44712896150633 ], [ 106.172748831012768, 21.430504534885721 ], [ 106.193607917227112, 21.430504534885721 ], [ 106.197353714829788, 21.438816658061501 ], [ 106.207783625821236, 21.438816658061501 ], [ 106.215281426224479, 21.455441445303986 ], [ 106.20485077892738, 21.455441445303986 ], [ 106.216110055154459, 21.480379979652085 ], [ 106.205678302055347, 21.480379979652085 ] ] ] } },
{ "type": "Feature", "properties": { "zone_id": 9, "zone_type": "urban", "area_km2": 11.0, "centroid_lon": 105.88407, "centroid_lat": 21.426349, "urban_pixels": 11, "rural_pixels": 113, "urban_mean_C": 39.54, "rural_mean_C": 33.42, "suhi_C": 6.12 }, "geometry": { "type": "Polygon", "coordinates": [ [ [ 105.89488629607807, 21.438816658061501 ], [ 105.891151167119133, 21.430504534885721 ], [ 105.870292080904775, 21.430504534885721 ], [ 105.862828744160382, 21.413880829006239 ], [ 105.873257552035867, 21.413880829006239 ], [ 105.869528240093302, 21.405569246135077 ], [ 105.900813561677253, 21.405569246135077 ], [ 105.90827620604091, 21.422192591895211 ], [ 105.897847030639042, 21.422192591895211 ], [ 105.905316207069518, 21.438816658061501 ], [ 105.89488629607807, 21.438816658061501 ] ] ] } },
{ "type": "Feature", "properties": { "zone_id": 10, "zone_type": "urban", "area_km2": 17.0, "centroid_lon": 103.020525, "centroid_lat": 21.388947, "urban_pixels": 17, "rural_pixels": 411, "urban_mean_C": 35.63, "rural_mean_C": 29.3, "suhi_C": 6.33 }, "geometry": { "type": "Polygon", "coordinates": [ [ [ 103.026193002025437, 21.413880829006239 ], [ 103.022563975953673, 21.405569246135077 ], [ 103.001707094897711, 21.405569246135077 ], [ 102.998080569683438, 21.397257843198012 ], [ 103.008508643042717, 21.397257843198012 ], [ 102.994018726815142, 21.3640140291173 ], [ 103.004445333286768, 21.3640140291173 ], [ 103.000826898756358, 21.355703524595818 ], [ 103.011253138952611, 21.355703524595818 ], [ 103.022114834394543, 21.380635576791448 ], [ 103.032542173952677, 21.380635576791448 ], [ 103.047050617776449, 21.413880829006239 ], [ 103.026193002025437, 21.413880829006239 ] ] ] } },
{ "type": "Feature", "properties": { "zone_id": 11, "zone_type": "urban", "area_km2": 13.0, "centroid_lon": 105.462591, "centroid_lat": 21.334928, "urban_pixels": 13, "rural_pixels": 84, "urban_mean_C": 33.02, "rural_mean_C": 32.05, "suhi_C": 0.96 }, "geometry": { "type": "MultiPolygon", "coordinates": [ [ [ [ 105.474866266731567, 21.339083053766089 ], [ 105.485291774912525, 21.339083053766089 ], [ 105.481591217480911, 21.330773087290719 ], [ 105.47116607503996, 21.330773087290719 ], [ 105.460076324482571, 21.305844262620319 ], [ 105.449652278191707, 21.305844262620319 ], [ 105.460740932599009, 21.330773087290719 ], [ 105.439890647717121, 21.330773087290719 ], [ 105.443589742188692, 21.339083053766089 ], [ 105.464440758550609, 21.339083053766089 ], [ 105.471845825267664, 21.355703524595818 ], [ 105.482272065463931, 21.355703524595818 ], [ 105.474866266731567, 21.339083053766089 ] ] ], [ [ [ 105.499420011566485, 21.347393199506602 ], [ 105.488994137467103, 21.347393199506602 ], [ 105.49269830566017, 21.355703524595818 ], [ 105.503124545856423, 21.355703524595818 ], [ 105.499420011566485, 21.347393199506602 ] ] ], [ [ [ 105.485977673536027, 21.3640140291173 ], [ 105.475551067064387, 21.3640140291173 ], [ 105.47925811517463, 21.372324713154637 ], [ 105.500112061025817, 21.372324713154637 ], [ 105.49269830566017, 21.355703524595818 ], [ 105.482272065463931, 21.355703524595818 ], [ 105.485977673536027, 21.3640140291173 ] ] ] ] } },
{ "type": "Feature", "properties": { "zone_id": 12, "zone_type": "urban", "area_km2": 11.0, "centroid_lon": 105.288726, "centroid_lat": 21.330773, "urban_pixels": 11, "rural_pixels": 181, "urban_mean_C": 34.08, "rural_mean_C": 31.72, "suhi_C": 2.36 }, "geometry": { "type": "Polygon", "coordinates": [ [ [ 105.287872150574955, 21.3640140291173 ], [ 105.276781611293401, 21.339083053766089 ], [ 105.28720711947436, 21.339083053766089 ], [ 105.276131697503175, 21.314153691801348 ], [ 105.296980520495055, 21.314153691801348 ], [ 105.293291583829046, 21.305844262620319 ], [ 105.314139676410718, 21.305844262620319 ], [ 105.317829343486935, 21.314153691801348 ], [ 105.307404931991002, 21.314153691801348 ], [ 105.311096034588374, 21.322463299996983 ], [ 105.290246480829822, 21.322463299996983 ], [ 105.301328403678369, 21.347393199506602 ], [ 105.290902529578986, 21.347393199506602 ], [ 105.298298757046581, 21.3640140291173 ], [ 105.287872150574955, 21.3640140291173 ] ] ] } },
{ "type": "Feature", "properties": { "zone_id": 13, "zone_type": "urban", "area_km2": 41.0, "centroid_lon": 105.391129, "centroid_lat": 21.326618, "urban_pixels": 41, "rural_pixels": 164, "urban_mean_C": 34.33, "rural_mean_C": 31.86, "suhi_C": 2.47 }, "geometry": { "type": "MultiPolygon", "coordinates": [ [ [ [ 105.376042137688998, 21.280917048330334 ], [ 105.365619185944411, 21.280917048330334 ], [ 105.361934530400134, 21.272608334373245 ], [ 105.351511943148139, 21.272608334373245 ], [ 105.355196234199838, 21.280917048330334 ], [ 105.344773282455265, 21.280917048330334 ], [ 105.348459008579496, 21.289225940968262 ], [ 105.35888232499471, 21.289225940968262 ], [ 105.362570216045427, 21.297535012370442 ], [ 105.341722853517538, 21.297535012370442 ], [ 105.345411815283271, 21.305844262620319 ], [ 105.355835861574121, 21.305844262620319 ], [ 105.359526989470709, 21.314153691801348 ], [ 105.369951400966627, 21.314153691801348 ], [ 105.366259907864944, 21.305844262620319 ], [ 105.376683954155794, 21.305844262620319 ], [ 105.372993897309385, 21.297535012370442 ], [ 105.383417578573344, 21.297535012370442 ], [ 105.376042137688998, 21.280917048330334 ] ] ], [ [ [ 105.37364469586413, 21.322463299996983 ], [ 105.363219918984839, 21.322463299996983 ], [ 105.366914650630505, 21.330773087290719 ], [ 105.335639223307666, 21.330773087290719 ], [ 105.343031900075857, 21.347393199506602 ], [ 105.374309522373977, 21.347393199506602 ], [ 105.370611184922012, 21.339083053766089 ], [ 105.401887709464873, 21.339083053766089 ], [ 105.405587144672097, 21.347393199506602 ], [ 105.41601301877148, 21.347393199506602 ], [ 105.408615220394282, 21.330773087290719 ], [ 105.419040362835233, 21.330773087290719 ], [ 105.41534380338129, 21.322463299996983 ], [ 105.425768580260595, 21.322463299996983 ], [ 105.422073458446349, 21.314153691801348 ], [ 105.432497869942281, 21.314153691801348 ], [ 105.428804185610019, 21.305844262620319 ], [ 105.43922823190087, 21.305844262620319 ], [ 105.435535984893107, 21.297535012370442 ], [ 105.383417578573344, 21.297535012370442 ], [ 105.387108000446631, 21.305844262620319 ], [ 105.376683954155794, 21.305844262620319 ], [ 105.380375812462589, 21.314153691801348 ], [ 105.369951400966627, 21.314153691801348 ], [ 105.37364469586413, 21.322463299996983 ] ] ] ] } },
{ "type": "Feature", "properties": { "zone_id": 14, "zone_type": "urban", "area_km2": 113.0, "centroid_lon": 105.536953, "centroid_lat": 21.255991, "urban_pixels": 113, "rural_pixels": 181, "urban_mean_C": 33.77, "rural_mean_C": 31.66, "suhi_C": 2.11 }, "geometry": { "type": "MultiPolygon", "coordinates": [ [ [ [ 105.540915576102933, 21.206145045223582 ], [ 105.544593112092855, 21.21445233273451 ], [ 105.555013152877933, 21.21445233273451 ], [ 105.547659153810031, 21.197837935643637 ], [ 105.537239838987333, 21.197837935643637 ], [ 105.533565900235828, 21.189531003911455 ], [ 105.523146948127987, 21.189531003911455 ], [ 105.526820524164648, 21.197837935643637 ], [ 105.50598189451928, 21.197837935643637 ], [ 105.509656542957657, 21.206145045223582 ], [ 105.499236865242594, 21.206145045223582 ], [ 105.506590831336908, 21.222759798259666 ], [ 105.527431639402351, 21.222759798259666 ], [ 105.520076220672763, 21.206145045223582 ], [ 105.540915576102933, 21.206145045223582 ] ] ], [ [ [ 105.520691280364474, 21.231067441882306 ], [ 105.524373125233367, 21.239375263685716 ], [ 105.545215387355668, 21.239375263685716 ], [ 105.53785204343508, 21.222759798259666 ], [ 105.527431639402351, 21.222759798259666 ], [ 105.531112047822546, 21.231067441882306 ], [ 105.520691280364474, 21.231067441882306 ] ] ], [ [ [ 105.55323231734684, 21.280917048330334 ], [ 105.549541100936011, 21.272608334373245 ], [ 105.559963688188006, 21.272608334373245 ], [ 105.556273910075546, 21.264299799013603 ], [ 105.597962801825176, 21.264299799013603 ], [ 105.586899911600284, 21.239375263685716 ], [ 105.597321042661434, 21.239375263685716 ], [ 105.593636652570936, 21.231067441882306 ], [ 105.583215885112878, 21.231067441882306 ], [ 105.575853234448104, 21.21445233273451 ], [ 105.555013152877933, 21.21445233273451 ], [ 105.566057649477983, 21.239375263685716 ], [ 105.555636518416833, 21.239375263685716 ], [ 105.559321255013884, 21.247683263753188 ], [ 105.507213780803681, 21.247683263753188 ], [ 105.503530863111067, 21.239375263685716 ], [ 105.493109732049902, 21.239375263685716 ], [ 105.489428977990286, 21.231067441882306 ], [ 105.458166675616098, 21.231067441882306 ], [ 105.465527801435528, 21.247683263753188 ], [ 105.475949296277562, 21.247683263753188 ], [ 105.483318349513695, 21.264299799013603 ], [ 105.472896126576273, 21.264299799013603 ], [ 105.476582990172062, 21.272608334373245 ], [ 105.487005577424057, 21.272608334373245 ], [ 105.494385438392499, 21.289225940968262 ], [ 105.504808754807712, 21.289225940968262 ], [ 105.512196555936796, 21.305844262620319 ], [ 105.533044648518484, 21.305844262620319 ], [ 105.525655387638153, 21.289225940968262 ], [ 105.536078704053367, 21.289225940968262 ], [ 105.532386413857694, 21.280917048330334 ], [ 105.55323231734684, 21.280917048330334 ] ] ], [ [ [ 105.634264117846385, 21.322463299996983 ], [ 105.626861065136083, 21.305844262620319 ], [ 105.637285111426934, 21.305844262620319 ], [ 105.633585928908232, 21.297535012370442 ], [ 105.644009610172191, 21.297535012370442 ], [ 105.640311868205515, 21.289225940968262 ], [ 105.661158501035956, 21.289225940968262 ], [ 105.653766973455959, 21.272608334373245 ], [ 105.664189560707939, 21.272608334373245 ], [ 105.660496139449634, 21.264299799013603 ], [ 105.639651693574834, 21.264299799013603 ], [ 105.643344386203964, 21.272608334373245 ], [ 105.632921798951969, 21.272608334373245 ], [ 105.636615931303467, 21.280917048330334 ], [ 105.62619297955888, 21.280917048330334 ], [ 105.629888551790287, 21.289225940968262 ], [ 105.619465235375088, 21.289225940968262 ], [ 105.623162247644274, 21.297535012370442 ], [ 105.57104384132451, 21.297535012370442 ], [ 105.567348653299007, 21.289225940968262 ], [ 105.536078704053367, 21.289225940968262 ], [ 105.539772797532663, 21.297535012370442 ], [ 105.550196478796607, 21.297535012370442 ], [ 105.553892741100157, 21.305844262620319 ], [ 105.564316787391007, 21.305844262620319 ], [ 105.571715456570629, 21.322463299996983 ], [ 105.592565010329224, 21.322463299996983 ], [ 105.596267784331289, 21.330773087290719 ], [ 105.617118069213191, 21.330773087290719 ], [ 105.613414564087805, 21.322463299996983 ], [ 105.634264117846385, 21.322463299996983 ] ] ], [ [ [ 105.523291787244673, 21.330773087290719 ], [ 105.512196555936796, 21.305844262620319 ], [ 105.501772509645932, 21.305844262620319 ], [ 105.516568299455386, 21.339083053766089 ], [ 105.537419315817303, 21.339083053766089 ], [ 105.533716929685625, 21.330773087290719 ], [ 105.523291787244673, 21.330773087290719 ] ] ] ] } },
{ "type": "Feature", "properties": { "zone_id": 15, "zone_type": "urban", "area_km2": 58.0, "centroid_lon": 106.17304, "centroid_lat": 21.268454, "urban_pixels": 58, "rural_pixels": 154, "urban_mean_C": 36.16, "rural_mean_C": 32.18, "suhi_C": 3.98 }, "geometry": { "type": "Polygon", "coordinates": [ [ [ 106.200183611132587, 21.305844262620319 ], [ 106.196464717161746, 21.297535012370442 ], [ 106.186041035897787, 21.297535012370442 ], [ 106.182324321796699, 21.289225940968262 ], [ 106.171901005381486, 21.289225940968262 ], [ 106.168186470276964, 21.280917048330334 ], [ 106.157763518532377, 21.280917048330334 ], [ 106.154051161551621, 21.272608334373245 ], [ 106.143628574299655, 21.272608334373245 ], [ 106.139918394570444, 21.264299799013603 ], [ 106.119073948695629, 21.264299799013603 ], [ 106.115366309482837, 21.255991442168042 ], [ 106.104944450682069, 21.255991442168042 ], [ 106.101238986799913, 21.247683263753188 ], [ 106.090817491957864, 21.247683263753188 ], [ 106.087114202535616, 21.239375263685716 ], [ 106.076693071474466, 21.239375263685716 ], [ 106.072991955641925, 21.231067441882306 ], [ 106.104254258016127, 21.231067441882306 ], [ 106.107956464657931, 21.239375263685716 ], [ 106.128798726780232, 21.239375263685716 ], [ 106.125095792932257, 21.231067441882306 ], [ 106.1355165603903, 21.231067441882306 ], [ 106.139219857841383, 21.239375263685716 ], [ 106.191325513147149, 21.239375263685716 ], [ 106.195032440378256, 21.247683263753188 ], [ 106.205453935220291, 21.247683263753188 ], [ 106.209163038689795, 21.255991442168042 ], [ 106.198741179889041, 21.255991442168042 ], [ 106.206164097811609, 21.272608334373245 ], [ 106.216586685063589, 21.272608334373245 ], [ 106.220301228999844, 21.280917048330334 ], [ 106.251570084233606, 21.280917048330334 ], [ 106.255287536703207, 21.289225940968262 ], [ 106.234440903872766, 21.289225940968262 ], [ 106.238159442217565, 21.297535012370442 ], [ 106.206888398425704, 21.297535012370442 ], [ 106.210607657423424, 21.305844262620319 ], [ 106.200183611132587, 21.305844262620319 ] ] ] } },
{ "type": "Feature", "properties": { "zone_id": 16, "zone_type": "urban", "area_km2": 12.0, "centroid_lon": 105.426313, "centroid_lat": 21.276763, "urban_pixels": 12, "rural_pixels": 93, "urban_mean_C": 31.35, "rural_mean_C": 31.81, "suhi_C": -0.47 }, "geometry": { "type": "MultiPolygon", "coordinates": [ [ [ [ 105.437945487432515, 21.255991442168042 ], [ 105.427523628631747, 21.255991442168042 ], [ 105.431207234826644, 21.264299799013603 ], [ 105.410362788951829, 21.264299799013603 ], [ 105.417733944667305, 21.280917048330334 ], [ 105.407310992922746, 21.280917048330334 ], [ 105.410998907070777, 21.289225940968262 ], [ 105.431845539901204, 21.289225940968262 ], [ 105.428156896411892, 21.280917048330334 ], [ 105.438579848156465, 21.280917048330334 ], [ 105.434892641164083, 21.272608334373245 ], [ 105.445315228416092, 21.272608334373245 ], [ 105.437945487432515, 21.255991442168042 ] ] ], [ [ [ 105.442268856316431, 21.289225940968262 ], [ 105.463115489146858, 21.289225940968262 ], [ 105.459425751645639, 21.280917048330334 ], [ 105.469848703390213, 21.280917048330334 ], [ 105.466160402920082, 21.272608334373245 ], [ 105.445315228416092, 21.272608334373245 ], [ 105.449002799901052, 21.280917048330334 ], [ 105.438579848156465, 21.280917048330334 ], [ 105.442268856316431, 21.289225940968262 ] ] ] ] } },
{ "type": "Feature", "properties": { "zone_id": 17, "zone_type": "urban", "area_km2": 1431.0, "centroid_lon": 105.792354, "centroid_lat": 21.044188, "urban_pixels": 1431, "rural_pixels": 735, "urban_mean_C": 34.47, "rural_mean_C": 31.42, "suhi_C": 3.05 }, "geometry": { "type": "MultiPolygon", "coordinates": [ [ [ [ 105.577147841586736, 20.957008784332988 ], [ 105.587556709558896, 20.957008784332988 ], [ 105.580303754504328, 20.940405339169878 ], [ 105.559487448559054, 20.940405339169878 ], [ 105.563112318335797, 20.948706974071399 ], [ 105.573520828720191, 20.948706974071399 ], [ 105.577147841586736, 20.957008784332988 ] ] ], [ [ [ 105.608374445503216, 20.957008784332988 ], [ 105.587556709558896, 20.957008784332988 ], [ 105.591185866368292, 20.965310770037288 ], [ 105.601595092104333, 20.965310770037288 ], [ 105.605226393710012, 20.973612931266963 ], [ 105.615635977386077, 20.973612931266963 ], [ 105.608374445503216, 20.957008784332988 ] ] ], [ [ [ 105.570853159686195, 20.990217780633195 ], [ 105.574488391524881, 20.998520468935187 ], [ 105.61613102573908, 20.998520468935187 ], [ 105.605226393710012, 20.973612931266963 ], [ 105.594816810033933, 20.973612931266963 ], [ 105.602084059940509, 20.990217780633195 ], [ 105.570853159686195, 20.990217780633195 ] ] ], [ [ [ 105.574993084046625, 21.023429589309604 ], [ 105.564581349028472, 21.023429589309604 ], [ 105.571866478722256, 21.040036549944102 ], [ 105.582278932265879, 21.040036549944102 ], [ 105.57863511307032, 21.031732981533153 ], [ 105.589047207262922, 21.031732981533153 ], [ 105.581764220711278, 21.015126373190622 ], [ 105.571352844691077, 21.015126373190622 ], [ 105.574993084046625, 21.023429589309604 ] ] ], [ [ [ 105.599985115964586, 21.056644215659521 ], [ 105.589571943189114, 21.056644215659521 ], [ 105.585924542137349, 21.048340294625266 ], [ 105.575511729066122, 21.048340294625266 ], [ 105.571866478722256, 21.040036549944102 ], [ 105.551041571635039, 21.040036549944102 ], [ 105.554686102923711, 21.048340294625266 ], [ 105.544273289852484, 21.048340294625266 ], [ 105.555216549996359, 21.073252587118795 ], [ 105.576044335424527, 21.073252587118795 ], [ 105.572394070613072, 21.064948313129729 ], [ 105.603634668582288, 21.064948313129729 ], [ 105.599985115964586, 21.056644215659521 ] ], [ [ 105.565098915994909, 21.048340294625266 ], [ 105.568745597638198, 21.056644215659521 ], [ 105.558332424862741, 21.056644215659521 ], [ 105.554686102923711, 21.048340294625266 ], [ 105.565098915994909, 21.048340294625266 ] ] ], [ [ [ 105.614048201238688, 21.064948313129729 ], [ 105.624461733895089, 21.064948313129729 ], [ 105.620811461515515, 21.056644215659521 ], [ 105.631224634290973, 21.056644215659521 ], [ 105.627575794422199, 21.048340294625266 ], [ 105.596337355208561, 21.048340294625266 ], [ 105.599985115964586, 21.056644215659521 ], [ 105.610398288740043, 21.056644215659521 ], [ 105.614048201238688, 21.064948313129729 ] ] ], [ [ [ 105.634875266551489, 21.064948313129729 ], [ 105.655702331864305, 21.064948313129729 ], [ 105.652050979841903, 21.056644215659521 ], [ 105.631224634290973, 21.056644215659521 ], [ 105.634875266551489, 21.064948313129729 ] ] ], [ [ [ 105.590110645526408, 21.081557037709615 ], [ 105.57969639257783, 21.081557037709615 ], [ 105.583350242578661, 21.089861664985143 ], [ 105.572935629218776, 21.089861664985143 ], [ 105.576590911984852, 21.098166469028314 ], [ 105.607835833829171, 21.098166469028314 ], [ 105.604179469298444, 21.089861664985143 ], [ 105.593764855938559, 21.089861664985143 ], [ 105.590110645526408, 21.081557037709615 ] ] ], [ [ [ 105.559980730732377, 21.131387454537212 ], [ 105.580813566874227, 21.131387454537212 ], [ 105.577151467632177, 21.123081942593537 ], [ 105.597983581181424, 21.123081942593537 ], [ 105.594322554727512, 21.114776607749516 ], [ 105.583906859072087, 21.114776607749516 ], [ 105.580247988433754, 21.106471449922108 ], [ 105.569832653720496, 21.106471449922108 ], [ 105.562521015858891, 21.089861664985143 ], [ 105.572935629218776, 21.089861664985143 ], [ 105.569282139629266, 21.081557037709615 ], [ 105.558867886680702, 21.081557037709615 ], [ 105.555216549996359, 21.073252587118795 ], [ 105.544802657282276, 21.073252587118795 ], [ 105.548453633732137, 21.081557037709615 ], [ 105.527625127835009, 21.081557037709615 ], [ 105.534931016192402, 21.098166469028314 ], [ 105.524516042244286, 21.098166469028314 ], [ 105.528171314867393, 21.106471449922108 ], [ 105.476094641301032, 21.106471449922108 ], [ 105.479749902517796, 21.114776607749516 ], [ 105.490165598173235, 21.114776607749516 ], [ 105.497482222306843, 21.131387454537212 ], [ 105.487065804235911, 21.131387454537212 ], [ 105.494388881713661, 21.147999010055706 ], [ 105.483971740518669, 21.147999010055706 ], [ 105.487635609608375, 21.156305053796686 ], [ 105.529305621699862, 21.156305053796686 ], [ 105.525640305298651, 21.147999010055706 ], [ 105.556891728883627, 21.147999010055706 ], [ 105.553227123017322, 21.139693143663578 ], [ 105.563643902561694, 21.139693143663578 ], [ 105.559980730732377, 21.131387454537212 ] ] ], [ [ [ 105.618815694730671, 21.123081942593537 ], [ 105.629231751505316, 21.123081942593537 ], [ 105.625569641693801, 21.114776607749516 ], [ 105.635985337349226, 21.114776607749516 ], [ 105.632324662000116, 21.106471449922108 ], [ 105.611493992573571, 21.106471449922108 ], [ 105.618815694730671, 21.123081942593537 ] ] ], [ [ [ 105.608399637956055, 21.123081942593537 ], [ 105.615727800283494, 21.139693143663578 ], [ 105.636561359372223, 21.139693143663578 ], [ 105.632895657228829, 21.131387454537212 ], [ 105.622479239157897, 21.131387454537212 ], [ 105.618815694730671, 21.123081942593537 ], [ 105.608399637956055, 21.123081942593537 ] ] ], [ [ [ 105.6733172958605, 21.222759798259666 ], [ 105.669633601513851, 21.21445233273451 ], [ 105.638373479158588, 21.21445233273451 ], [ 105.642056083762313, 21.222759798259666 ], [ 105.6733172958605, 21.222759798259666 ] ] ], [ [ [ 105.771444969057285, 21.255991442168042 ], [ 105.767751151854654, 21.247683263753188 ], [ 105.757329657012619, 21.247683263753188 ], [ 105.749948164441932, 21.231067441882306 ], [ 105.71868586206773, 21.231067441882306 ], [ 105.714998911991401, 21.222759798259666 ], [ 105.6733172958605, 21.222759798259666 ], [ 105.67700279223547, 21.231067441882306 ], [ 105.687423559693528, 21.231067441882306 ], [ 105.694800687960395, 21.247683263753188 ], [ 105.7260651724865, 21.247683263753188 ], [ 105.729757533854183, 21.255991442168042 ], [ 105.771444969057285, 21.255991442168042 ] ] ], [ [ [ 105.670268960089516, 21.239375263685716 ], [ 105.659847829028351, 21.239375263685716 ], [ 105.667226381049545, 21.255991442168042 ], [ 105.677648239850328, 21.255991442168042 ], [ 105.673957698276311, 21.247683263753188 ], [ 105.684379193118346, 21.247683263753188 ], [ 105.67700279223547, 21.231067441882306 ], [ 105.666582024777398, 21.231067441882306 ], [ 105.670268960089516, 21.239375263685716 ] ] ], [ [ [ 105.700653808437337, 20.882298798002555 ], [ 105.711059464453115, 20.882298798002555 ], [ 105.703827936778993, 20.865698502631528 ], [ 105.714232880960196, 20.865698502631528 ], [ 105.710619436964109, 20.85739861678919 ], [ 105.689810259909592, 20.85739861678919 ], [ 105.700653808437337, 20.882298798002555 ] ] ], [ [ [ 105.766707965764738, 20.890599207696177 ], [ 105.763087744532086, 20.882298798002555 ], [ 105.731870776484712, 20.882298798002555 ], [ 105.728253408639716, 20.873998563008499 ], [ 105.717848108629042, 20.873998563008499 ], [ 105.72146512046892, 20.882298798002555 ], [ 105.711059464453115, 20.882298798002555 ], [ 105.718298130103804, 20.898899792171868 ], [ 105.707891761550783, 20.898899792171868 ], [ 105.711513415832655, 20.907200551512116 ], [ 105.732326866003149, 20.907200551512116 ], [ 105.725083916978534, 20.890599207696177 ], [ 105.745895941371629, 20.890599207696177 ], [ 105.749517235762852, 20.898899792171868 ], [ 105.759923604315873, 20.898899792171868 ], [ 105.763547041258846, 20.907200551512116 ], [ 105.773953766344079, 20.907200551512116 ], [ 105.770329972868893, 20.898899792171868 ], [ 105.780736341421914, 20.898899792171868 ], [ 105.777113977961292, 20.890599207696177 ], [ 105.766707965764738, 20.890599207696177 ] ] ], [ [ [ 105.763547041258846, 20.907200551512116 ], [ 105.753140316173614, 20.907200551512116 ], [ 105.760391837053021, 20.923802595116516 ], [ 105.770799275730155, 20.923802595116516 ], [ 105.763547041258846, 20.907200551512116 ] ] ], [ [ [ 105.674459672256589, 20.965310770037288 ], [ 105.664050446520548, 20.965310770037288 ], [ 105.66768389576643, 20.973612931266963 ], [ 105.646864728414286, 20.973612931266963 ], [ 105.643231995048481, 20.965310770037288 ], [ 105.63282276931244, 20.965310770037288 ], [ 105.640089308226578, 20.981915268104693 ], [ 105.671319133603461, 20.981915268104693 ], [ 105.674956160533924, 20.990217780633195 ], [ 105.685366460618695, 20.990217780633195 ], [ 105.678093479442495, 20.973612931266963 ], [ 105.68850306311856, 20.973612931266963 ], [ 105.681236521308307, 20.957008784332988 ], [ 105.670827653336147, 20.957008784332988 ], [ 105.674459672256589, 20.965310770037288 ] ] ], [ [ [ 105.637463494155526, 21.023429589309604 ], [ 105.633821100812199, 21.015126373190622 ], [ 105.644232476832386, 21.015126373190622 ], [ 105.647875229173678, 21.023429589309604 ], [ 105.658286964191831, 21.023429589309604 ], [ 105.654643852852573, 21.015126373190622 ], [ 105.665055228872745, 21.015126373190622 ], [ 105.661413549288341, 21.006823333093411 ], [ 105.671824566487004, 21.006823333093411 ], [ 105.668184318506803, 20.998520468935187 ], [ 105.65777365995325, 20.998520468935187 ], [ 105.654135560364367, 20.990217780633195 ], [ 105.643725260279609, 20.990217780633195 ], [ 105.640089308226578, 20.981915268104693 ], [ 105.629679366434289, 20.981915268104693 ], [ 105.626045561062156, 20.973612931266963 ], [ 105.615635977386077, 20.973612931266963 ], [ 105.626541684292619, 20.998520468935187 ], [ 105.61613102573908, 20.998520468935187 ], [ 105.619769480493673, 21.006823333093411 ], [ 105.598947446096332, 21.006823333093411 ], [ 105.606228289101082, 21.023429589309604 ], [ 105.59581655408293, 21.023429589309604 ], [ 105.603103839353111, 21.040036549944102 ], [ 105.613516292896733, 21.040036549944102 ], [ 105.609871395648156, 21.031732981533153 ], [ 105.630695584033361, 21.031732981533153 ], [ 105.627051759137373, 21.023429589309604 ], [ 105.637463494155526, 21.023429589309604 ] ] ], [ [ [ 105.868210182531911, 21.098166469028314 ], [ 105.847380234635679, 21.098166469028314 ], [ 105.851046690978805, 21.106471449922108 ], [ 105.861462025692092, 21.106471449922108 ], [ 105.868801057321761, 21.123081942593537 ], [ 105.879217114096392, 21.123081942593537 ], [ 105.875546337424069, 21.114776607749516 ], [ 105.885962033079508, 21.114776607749516 ], [ 105.882292695118636, 21.106471449922108 ], [ 105.871877360405364, 21.106471449922108 ], [ 105.868210182531911, 21.098166469028314 ] ] ], [ [ [ 105.900657388318464, 21.147999010055706 ], [ 105.87982310592848, 21.147999010055706 ], [ 105.883500724477528, 21.156305053796686 ], [ 105.904335730523286, 21.156305053796686 ], [ 105.900657388318464, 21.147999010055706 ] ] ], [ [ [ 105.695985670065824, 21.156305053796686 ], [ 105.703333278365207, 21.172917673657619 ], [ 105.713751505575786, 21.172917673657619 ], [ 105.710076439572944, 21.164611274969616 ], [ 105.741330034657068, 21.164611274969616 ], [ 105.73765568215731, 21.156305053796686 ], [ 105.695985670065824, 21.156305053796686 ] ] ], [ [ [ 105.866972367686444, 21.189531003911455 ], [ 105.870657913313281, 21.197837935643637 ], [ 105.881077228135979, 21.197837935643637 ], [ 105.888454458000552, 21.21445233273451 ], [ 105.898874498785631, 21.21445233273451 ], [ 105.884125804734609, 21.181224249943849 ], [ 105.873707215164117, 21.181224249943849 ], [ 105.877391319794299, 21.189531003911455 ], [ 105.866972367686444, 21.189531003911455 ] ] ], [ [ [ 105.707630419544287, 21.206145045223582 ], [ 105.714998911991401, 21.222759798259666 ], [ 105.72541931602413, 21.222759798259666 ], [ 105.721733805439243, 21.21445233273451 ], [ 105.742573887009428, 21.21445233273451 ], [ 105.738889452689563, 21.206145045223582 ], [ 105.707630419544287, 21.206145045223582 ] ] ], [ [ [ 105.805743663884499, 21.239375263685716 ], [ 105.8265859260068, 21.239375263685716 ], [ 105.819202952318633, 21.222759798259666 ], [ 105.808782548285919, 21.222759798259666 ], [ 105.812472769190308, 21.231067441882306 ], [ 105.802052001732235, 21.231067441882306 ], [ 105.805743663884499, 21.239375263685716 ] ] ], [ [ [ 105.885418141396755, 21.231067441882306 ], [ 105.895838908854813, 21.231067441882306 ], [ 105.892145780547708, 21.222759798259666 ], [ 105.871304972482278, 21.222759798259666 ], [ 105.882387595117095, 21.247683263753188 ], [ 105.892809089959115, 21.247683263753188 ], [ 105.896507274666575, 21.255991442168042 ], [ 105.906929133467358, 21.255991442168042 ], [ 105.903230584801165, 21.247683263753188 ], [ 105.913652079643199, 21.247683263753188 ], [ 105.909954974496031, 21.239375263685716 ], [ 105.889112712373702, 21.239375263685716 ], [ 105.885418141396755, 21.231067441882306 ] ] ], [ [ [ 105.844397980662706, 21.255991442168042 ], [ 105.833976121861923, 21.255991442168042 ], [ 105.837673929385588, 21.264299799013603 ], [ 105.848096152322995, 21.264299799013603 ], [ 105.851796131243816, 21.272608334373245 ], [ 105.862218718495811, 21.272608334373245 ], [ 105.858518375260402, 21.264299799013603 ], [ 105.879362821135231, 21.264299799013603 ], [ 105.875663557065039, 21.255991442168042 ], [ 105.854819839463474, 21.255991442168042 ], [ 105.851123110590976, 21.247683263753188 ], [ 105.840701615748927, 21.247683263753188 ], [ 105.844397980662706, 21.255991442168042 ] ] ], [ [ [ 105.89047146217068, 21.289225940968262 ], [ 105.900894778585894, 21.289225940968262 ], [ 105.889785044072639, 21.264299799013603 ], [ 105.879362821135231, 21.264299799013603 ], [ 105.89047146217068, 21.289225940968262 ] ] ], [ [ [ 106.032702525820085, 20.832500005645631 ], [ 106.025468967112701, 20.81590180271218 ], [ 106.035871780001941, 20.81590180271218 ], [ 106.032257325743046, 20.807602962347037 ], [ 106.011452409167788, 20.807602962347037 ], [ 106.015066154223462, 20.81590180271218 ], [ 106.004663341334222, 20.81590180271218 ], [ 106.011895480583462, 20.832500005645631 ], [ 106.001491957965158, 20.832500005645631 ], [ 106.01235250425465, 20.85739861678919 ], [ 106.022757092781916, 20.85739861678919 ], [ 106.015514230374549, 20.840799368378647 ], [ 106.025918108120393, 20.840799368378647 ], [ 106.022299003201766, 20.832500005645631 ], [ 106.032702525820085, 20.832500005645631 ] ] ], [ [ [ 105.863071271875256, 20.849098905399035 ], [ 105.883879737972947, 20.849098905399035 ], [ 105.87664968654542, 20.832500005645631 ], [ 105.866246163927116, 20.832500005645631 ], [ 105.869859941932418, 20.840799368378647 ], [ 105.859456064186546, 20.840799368378647 ], [ 105.863071271875256, 20.849098905399035 ] ] ], [ [ [ 105.777113977961292, 20.890599207696177 ], [ 105.797926002354387, 20.890599207696177 ], [ 105.790685208703863, 20.873998563008499 ], [ 105.780279908693174, 20.873998563008499 ], [ 105.783899056563698, 20.882298798002555 ], [ 105.773493400547892, 20.882298798002555 ], [ 105.777113977961292, 20.890599207696177 ] ] ], [ [ [ 105.992494993134031, 20.907200551512116 ], [ 105.988863712482257, 20.898899792171868 ], [ 105.968050975376229, 20.898899792171868 ], [ 105.97168154296358, 20.907200551512116 ], [ 105.992494993134031, 20.907200551512116 ] ] ], [ [ [ 106.137691361100678, 20.882298798002555 ], [ 106.134060109056705, 20.873998563008499 ], [ 106.123654809046016, 20.873998563008499 ], [ 106.130918392644105, 20.890599207696177 ], [ 106.120512380447536, 20.890599207696177 ], [ 106.124146503671483, 20.898899792171868 ], [ 106.103333766565456, 20.898899792171868 ], [ 106.11060596407448, 20.915501485799489 ], [ 106.121013045867727, 20.915501485799489 ], [ 106.124652190752755, 20.923802595116516 ], [ 106.135059629429904, 20.923802595116516 ], [ 106.13870092505114, 20.932103879545785 ], [ 106.14910872078805, 20.932103879545785 ], [ 106.156397410245191, 20.948706974071399 ], [ 106.166805920629585, 20.948706974071399 ], [ 106.15951651652496, 20.932103879545785 ], [ 106.169924312261884, 20.932103879545785 ], [ 106.148097017116484, 20.882298798002555 ], [ 106.137691361100678, 20.882298798002555 ] ] ], [ [ [ 105.998219261518713, 21.015126373190622 ], [ 105.977396509478339, 21.015126373190622 ], [ 105.984706786582123, 21.031732981533153 ], [ 105.995118880774726, 21.031732981533153 ], [ 105.99146248477264, 21.023429589309604 ], [ 106.001874219790793, 21.023429589309604 ], [ 105.998219261518713, 21.015126373190622 ] ] ], [ [ [ 106.036210168440419, 21.006823333093411 ], [ 106.025799151241756, 21.006823333093411 ], [ 106.029453389579288, 21.015126373190622 ], [ 106.008630637538914, 21.015126373190622 ], [ 106.012285954808945, 21.023429589309604 ], [ 106.001874219790793, 21.023429589309604 ], [ 106.009189527554142, 21.040036549944102 ], [ 106.01960198109775, 21.040036549944102 ], [ 106.03058950749481, 21.064948313129729 ], [ 106.04100304015121, 21.064948313129729 ], [ 106.044669507558496, 21.073252587118795 ], [ 106.055083400272594, 21.073252587118795 ], [ 106.044088317270891, 21.048340294625266 ], [ 106.064913943413316, 21.048340294625266 ], [ 106.057591445930385, 21.031732981533153 ], [ 106.026355163352576, 21.031732981533153 ], [ 106.022697689827112, 21.023429589309604 ], [ 106.043521159863388, 21.023429589309604 ], [ 106.036210168440419, 21.006823333093411 ] ], [ [ 106.033675504199664, 21.048340294625266 ], [ 106.030014434641373, 21.040036549944102 ], [ 106.040426888184982, 21.040036549944102 ], [ 106.044088317270891, 21.048340294625266 ], [ 106.033675504199664, 21.048340294625266 ] ] ], [ [ [ 105.73765568215731, 21.156305053796686 ], [ 105.748073185180189, 21.156305053796686 ], [ 105.751747899685114, 21.164611274969616 ], [ 105.762165764713174, 21.164611274969616 ], [ 105.769521319459386, 21.181224249943849 ], [ 105.759102729888909, 21.181224249943849 ], [ 105.762782846608133, 21.189531003911455 ], [ 105.721107038176811, 21.189531003911455 ], [ 105.724787505795689, 21.197837935643637 ], [ 105.735206820618373, 21.197837935643637 ], [ 105.738889452689563, 21.206145045223582 ], [ 105.749309130404626, 21.206145045223582 ], [ 105.752993927794478, 21.21445233273451 ], [ 105.76341396857957, 21.21445233273451 ], [ 105.767100932155017, 21.222759798259666 ], [ 105.787941740220475, 21.222759798259666 ], [ 105.784254050149741, 21.21445233273451 ], [ 105.815514172504976, 21.21445233273451 ], [ 105.819202952318633, 21.222759798259666 ], [ 105.829623356351362, 21.222759798259666 ], [ 105.83700705706795, 21.239375263685716 ], [ 105.847428188129101, 21.239375263685716 ], [ 105.851123110590976, 21.247683263753188 ], [ 105.861544605433011, 21.247683263753188 ], [ 105.854155839022567, 21.231067441882306 ], [ 105.864576606480625, 21.231067441882306 ], [ 105.860884568449549, 21.222759798259666 ], [ 105.871304972482278, 21.222759798259666 ], [ 105.856553415578631, 21.189531003911455 ], [ 105.866972367686444, 21.189531003911455 ], [ 105.859606686523648, 21.172917673657619 ], [ 105.870024913734198, 21.172917673657619 ], [ 105.862665718431785, 21.156305053796686 ], [ 105.873083221454664, 21.156305053796686 ], [ 105.869405964733488, 21.147999010055706 ], [ 105.87982310592848, 21.147999010055706 ], [ 105.87614728889254, 21.139693143663578 ], [ 105.886564068436897, 21.139693143663578 ], [ 105.88288969093098, 21.131387454537212 ], [ 105.872473272860049, 21.131387454537212 ], [ 105.868801057321761, 21.123081942593537 ], [ 105.858385000547131, 21.123081942593537 ], [ 105.862056854789131, 21.131387454537212 ], [ 105.830807600576378, 21.131387454537212 ], [ 105.827136830223253, 21.123081942593537 ], [ 105.837552886997869, 21.123081942593537 ], [ 105.833883554802355, 21.114776607749516 ], [ 105.854714946113205, 21.114776607749516 ], [ 105.851046690978805, 21.106471449922108 ], [ 105.840631356265547, 21.106471449922108 ], [ 105.829638463343457, 21.081557037709615 ], [ 105.871295475137728, 21.081557037709615 ], [ 105.874959416655642, 21.089861664985143 ], [ 105.885374030015512, 21.089861664985143 ], [ 105.889040130428128, 21.098166469028314 ], [ 105.899455104376216, 21.098166469028314 ], [ 105.910465284420269, 21.123081942593537 ], [ 105.900049227645638, 21.123081942593537 ], [ 105.903722527072816, 21.131387454537212 ], [ 105.893306109001912, 21.131387454537212 ], [ 105.900657388318464, 21.147999010055706 ], [ 105.911074529513456, 21.147999010055706 ], [ 105.925800163016504, 21.181224249943849 ], [ 105.946637342157459, 21.181224249943849 ], [ 105.942952504208137, 21.172917673657619 ], [ 105.953370731418701, 21.172917673657619 ], [ 105.949687335217973, 21.164611274969616 ], [ 105.960105200246019, 21.164611274969616 ], [ 105.956423245637652, 21.156305053796686 ], [ 105.98767575470626, 21.156305053796686 ], [ 105.983994517878429, 21.147999010055706 ], [ 105.994411659073421, 21.147999010055706 ], [ 105.990731863880526, 21.139693143663578 ], [ 106.011565422969241, 21.139693143663578 ], [ 106.015245941463419, 21.147999010055706 ], [ 106.025663082658411, 21.147999010055706 ], [ 106.021982202513612, 21.139693143663578 ], [ 106.032398982057956, 21.139693143663578 ], [ 106.028719543923884, 21.131387454537212 ], [ 106.039135961994816, 21.131387454537212 ], [ 106.035457965715807, 21.123081942593537 ], [ 106.025041908941176, 21.123081942593537 ], [ 106.021366076600046, 21.114776607749516 ], [ 106.010950380944635, 21.114776607749516 ], [ 106.003604843857332, 21.098166469028314 ], [ 105.993189869909216, 21.098166469028314 ], [ 105.989520163614429, 21.089861664985143 ], [ 105.979105550254545, 21.089861664985143 ], [ 105.975438004623413, 21.081557037709615 ], [ 105.954609498726271, 21.081557037709615 ], [ 105.950944473131699, 21.073252587118795 ], [ 105.940530580417615, 21.073252587118795 ], [ 105.929547373487495, 21.048340294625266 ], [ 105.939960186558707, 21.048340294625266 ], [ 105.936302352748811, 21.040036549944102 ], [ 105.967539713379679, 21.040036549944102 ], [ 105.963882598196918, 21.031732981533153 ], [ 105.97429469238952, 21.031732981533153 ], [ 105.966985133458167, 21.015126373190622 ], [ 105.977396509478339, 21.015126373190622 ], [ 105.973744065248397, 21.006823333093411 ], [ 105.98415508244706, 21.006823333093411 ], [ 105.980504075113231, 20.998520468935187 ], [ 105.990914733666784, 20.998520468935187 ], [ 105.987265163077126, 20.990217780633195 ], [ 106.028906363416212, 20.990217780633195 ], [ 106.025257154541549, 20.981915268104693 ], [ 106.035667096333853, 20.981915268104693 ], [ 106.032019324428802, 20.973612931266963 ], [ 106.042428908104867, 20.973612931266963 ], [ 106.038782573017912, 20.965310770037288 ], [ 106.049191798753952, 20.965310770037288 ], [ 106.04554690033379, 20.957008784332988 ], [ 106.066364636278109, 20.957008784332988 ], [ 106.062720816785827, 20.948706974071399 ], [ 106.083537837554573, 20.948706974071399 ], [ 106.087182372222415, 20.957008784332988 ], [ 106.097591240194575, 20.957008784332988 ], [ 106.086661946366561, 20.932103879545785 ], [ 106.097069742103486, 20.932103879545785 ], [ 106.093429874721366, 20.923802595116516 ], [ 106.114244752075649, 20.923802595116516 ], [ 106.11060596407448, 20.915501485799489 ], [ 106.079384718694698, 20.915501485799489 ], [ 106.075748793815933, 20.907200551512116 ], [ 106.0653420687307, 20.907200551512116 ], [ 106.061708292353373, 20.898899792171868 ], [ 106.051301923800352, 20.898899792171868 ], [ 106.036786150577285, 20.865698502631528 ], [ 106.047191094758489, 20.865698502631528 ], [ 106.043566269836418, 20.85739861678919 ], [ 106.022757092781916, 20.85739861678919 ], [ 106.030007108949789, 20.873998563008499 ], [ 106.019601808939086, 20.873998563008499 ], [ 106.034121893475003, 20.907200551512116 ], [ 106.023715168389757, 20.907200551512116 ], [ 106.027349309728407, 20.915501485799489 ], [ 106.006535146141886, 20.915501485799489 ], [ 106.002901718219277, 20.907200551512116 ], [ 105.992494993134031, 20.907200551512116 ], [ 105.996128064348625, 20.915501485799489 ], [ 105.985720982555364, 20.915501485799489 ], [ 105.989355487950021, 20.923802595116516 ], [ 105.968540610595738, 20.923802595116516 ], [ 105.964906818968842, 20.915501485799489 ], [ 105.954499737175581, 20.915501485799489 ], [ 105.95813317191859, 20.923802595116516 ], [ 105.947725733241455, 20.923802595116516 ], [ 105.951360601786675, 20.932103879545785 ], [ 105.940952806049751, 20.932103879545785 ], [ 105.944589108546879, 20.940405339169878 ], [ 105.92377280260159, 20.940405339169878 ], [ 105.920137214575945, 20.932103879545785 ], [ 105.909729418839021, 20.932103879545785 ], [ 105.891580112123378, 20.890599207696177 ], [ 105.901986124319933, 20.890599207696177 ], [ 105.898361272737418, 20.882298798002555 ], [ 105.908766928753224, 20.882298798002555 ], [ 105.905143508821482, 20.873998563008499 ], [ 105.925954108842859, 20.873998563008499 ], [ 105.918711207509304, 20.85739861678919 ], [ 105.866688264873005, 20.85739861678919 ], [ 105.863071271875256, 20.849098905399035 ], [ 105.852667038826439, 20.849098905399035 ], [ 105.849052186440673, 20.840799368378647 ], [ 105.838648308694815, 20.840799368378647 ], [ 105.842262805777594, 20.849098905399035 ], [ 105.821454339679946, 20.849098905399035 ], [ 105.828687266953366, 20.865698502631528 ], [ 105.818282322772163, 20.865698502631528 ], [ 105.821901108735943, 20.873998563008499 ], [ 105.811495808725255, 20.873998563008499 ], [ 105.807877378590959, 20.865698502631528 ], [ 105.787067490228566, 20.865698502631528 ], [ 105.790685208703863, 20.873998563008499 ], [ 105.801090508714566, 20.873998563008499 ], [ 105.804710368595266, 20.882298798002555 ], [ 105.825521680626863, 20.882298798002555 ], [ 105.832768184187003, 20.898899792171868 ], [ 105.822361815633982, 20.898899792171868 ], [ 105.818738026747496, 20.890599207696177 ], [ 105.797926002354387, 20.890599207696177 ], [ 105.801549078527941, 20.898899792171868 ], [ 105.811955447080962, 20.898899792171868 ], [ 105.815580666685022, 20.907200551512116 ], [ 105.825987391770255, 20.907200551512116 ], [ 105.829614755656465, 20.915501485799489 ], [ 105.819207673863204, 20.915501485799489 ], [ 105.822836469115842, 20.923802595116516 ], [ 105.78120671440729, 20.923802595116516 ], [ 105.784835869996044, 20.932103879545785 ], [ 105.764020278522224, 20.932103879545785 ], [ 105.760391837053021, 20.923802595116516 ], [ 105.749984398375872, 20.923802595116516 ], [ 105.742733591088367, 20.907200551512116 ], [ 105.732326866003149, 20.907200551512116 ], [ 105.739576959698752, 20.923802595116516 ], [ 105.729169521021618, 20.923802595116516 ], [ 105.72554393772387, 20.915501485799489 ], [ 105.715136855930609, 20.915501485799489 ], [ 105.711513415832655, 20.907200551512116 ], [ 105.690699965662176, 20.907200551512116 ], [ 105.694322692344087, 20.915501485799489 ], [ 105.663101446964319, 20.915501485799489 ], [ 105.659479790406479, 20.907200551512116 ], [ 105.649073065321247, 20.907200551512116 ], [ 105.645453550232688, 20.898899792171868 ], [ 105.603828076020619, 20.898899792171868 ], [ 105.600211770619893, 20.890599207696177 ], [ 105.589805758423338, 20.890599207696177 ], [ 105.578968606604633, 20.865698502631528 ], [ 105.568563662423443, 20.865698502631528 ], [ 105.572173908479343, 20.873998563008499 ], [ 105.561768608468654, 20.873998563008499 ], [ 105.565380280232006, 20.882298798002555 ], [ 105.544568968200423, 20.882298798002555 ], [ 105.548181709637134, 20.890599207696177 ], [ 105.558587721833675, 20.890599207696177 ], [ 105.565819264639345, 20.907200551512116 ], [ 105.576225989724577, 20.907200551512116 ], [ 105.579844792618232, 20.915501485799489 ], [ 105.590251874411493, 20.915501485799489 ], [ 105.601120060449617, 20.940405339169878 ], [ 105.611528213422261, 20.940405339169878 ], [ 105.607903342468518, 20.932103879545785 ], [ 105.639126729679248, 20.932103879545785 ], [ 105.642752672340194, 20.940405339169878 ], [ 105.663568978285483, 20.940405339169878 ], [ 105.667197422179555, 20.948706974071399 ], [ 105.677605932563935, 20.948706974071399 ], [ 105.681236521308307, 20.957008784332988 ], [ 105.691645389280467, 20.957008784332988 ], [ 105.706187060788253, 20.990217780633195 ], [ 105.695776760703467, 20.990217780633195 ], [ 105.703057618083022, 21.006823333093411 ], [ 105.692646600884359, 21.006823333093411 ], [ 105.69628935693332, 21.015126373190622 ], [ 105.685877980913119, 21.015126373190622 ], [ 105.689522169246274, 21.023429589309604 ], [ 105.679110434228122, 21.023429589309604 ], [ 105.682756054996418, 21.031732981533153 ], [ 105.651519772418595, 21.031732981533153 ], [ 105.647875229173678, 21.023429589309604 ], [ 105.637463494155526, 21.023429589309604 ], [ 105.652050979841903, 21.056644215659521 ], [ 105.66246415261736, 21.056644215659521 ], [ 105.666115864520705, 21.064948313129729 ], [ 105.67652939717712, 21.064948313129729 ], [ 105.694816670279749, 21.106471449922108 ], [ 105.684401335566477, 21.106471449922108 ], [ 105.669769369851323, 21.073252587118795 ], [ 105.638527691709058, 21.073252587118795 ], [ 105.634875266551489, 21.064948313129729 ], [ 105.624461733895089, 21.064948313129729 ], [ 105.628113798994974, 21.073252587118795 ], [ 105.607286013566792, 21.073252587118795 ], [ 105.614594082658343, 21.089861664985143 ], [ 105.625008696018241, 21.089861664985143 ], [ 105.628665781725388, 21.098166469028314 ], [ 105.639080755673504, 21.098166469028314 ], [ 105.646401033004665, 21.114776607749516 ], [ 105.635985337349226, 21.114776607749516 ], [ 105.639647808279946, 21.123081942593537 ], [ 105.629231751505316, 21.123081942593537 ], [ 105.632895657228829, 21.131387454537212 ], [ 105.674561329512528, 21.131387454537212 ], [ 105.678228477549652, 21.139693143663578 ], [ 105.699062036638395, 21.139693143663578 ], [ 105.688063815626364, 21.114776607749516 ], [ 105.698479511281789, 21.114776607749516 ], [ 105.702144148927715, 21.123081942593537 ], [ 105.722976262476948, 21.123081942593537 ], [ 105.719310902592639, 21.114776607749516 ], [ 105.740142293903503, 21.114776607749516 ], [ 105.743808376026223, 21.123081942593537 ], [ 105.754224432800839, 21.123081942593537 ], [ 105.757892674079912, 21.131387454537212 ], [ 105.768309092150844, 21.131387454537212 ], [ 105.775651693978531, 21.147999010055706 ], [ 105.765234552783539, 21.147999010055706 ], [ 105.761562713904567, 21.139693143663578 ], [ 105.740729154815838, 21.139693143663578 ], [ 105.744400270393541, 21.147999010055706 ], [ 105.733983129198549, 21.147999010055706 ], [ 105.73765568215731, 21.156305053796686 ] ], [ [ 105.806903117563508, 21.147999010055706 ], [ 105.810578203317434, 21.156305053796686 ], [ 105.831413209363177, 21.156305053796686 ], [ 105.835090819909482, 21.164611274969616 ], [ 105.824672954881436, 21.164611274969616 ], [ 105.828352004891954, 21.172917673657619 ], [ 105.807515550470825, 21.172917673657619 ], [ 105.803837224825344, 21.164611274969616 ], [ 105.793419359797298, 21.164611274969616 ], [ 105.789743197271676, 21.156305053796686 ], [ 105.779325694248811, 21.156305053796686 ], [ 105.775651693978531, 21.147999010055706 ], [ 105.806903117563508, 21.147999010055706 ] ], [ [ 105.827737399953506, 21.147999010055706 ], [ 105.838154541148498, 21.147999010055706 ], [ 105.841830712386056, 21.156305053796686 ], [ 105.831413209363177, 21.156305053796686 ], [ 105.827737399953506, 21.147999010055706 ] ] ], [ [ [ 106.096738971128943, 21.073252587118795 ], [ 106.104080910573231, 21.089861664985143 ], [ 106.124910137293028, 21.089861664985143 ], [ 106.121237545903355, 21.081557037709615 ], [ 106.110823292954791, 21.081557037709615 ], [ 106.103484236089642, 21.064948313129729 ], [ 106.093070703433227, 21.064948313129729 ], [ 106.089404236411312, 21.056644215659521 ], [ 106.078991063635854, 21.056644215659521 ], [ 106.082657170776812, 21.064948313129729 ], [ 106.061830105463997, 21.064948313129729 ], [ 106.065497292986663, 21.073252587118795 ], [ 106.055083400272594, 21.073252587118795 ], [ 106.058752028211941, 21.081557037709615 ], [ 106.048337775263377, 21.081557037709615 ], [ 106.052007843773779, 21.089861664985143 ], [ 106.072837070493549, 21.089861664985143 ], [ 106.069166281160506, 21.081557037709615 ], [ 106.089994787057648, 21.081557037709615 ], [ 106.086325078414845, 21.073252587118795 ], [ 106.096738971128943, 21.073252587118795 ] ] ], [ [ [ 106.006680763469092, 21.081557037709615 ], [ 105.985852257571977, 21.081557037709615 ], [ 105.989520163614429, 21.089861664985143 ], [ 106.010349390334213, 21.089861664985143 ], [ 106.006680763469092, 21.081557037709615 ] ] ], [ [ [ 105.896377728734919, 21.114776607749516 ], [ 105.885962033079508, 21.114776607749516 ], [ 105.889633170871022, 21.123081942593537 ], [ 105.900049227645638, 21.123081942593537 ], [ 105.896377728734919, 21.114776607749516 ] ] ], [ [ [ 106.063649320691042, 21.139693143663578 ], [ 106.067331647438394, 21.147999010055706 ], [ 106.056914506243402, 21.147999010055706 ], [ 106.060598275866369, 21.156305053796686 ], [ 106.039763269820625, 21.156305053796686 ], [ 106.036080223853389, 21.147999010055706 ], [ 106.025663082658411, 21.147999010055706 ], [ 106.029345766797761, 21.156305053796686 ], [ 106.018928263774896, 21.156305053796686 ], [ 106.022612390414295, 21.164611274969616 ], [ 106.012194525386249, 21.164611274969616 ], [ 106.019567469150786, 21.181224249943849 ], [ 106.029986058721263, 21.181224249943849 ], [ 106.041060106427039, 21.206145045223582 ], [ 106.082738817287378, 21.206145045223582 ], [ 106.086435232917111, 21.21445233273451 ], [ 106.096855273702189, 21.21445233273451 ], [ 106.09315849500247, 21.206145045223582 ], [ 106.124417528147717, 21.206145045223582 ], [ 106.120721469057756, 21.197837935643637 ], [ 106.110302154235072, 21.197837935643637 ], [ 106.106608266166617, 21.189531003911455 ], [ 106.096189314058776, 21.189531003911455 ], [ 106.074066100235413, 21.139693143663578 ], [ 106.063649320691042, 21.139693143663578 ] ] ], [ [ [ 105.950323984549115, 21.189531003911455 ], [ 105.939905032441288, 21.189531003911455 ], [ 105.943593117072098, 21.197837935643637 ], [ 105.964431746717466, 21.197837935643637 ], [ 105.960742936656956, 21.189531003911455 ], [ 105.971161888764797, 21.189531003911455 ], [ 105.967474521298399, 21.181224249943849 ], [ 105.946637342157459, 21.181224249943849 ], [ 105.950323984549115, 21.189531003911455 ] ] ], [ [ [ 106.123753364855517, 21.181224249943849 ], [ 106.11333477528504, 21.181224249943849 ], [ 106.120721469057756, 21.197837935643637 ], [ 106.13114078388044, 21.197837935643637 ], [ 106.123753364855517, 21.181224249943849 ] ] ] ] } },
{ "type": "Feature", "properties": { "zone_id": 18, "zone_type": "urban", "area_km2": 25.0, "centroid_lon": 105.376945, "centroid_lat": 21.247683, "urban_pixels": 25, "rural_pixels": 138, "urban_mean_C": 31.84, "rural_mean_C": 31.86, "suhi_C": -0.02 }, "geometry": { "type": "Polygon", "coordinates": [ [ [ 105.358251674264778, 21.264299799013603 ], [ 105.339864366813302, 21.222759798259666 ], [ 105.371125578911489, 21.222759798259666 ], [ 105.367452418746467, 21.21445233273451 ], [ 105.377872459531559, 21.21445233273451 ], [ 105.381545982944218, 21.222759798259666 ], [ 105.391966386976932, 21.222759798259666 ], [ 105.395642070867709, 21.231067441882306 ], [ 105.406062838325781, 21.231067441882306 ], [ 105.409740683560685, 21.239375263685716 ], [ 105.39931955249952, 21.239375263685716 ], [ 105.406679911030182, 21.255991442168042 ], [ 105.385836193428645, 21.255991442168042 ], [ 105.389518343077015, 21.264299799013603 ], [ 105.358251674264778, 21.264299799013603 ] ] ] } },
{ "type": "Feature", "properties": { "zone_id": 19, "zone_type": "urban", "area_km2": 16.0, "centroid_lon": 105.459395, "centroid_lat": 21.210299, "urban_pixels": 16, "rural_pixels": 102, "urban_mean_C": 32.18, "rural_mean_C": 31.87, "suhi_C": 0.31 }, "geometry": { "type": "Polygon", "coordinates": [ [ [ 105.464909215206006, 21.222759798259666 ], [ 105.4612327858122, 21.21445233273451 ], [ 105.450812745027122, 21.21445233273451 ], [ 105.447138476667149, 21.206145045223582 ], [ 105.436718798952072, 21.206145045223582 ], [ 105.440392704242043, 21.21445233273451 ], [ 105.429972663456965, 21.21445233273451 ], [ 105.42629912123698, 21.206145045223582 ], [ 105.415879443521902, 21.206145045223582 ], [ 105.419552622671873, 21.21445233273451 ], [ 105.409132581886794, 21.21445233273451 ], [ 105.401788746292411, 21.197837935643637 ], [ 105.412208061115109, 21.197837935643637 ], [ 105.408538474941821, 21.189531003911455 ], [ 105.460633235480998, 21.189531003911455 ], [ 105.46430463522853, 21.197837935643637 ], [ 105.474723950051214, 21.197837935643637 ], [ 105.47839750981241, 21.206145045223582 ], [ 105.467977832097318, 21.206145045223582 ], [ 105.475329619238735, 21.222759798259666 ], [ 105.464909215206006, 21.222759798259666 ] ], [ [ 105.447138476667149, 21.206145045223582 ], [ 105.457558154382241, 21.206145045223582 ], [ 105.453885320405846, 21.197837935643637 ], [ 105.443466005583161, 21.197837935643637 ], [ 105.447138476667149, 21.206145045223582 ] ] ] } },
{ "type": "Feature", "properties": { "zone_id": 20, "zone_type": "urban", "area_km2": 23.0, "centroid_lon": 105.658288, "centroid_lat": 21.177071, "urban_pixels": 23, "rural_pixels": 87, "urban_mean_C": 31.63, "rural_mean_C": 32.33, "suhi_C": -0.7 }, "geometry": { "type": "MultiPolygon", "coordinates": [ [ [ [ 105.644498244613686, 21.181224249943849 ], [ 105.64817437342198, 21.189531003911455 ], [ 105.669012277637648, 21.189531003911455 ], [ 105.665335423754641, 21.181224249943849 ], [ 105.686172602895581, 21.181224249943849 ], [ 105.682496823944078, 21.172917673657619 ], [ 105.692915051154642, 21.172917673657619 ], [ 105.689240709516852, 21.164611274969616 ], [ 105.678822844488806, 21.164611274969616 ], [ 105.67515066402008, 21.156305053796686 ], [ 105.654315657974337, 21.156305053796686 ], [ 105.661660369522963, 21.172917673657619 ], [ 105.630405687891269, 21.172917673657619 ], [ 105.634079655043223, 21.181224249943849 ], [ 105.644498244613686, 21.181224249943849 ] ] ], [ [ [ 105.581986707190836, 21.181224249943849 ], [ 105.589336413100767, 21.197837935643637 ], [ 105.578917098278069, 21.197837935643637 ], [ 105.586273275233182, 21.21445233273451 ], [ 105.596693316018275, 21.21445233273451 ], [ 105.593013964678363, 21.206145045223582 ], [ 105.603433642393441, 21.206145045223582 ], [ 105.596079612882818, 21.189531003911455 ], [ 105.616917517098486, 21.189531003911455 ], [ 105.624272997823624, 21.206145045223582 ], [ 105.634692675538687, 21.206145045223582 ], [ 105.627336469206313, 21.189531003911455 ], [ 105.637755421314139, 21.189531003911455 ], [ 105.634079655043223, 21.181224249943849 ], [ 105.581986707190836, 21.181224249943849 ] ] ] ] } },
{ "type": "Feature", "properties": { "zone_id": 21, "zone_type": "urban", "area_km2": 10.0, "centroid_lon": 105.992326, "centroid_lat": 21.201991, "urban_pixels": 10, "rural_pixels": 76, "urban_mean_C": 36.95, "rural_mean_C": 32.93, "suhi_C": 4.03 }, "geometry": { "type": "Polygon", "coordinates": [ [ [ 105.982234825066286, 21.21445233273451 ], [ 105.97485106154015, 21.197837935643637 ], [ 105.985270376362848, 21.197837935643637 ], [ 105.981580840872624, 21.189531003911455 ], [ 106.002418745088278, 21.189531003911455 ], [ 105.998730290009817, 21.181224249943849 ], [ 106.009148879580309, 21.181224249943849 ], [ 106.012837697196119, 21.189531003911455 ], [ 106.023256649303946, 21.189531003911455 ], [ 106.026947635653585, 21.197837935643637 ], [ 106.006109006008202, 21.197837935643637 ], [ 106.009801073281778, 21.206145045223582 ], [ 105.999381395566687, 21.206145045223582 ], [ 106.003074906636456, 21.21445233273451 ], [ 105.982234825066286, 21.21445233273451 ] ] ] } },
{ "type": "Feature", "properties": { "zone_id": 22, "zone_type": "urban", "area_km2": 16.0, "centroid_lon": 106.124947, "centroid_lat": 21.160458, "urban_pixels": 16, "rural_pixels": 113, "urban_mean_C": 35.84, "rural_mean_C": 31.63, "suhi_C": 4.2 }, "geometry": { "type": "Polygon", "coordinates": [ [ [ 106.099225912366578, 21.172917673657619 ], [ 106.088165929828378, 21.147999010055706 ], [ 106.109000212218362, 21.147999010055706 ], [ 106.105316438868485, 21.139693143663578 ], [ 106.115733218412856, 21.139693143663578 ], [ 106.119417353413368, 21.147999010055706 ], [ 106.171503059388328, 21.147999010055706 ], [ 106.175190809117964, 21.156305053796686 ], [ 106.154355803072235, 21.156305053796686 ], [ 106.158044635778893, 21.164611274969616 ], [ 106.105955310638649, 21.164611274969616 ], [ 106.109644139577142, 21.172917673657619 ], [ 106.099225912366578, 21.172917673657619 ] ] ] } },
{ "type": "Feature", "properties": { "zone_id": 23, "zone_type": "urban", "area_km2": 10.0, "centroid_lon": 106.396331, "centroid_lat": 21.114777, "urban_pixels": 10, "rural_pixels": 181, "urban_mean_C": 36.8, "rural_mean_C": 31.25, "suhi_C": 5.54 }, "geometry": { "type": "Polygon", "coordinates": [ [ [ 106.382877758335283, 21.131387454537212 ], [ 106.379187839278558, 21.123081942593537 ], [ 106.38960389605316, 21.123081942593537 ], [ 106.382228761355663, 21.106471449922108 ], [ 106.361398091929118, 21.106471449922108 ], [ 106.357713958093044, 21.098166469028314 ], [ 106.399373853885493, 21.098166469028314 ], [ 106.410436009602435, 21.123081942593537 ], [ 106.40001995282779, 21.123081942593537 ], [ 106.403710594477118, 21.131387454537212 ], [ 106.382877758335283, 21.131387454537212 ] ] ] } },
{ "type": "Feature", "properties": { "zone_id": 24, "zone_type": "urban", "area_km2": 11.0, "centroid_lon": 106.080246, "centroid_lat": 21.035885, "urban_pixels": 11, "rural_pixels": 108, "urban_mean_C": 33.04, "rural_mean_C": 31.03, "suhi_C": 2.01 }, "geometry": { "type": "MultiPolygon", "coordinates": [ [ [ [ 106.088827728508235, 21.031732981533153 ], [ 106.099239822700838, 21.031732981533153 ], [ 106.095579834954151, 21.023429589309604 ], [ 106.07475636491786, 21.023429589309604 ], [ 106.078415634315618, 21.031732981533153 ], [ 106.068003540123016, 21.031732981533153 ], [ 106.071664248815836, 21.040036549944102 ], [ 106.092489155903067, 21.040036549944102 ], [ 106.088827728508235, 21.031732981533153 ] ] ], [ [ [ 106.127390821840606, 21.048340294625266 ], [ 106.123726516533907, 21.040036549944102 ], [ 106.092489155903067, 21.040036549944102 ], [ 106.099817409186784, 21.056644215659521 ], [ 106.120643754737699, 21.056644215659521 ], [ 106.116978008769394, 21.048340294625266 ], [ 106.127390821840606, 21.048340294625266 ] ] ], [ [ [ 106.138394541985278, 21.073252587118795 ], [ 106.131056927513171, 21.056644215659521 ], [ 106.120643754737699, 21.056644215659521 ], [ 106.127980649271194, 21.073252587118795 ], [ 106.138394541985278, 21.073252587118795 ] ] ] ] } },
{ "type": "Feature", "properties": { "zone_id": 25, "zone_type": "urban", "area_km2": 12.0, "centroid_lon": 106.280212, "centroid_lat": 21.052492, "urban_pixels": 12, "rural_pixels": 103, "urban_mean_C": 31.49, "rural_mean_C": 31.07, "suhi_C": 0.42 }, "geometry": { "type": "Polygon", "coordinates": [ [ [ 106.284189039982522, 21.073252587118795 ], [ 106.269500866144526, 21.040036549944102 ], [ 106.259088412600917, 21.040036549944102 ], [ 106.25175586022641, 21.023429589309604 ], [ 106.262167595244563, 21.023429589309604 ], [ 106.265833329782609, 21.031732981533153 ], [ 106.276245423975226, 21.031732981533153 ], [ 106.279913319688148, 21.040036549944102 ], [ 106.290325773231757, 21.040036549944102 ], [ 106.282991065280854, 21.023429589309604 ], [ 106.293402800299006, 21.023429589309604 ], [ 106.308080864696024, 21.056644215659521 ], [ 106.297667691920566, 21.056644215659521 ], [ 106.29399583098008, 21.048340294625266 ], [ 106.283583017908882, 21.048340294625266 ], [ 106.294602932696606, 21.073252587118795 ], [ 106.284189039982522, 21.073252587118795 ] ] ] } },
{ "type": "Feature", "properties": { "zone_id": 26, "zone_type": "urban", "area_km2": 33.0, "centroid_lon": 106.587395, "centroid_lat": 21.052492, "urban_pixels": 33, "rural_pixels": 261, "urban_mean_C": 37.8, "rural_mean_C": 31.34, "suhi_C": 6.46 }, "geometry": { "type": "MultiPolygon", "coordinates": [ [ [ [ 106.564107910770929, 21.023429589309604 ], [ 106.574519645789081, 21.023429589309604 ], [ 106.567172045572534, 21.006823333093411 ], [ 106.546350011175178, 21.006823333093411 ], [ 106.542679637004795, 20.998520468935187 ], [ 106.532268978451256, 20.998520468935187 ], [ 106.535938993976515, 21.006823333093411 ], [ 106.525527976777852, 21.006823333093411 ], [ 106.529199438548233, 21.015126373190622 ], [ 106.53961081456842, 21.015126373190622 ], [ 106.543284440734624, 21.023429589309604 ], [ 106.553696175752776, 21.023429589309604 ], [ 106.557371967175698, 21.031732981533153 ], [ 106.567784061368314, 21.031732981533153 ], [ 106.564107910770929, 21.023429589309604 ] ] ], [ [ [ 106.571462018909401, 21.040036549944102 ], [ 106.561049565365778, 21.040036549944102 ], [ 106.564728970831709, 21.048340294625266 ], [ 106.554316157760496, 21.048340294625266 ], [ 106.561679672971351, 21.064948313129729 ], [ 106.551266140314951, 21.064948313129729 ], [ 106.554950250548814, 21.073252587118795 ], [ 106.61743360683333, 21.073252587118795 ], [ 106.610062875184425, 21.056644215659521 ], [ 106.620476047959897, 21.056644215659521 ], [ 106.616793036187801, 21.048340294625266 ], [ 106.606380223116588, 21.048340294625266 ], [ 106.599020343946137, 21.031732981533153 ], [ 106.567784061368314, 21.031732981533153 ], [ 106.571462018909401, 21.040036549944102 ] ] ] ] } },
{ "type": "Feature", "properties": { "zone_id": 27, "zone_type": "urban", "area_km2": 10.0, "centroid_lon": 106.146384, "centroid_lat": 21.044188, "urban_pixels": 10, "rural_pixels": 108, "urban_mean_C": 31.48, "rural_mean_C": 30.98, "suhi_C": 0.5 }, "geometry": { "type": "MultiPolygon", "coordinates": [ [ [ [ 106.154963877164761, 21.040036549944102 ], [ 106.175788784251992, 21.040036549944102 ], [ 106.172124482049099, 21.031732981533153 ], [ 106.140888199471291, 21.031732981533153 ], [ 106.144551423621138, 21.040036549944102 ], [ 106.13413897007753, 21.040036549944102 ], [ 106.141470100288629, 21.056644215659521 ], [ 106.151883273064101, 21.056644215659521 ], [ 106.14821644798306, 21.048340294625266 ], [ 106.158629261054259, 21.048340294625266 ], [ 106.154963877164761, 21.040036549944102 ] ] ], [ [ [ 106.162296445839559, 21.056644215659521 ], [ 106.172709618615016, 21.056644215659521 ], [ 106.176378964684446, 21.064948313129729 ], [ 106.186792497340832, 21.064948313129729 ], [ 106.183122791390474, 21.056644215659521 ], [ 106.193535964165932, 21.056644215659521 ], [ 106.189867700267911, 21.048340294625266 ], [ 106.158629261054259, 21.048340294625266 ], [ 106.162296445839559, 21.056644215659521 ] ] ] ] } },
{ "type": "Feature", "properties": { "zone_id": 28, "zone_type": "urban", "area_km2": 17.0, "centroid_lon": 106.76225, "centroid_lat": 21.035885, "urban_pixels": 17, "rural_pixels": 306, "urban_mean_C": 35.07, "rural_mean_C": 31.39, "suhi_C": 3.68 }, "geometry": { "type": "Polygon", "coordinates": [ [ [ 106.752159606113608, 21.048340294625266 ], [ 106.748473729150874, 21.040036549944102 ], [ 106.727648822063628, 21.040036549944102 ], [ 106.720283936043174, 21.023429589309604 ], [ 106.730695671061326, 21.023429589309604 ], [ 106.734377568450071, 21.031732981533153 ], [ 106.755201756835305, 21.031732981533153 ], [ 106.751519141097646, 21.023429589309604 ], [ 106.803577816188394, 21.023429589309604 ], [ 106.807262227798361, 21.031732981533153 ], [ 106.79685013360573, 21.031732981533153 ], [ 106.800535996868945, 21.040036549944102 ], [ 106.790123543325322, 21.040036549944102 ], [ 106.793810858398473, 21.048340294625266 ], [ 106.752159606113608, 21.048340294625266 ] ] ] } },
{ "type": "Feature", "properties": { "zone_id": 29, "zone_type": "urban", "area_km2": 31.0, "centroid_lon": 107.357251, "centroid_lat": 21.027581, "urban_pixels": 24, "rural_pixels": 261, "urban_mean_C": 34.96, "rural_mean_C": 31.41, "suhi_C": 3.55 }, "geometry": { "type": "Polygon", "coordinates": [ [ [ 107.352396034680581, 21.040036549944102 ], [ 107.341286768122785, 21.015126373190622 ], [ 107.330875392102584, 21.015126373190622 ], [ 107.32717630107534, 21.006823333093411 ], [ 107.306354266677999, 21.006823333093411 ], [ 107.310052640062224, 21.015126373190622 ], [ 107.237173007920916, 21.015126373190622 ], [ 107.233477146287314, 21.006823333093411 ], [ 107.243888163485977, 21.006823333093411 ], [ 107.240193760092481, 20.998520468935187 ], [ 107.292247052860219, 20.998520468935187 ], [ 107.288552673673792, 20.990217780633195 ], [ 107.298962973758563, 20.990217780633195 ], [ 107.302657711413758, 20.998520468935187 ], [ 107.313068369967326, 20.998520468935187 ], [ 107.309373273843349, 20.990217780633195 ], [ 107.340604174097663, 20.990217780633195 ], [ 107.344300345627943, 20.998520468935187 ], [ 107.35471100418151, 20.998520468935187 ], [ 107.373220941767826, 21.040036549944102 ], [ 107.352396034680581, 21.040036549944102 ] ] ] } },
{ "type": "Feature", "properties": { "zone_id": 30, "zone_type": "urban", "area_km2": 13.0, "centroid_lon": 106.428162, "centroid_lat": 20.99852, "urban_pixels": 13, "rural_pixels": 103, "urban_mean_C": 32.87, "rural_mean_C": 31.71, "suhi_C": 1.16 }, "geometry": { "type": "Polygon", "coordinates": [ [ [ 106.425085678346377, 21.015126373190622 ], [ 106.414087466552829, 20.990217780633195 ], [ 106.403677166468057, 20.990217780633195 ], [ 106.400015059064231, 20.981915268104693 ], [ 106.389605117271927, 20.981915268104693 ], [ 106.385945169415109, 20.973612931266963 ], [ 106.427583504119383, 20.973612931266963 ], [ 106.42392392525133, 20.965310770037288 ], [ 106.434333150987371, 20.965310770037288 ], [ 106.441654826233417, 20.981915268104693 ], [ 106.420834942648824, 20.981915268104693 ], [ 106.424497766637614, 20.990217780633195 ], [ 106.434908066722372, 20.990217780633195 ], [ 106.442239839188488, 21.006823333093411 ], [ 106.431828821989825, 21.006823333093411 ], [ 106.435497054366564, 21.015126373190622 ], [ 106.425085678346377, 21.015126373190622 ] ] ] } },
{ "type": "Feature", "properties": { "zone_id": 31, "zone_type": "urban", "area_km2": 20.0, "centroid_lon": 106.550666, "centroid_lat": 20.969462, "urban_pixels": 20, "rural_pixels": 113, "urban_mean_C": 33.09, "rural_mean_C": 32.12, "suhi_C": 0.97 }, "geometry": { "type": "Polygon", "coordinates": [ [ [ 106.553090295558334, 20.998520468935187 ], [ 106.549421367654887, 20.990217780633195 ], [ 106.539011067570101, 20.990217780633195 ], [ 106.520695273698337, 20.948706974071399 ], [ 106.531103784082717, 20.948706974071399 ], [ 106.527445675014974, 20.940405339169878 ], [ 106.548261980960277, 20.940405339169878 ], [ 106.555581430969482, 20.957008784332988 ], [ 106.576399166913788, 20.957008784332988 ], [ 106.580062311291897, 20.965310770037288 ], [ 106.569653085555856, 20.965310770037288 ], [ 106.580652267909201, 20.990217780633195 ], [ 106.559831667739658, 20.990217780633195 ], [ 106.563500954111902, 20.998520468935187 ], [ 106.553090295558334, 20.998520468935187 ] ], [ [ 106.545754244156385, 20.981915268104693 ], [ 106.566574127740992, 20.981915268104693 ], [ 106.562908091908284, 20.973612931266963 ], [ 106.54208892455614, 20.973612931266963 ], [ 106.545754244156385, 20.981915268104693 ] ], [ [ 106.538425408347749, 20.965310770037288 ], [ 106.548834634083789, 20.965310770037288 ], [ 106.545172562997323, 20.957008784332988 ], [ 106.534763695025177, 20.957008784332988 ], [ 106.538425408347749, 20.965310770037288 ] ] ] } },
{ "type": "Feature", "properties": { "zone_id": 32, "zone_type": "urban", "area_km2": 19.0, "centroid_lon": 107.032551, "centroid_lat": 20.952858, "urban_pixels": 14, "rural_pixels": 188, "urban_mean_C": 35.01, "rural_mean_C": 31.91, "suhi_C": 3.1 }, "geometry": { "type": "MultiPolygon", "coordinates": [ [ [ [ 107.038068243677557, 20.965310770037288 ], [ 107.034389357688696, 20.957008784332988 ], [ 107.044798225660855, 20.957008784332988 ], [ 107.048477469413598, 20.965310770037288 ], [ 107.058886695149624, 20.965310770037288 ], [ 107.047853323647175, 20.940405339169878 ], [ 107.037445170674545, 20.940405339169878 ], [ 107.041120792917113, 20.948706974071399 ], [ 107.009895261763987, 20.948706974071399 ], [ 107.013571621744376, 20.957008784332988 ], [ 107.003162753772216, 20.957008784332988 ], [ 107.00684056646945, 20.965310770037288 ], [ 107.038068243677557, 20.965310770037288 ] ] ], [ [ [ 106.996431340733409, 20.965310770037288 ], [ 107.000110606303124, 20.973612931266963 ], [ 106.98970102262706, 20.973612931266963 ], [ 106.99338174122515, 20.981915268104693 ], [ 106.982971799432846, 20.981915268104693 ], [ 106.986653971215375, 20.990217780633195 ], [ 107.038705471639233, 20.990217780633195 ], [ 107.031339357331333, 20.973612931266963 ], [ 107.010520189979189, 20.973612931266963 ], [ 107.00684056646945, 20.965310770037288 ], [ 106.996431340733409, 20.965310770037288 ] ] ] ] } },
{ "type": "Feature", "properties": { "zone_id": 33, "zone_type": "urban", "area_km2": 32.0, "centroid_lon": 107.119501, "centroid_lat": 20.96116, "urban_pixels": 27, "rural_pixels": 154, "urban_mean_C": 35.68, "rural_mean_C": 31.95, "suhi_C": 3.73 }, "geometry": { "type": "Polygon", "coordinates": [ [ [ 107.076661275563509, 20.981915268104693 ], [ 107.061937813685873, 20.948706974071399 ], [ 107.103571855223365, 20.948706974071399 ], [ 107.09989408851041, 20.940405339169878 ], [ 107.120710394455699, 20.940405339169878 ], [ 107.117033724321061, 20.932103879545785 ], [ 107.127441520057985, 20.932103879545785 ], [ 107.131118547428343, 20.940405339169878 ], [ 107.141526700400988, 20.940405339169878 ], [ 107.145205896760871, 20.948706974071399 ], [ 107.155614407145251, 20.948706974071399 ], [ 107.159295773354586, 20.957008784332988 ], [ 107.169704641326746, 20.957008784332988 ], [ 107.173388178246057, 20.965310770037288 ], [ 107.162978952510016, 20.965310770037288 ], [ 107.16666394512022, 20.973612931266963 ], [ 107.156254361444141, 20.973612931266963 ], [ 107.152569726773976, 20.965310770037288 ], [ 107.121342049565854, 20.965310770037288 ], [ 107.125025610415932, 20.973612931266963 ], [ 107.093796859387737, 20.973612931266963 ], [ 107.097481159148103, 20.981915268104693 ], [ 107.076661275563509, 20.981915268104693 ] ] ] } },
{ "type": "Feature", "properties": { "zone_id": 34, "zone_type": "urban", "area_km2": 85.0, "centroid_lon": 106.287791, "centroid_lat": 20.927953, "urban_pixels": 85, "rural_pixels": 175, "urban_mean_C": 34.26, "rural_mean_C": 30.9, "suhi_C": 3.36 }, "geometry": { "type": "MultiPolygon", "coordinates": [ [ [ [ 106.37078300890596, 20.915501485799489 ], [ 106.381190090699221, 20.915501485799489 ], [ 106.377543821287802, 20.907200551512116 ], [ 106.356730371117322, 20.907200551512116 ], [ 106.364023280326876, 20.923802595116516 ], [ 106.374430719004025, 20.923802595116516 ], [ 106.37078300890596, 20.915501485799489 ] ] ], [ [ [ 106.316177467609876, 20.957008784332988 ], [ 106.357812939498501, 20.957008784332988 ], [ 106.354159107548341, 20.948706974071399 ], [ 106.364567617932707, 20.948706974071399 ], [ 106.360915227452665, 20.940405339169878 ], [ 106.381731533397954, 20.940405339169878 ], [ 106.378080227000154, 20.932103879545785 ], [ 106.357264635526334, 20.932103879545785 ], [ 106.353615841649756, 20.923802595116516 ], [ 106.343208402972621, 20.923802595116516 ], [ 106.332273874731825, 20.898899792171868 ], [ 106.290648400519757, 20.898899792171868 ], [ 106.287008575592381, 20.890599207696177 ], [ 106.255790539002732, 20.890599207696177 ], [ 106.266712190973365, 20.915501485799489 ], [ 106.256305109180104, 20.915501485799489 ], [ 106.259948893555531, 20.923802595116516 ], [ 106.218319138846994, 20.923802595116516 ], [ 106.221963290946448, 20.932103879545785 ], [ 106.201147699472614, 20.932103879545785 ], [ 106.19750426149271, 20.923802595116516 ], [ 106.176689384138456, 20.923802595116516 ], [ 106.183976626917712, 20.940405339169878 ], [ 106.194384779890342, 20.940405339169878 ], [ 106.198031451782697, 20.948706974071399 ], [ 106.218848472551457, 20.948706974071399 ], [ 106.215201085835645, 20.940405339169878 ], [ 106.267241850698866, 20.940405339169878 ], [ 106.270891024473329, 20.948706974071399 ], [ 106.291708045242089, 20.948706974071399 ], [ 106.295359731665556, 20.957008784332988 ], [ 106.305768599637716, 20.957008784332988 ], [ 106.309422442154911, 20.965310770037288 ], [ 106.319831667890938, 20.965310770037288 ], [ 106.316177467609876, 20.957008784332988 ] ] ], [ [ [ 106.374430719004025, 20.923802595116516 ], [ 106.378080227000154, 20.932103879545785 ], [ 106.398895818474003, 20.932103879545785 ], [ 106.395245596358308, 20.923802595116516 ], [ 106.374430719004025, 20.923802595116516 ] ] ], [ [ [ 106.423364145288531, 20.940405339169878 ], [ 106.416060473712577, 20.923802595116516 ], [ 106.405653035035428, 20.923802595116516 ], [ 106.409303614210913, 20.932103879545785 ], [ 106.398895818474003, 20.932103879545785 ], [ 106.402547839343228, 20.940405339169878 ], [ 106.423364145288531, 20.940405339169878 ] ] ] ] } },
{ "type": "Feature", "properties": { "zone_id": 35, "zone_type": "urban", "area_km2": 233.0, "centroid_lon": 106.640541, "centroid_lat": 20.878149, "urban_pixels": 212, "rural_pixels": 258, "urban_mean_C": 36.16, "rural_mean_C": 31.63, "suhi_C": 4.53 }, "geometry": { "type": "MultiPolygon", "coordinates": [ [ [ [ 106.655909804400252, 20.782707484670052 ], [ 106.645508408866363, 20.782707484670052 ], [ 106.656404823000443, 20.807602962347037 ], [ 106.666807281288072, 20.807602962347037 ], [ 106.655909804400252, 20.782707484670052 ] ] ], [ [ [ 106.638737001645538, 20.791005803408275 ], [ 106.628335252035555, 20.791005803408275 ], [ 106.624705617798597, 20.782707484670052 ], [ 106.59350143119697, 20.782707484670052 ], [ 106.597130003205578, 20.791005803408275 ], [ 106.607531752815575, 20.791005803408275 ], [ 106.625703315063788, 20.832500005645631 ], [ 106.61529979244547, 20.832500005645631 ], [ 106.618939139634776, 20.840799368378647 ], [ 106.598131384143045, 20.840799368378647 ], [ 106.605414050308482, 20.85739861678919 ], [ 106.595009461781217, 20.85739861678919 ], [ 106.598653136361918, 20.865698502631528 ], [ 106.588248192180714, 20.865698502631528 ], [ 106.591893309527137, 20.873998563008499 ], [ 106.581488009516448, 20.873998563008499 ], [ 106.585134569779839, 20.882298798002555 ], [ 106.574728913764034, 20.882298798002555 ], [ 106.578376917095866, 20.890599207696177 ], [ 106.557564892702771, 20.890599207696177 ], [ 106.561213982898209, 20.898899792171868 ], [ 106.57162035145123, 20.898899792171868 ], [ 106.575271597907303, 20.907200551512116 ], [ 106.585678322992536, 20.907200551512116 ], [ 106.589331726564424, 20.915501485799489 ], [ 106.599738808357685, 20.915501485799489 ], [ 106.614371867157729, 20.948706974071399 ], [ 106.635188887926475, 20.948706974071399 ], [ 106.631527204741403, 20.940405339169878 ], [ 106.66275166365935, 20.940405339169878 ], [ 106.659090711896852, 20.932103879545785 ], [ 106.700721894844492, 20.932103879545785 ], [ 106.704384275549927, 20.940405339169878 ], [ 106.714792428522571, 20.940405339169878 ], [ 106.718456971001473, 20.948706974071399 ], [ 106.728865481385853, 20.948706974071399 ], [ 106.732532186496144, 20.957008784332988 ], [ 106.742941054468318, 20.957008784332988 ], [ 106.746609923068505, 20.965310770037288 ], [ 106.767428374540572, 20.965310770037288 ], [ 106.760091012538979, 20.948706974071399 ], [ 106.770499522923359, 20.948706974071399 ], [ 106.763168669265994, 20.932103879545785 ], [ 106.773576465002904, 20.932103879545785 ], [ 106.769913388735191, 20.923802595116516 ], [ 106.759505950058042, 20.923802595116516 ], [ 106.75584503525657, 20.915501485799489 ], [ 106.745437953463295, 20.915501485799489 ], [ 106.738122248299504, 20.898899792171868 ], [ 106.727715879746484, 20.898899792171868 ], [ 106.735030871670034, 20.915501485799489 ], [ 106.724623789876802, 20.915501485799489 ], [ 106.728283634026653, 20.923802595116516 ], [ 106.70746875667237, 20.923802595116516 ], [ 106.70380962629028, 20.915501485799489 ], [ 106.693402544497019, 20.915501485799489 ], [ 106.686090405534429, 20.898899792171868 ], [ 106.69649677408745, 20.898899792171868 ], [ 106.689191129937782, 20.882298798002555 ], [ 106.699596785953574, 20.882298798002555 ], [ 106.695946309634067, 20.873998563008499 ], [ 106.727162209666133, 20.873998563008499 ], [ 106.723512466536292, 20.865698502631528 ], [ 106.744322354898685, 20.865698502631528 ], [ 106.740673701162876, 20.85739861678919 ], [ 106.761482878217393, 20.85739861678919 ], [ 106.757835314074896, 20.849098905399035 ], [ 106.778643780172573, 20.849098905399035 ], [ 106.774997305822765, 20.840799368378647 ], [ 106.785401183568624, 20.840799368378647 ], [ 106.781756154338439, 20.832500005645631 ], [ 106.760949109101801, 20.832500005645631 ], [ 106.757306589696483, 20.824200817117596 ], [ 106.746903422030371, 20.824200817117596 ], [ 106.743263056470099, 20.81590180271218 ], [ 106.732860243580888, 20.81590180271218 ], [ 106.736500254364273, 20.824200817117596 ], [ 106.715693919032034, 20.824200817117596 ], [ 106.712054617802394, 20.81590180271218 ], [ 106.660040553356211, 20.81590180271218 ], [ 106.656404823000443, 20.807602962347037 ], [ 106.6460023647128, 20.807602962347037 ], [ 106.638737001645538, 20.791005803408275 ] ] ], [ [ [ 106.553917601732451, 20.882298798002555 ], [ 106.543511945716659, 20.882298798002555 ], [ 106.539866809473679, 20.873998563008499 ], [ 106.508650909441599, 20.873998563008499 ], [ 106.512294977669285, 20.882298798002555 ], [ 106.533106289700854, 20.882298798002555 ], [ 106.536752868309648, 20.890599207696177 ], [ 106.557564892702771, 20.890599207696177 ], [ 106.553917601732451, 20.882298798002555 ] ] ], [ [ [ 106.575271597907303, 20.907200551512116 ], [ 106.554458147736824, 20.907200551512116 ], [ 106.561764615192473, 20.923802595116516 ], [ 106.582579492546742, 20.923802595116516 ], [ 106.575271597907303, 20.907200551512116 ] ] ] ] } },
{ "type": "Feature", "properties": { "zone_id": 36, "zone_type": "urban", "area_km2": 10.0, "centroid_lon": 106.805095, "centroid_lat": 20.944556, "urban_pixels": 10, "rural_pixels": 157, "urban_mean_C": 33.69, "rural_mean_C": 31.78, "suhi_C": 1.91 }, "geometry": { "type": "Polygon", "coordinates": [ [ [ 106.80906527748472, 20.965310770037288 ], [ 106.801725054076471, 20.948706974071399 ], [ 106.791316543692105, 20.948706974071399 ], [ 106.783984260739828, 20.932103879545785 ], [ 106.794392056476724, 20.932103879545785 ], [ 106.790728266089445, 20.923802595116516 ], [ 106.801135704766594, 20.923802595116516 ], [ 106.804799852213634, 20.932103879545785 ], [ 106.825615443687482, 20.932103879545785 ], [ 106.829282111221644, 20.940405339169878 ], [ 106.818873958249014, 20.940405339169878 ], [ 106.822542074845231, 20.948706974071399 ], [ 106.812133564460851, 20.948706974071399 ], [ 106.819474503220761, 20.965310770037288 ], [ 106.80906527748472, 20.965310770037288 ] ] ] } },
{ "type": "Feature", "properties": { "zone_id": 37, "zone_type": "urban", "area_km2": 12.0, "centroid_lon": 106.194676, "centroid_lat": 20.869849, "urban_pixels": 12, "rural_pixels": 93, "urban_mean_C": 31.01, "rural_mean_C": 30.73, "suhi_C": 0.28 }, "geometry": { "type": "MultiPolygon", "coordinates": [ [ [ [ 106.186086609110163, 20.873998563008499 ], [ 106.217302509142229, 20.873998563008499 ], [ 106.210039686272594, 20.85739861678919 ], [ 106.189230509218078, 20.85739861678919 ], [ 106.192860313295256, 20.865698502631528 ], [ 106.172050424932863, 20.865698502631528 ], [ 106.179313985163859, 20.882298798002555 ], [ 106.18971964117965, 20.882298798002555 ], [ 106.186086609110163, 20.873998563008499 ] ] ], [ [ [ 106.193354465823404, 20.890599207696177 ], [ 106.214166490216513, 20.890599207696177 ], [ 106.221442945009258, 20.907200551512116 ], [ 106.231849670094476, 20.907200551512116 ], [ 106.220936609227024, 20.882298798002555 ], [ 106.18971964117965, 20.882298798002555 ], [ 106.193354465823404, 20.890599207696177 ] ] ] ] } },
{ "type": "Feature", "properties": { "zone_id": 38, "zone_type": "urban", "area_km2": 10.0, "centroid_lon": 105.658812, "centroid_lat": 20.869849, "urban_pixels": 10, "rural_pixels": 109, "urban_mean_C": 31.05, "rural_mean_C": 31.17, "suhi_C": -0.12 }, "geometry": { "type": "Polygon", "coordinates": [ [ [ 105.673053855995747, 20.890599207696177 ], [ 105.669436840389935, 20.882298798002555 ], [ 105.659031184374157, 20.882298798002555 ], [ 105.655416308564881, 20.873998563008499 ], [ 105.645011008554192, 20.873998563008499 ], [ 105.641398271691827, 20.865698502631528 ], [ 105.651803215873016, 20.865698502631528 ], [ 105.648191905800559, 20.85739861678919 ], [ 105.658596494327796, 20.85739861678919 ], [ 105.654986610898604, 20.849098905399035 ], [ 105.665390843947449, 20.849098905399035 ], [ 105.669001082855061, 20.85739861678919 ], [ 105.679405671382327, 20.85739861678919 ], [ 105.683018048416599, 20.865698502631528 ], [ 105.672613104235396, 20.865698502631528 ], [ 105.683459868192315, 20.890599207696177 ], [ 105.673053855995747, 20.890599207696177 ] ] ] } },
{ "type": "Feature", "properties": { "zone_id": 39, "zone_type": "urban", "area_km2": 11.0, "centroid_lon": 106.302363, "centroid_lat": 20.878149, "urban_pixels": 11, "rural_pixels": 66, "urban_mean_C": 31.98, "rural_mean_C": 30.89, "suhi_C": 1.09 }, "geometry": { "type": "Polygon", "coordinates": [ [ [ 106.30782059998549, 20.890599207696177 ], [ 106.304181857353399, 20.882298798002555 ], [ 106.293776201337593, 20.882298798002555 ], [ 106.286504810926019, 20.865698502631528 ], [ 106.296909755107208, 20.865698502631528 ], [ 106.293276394490675, 20.85739861678919 ], [ 106.324490160072472, 20.85739861678919 ], [ 106.328124587650805, 20.865698502631528 ], [ 106.307314699288412, 20.865698502631528 ], [ 106.314587513369176, 20.882298798002555 ], [ 106.324993169384982, 20.882298798002555 ], [ 106.321355509249159, 20.873998563008499 ], [ 106.331760809259848, 20.873998563008499 ], [ 106.339038636575154, 20.890599207696177 ], [ 106.30782059998549, 20.890599207696177 ] ] ] } },
{ "type": "Feature", "properties": { "zone_id": 40, "zone_type": "urban", "area_km2": 11.0, "centroid_lon": 106.36636, "centroid_lat": 20.869849, "urban_pixels": 11, "rural_pixels": 76, "urban_mean_C": 31.94, "rural_mean_C": 31.07, "suhi_C": 0.87 }, "geometry": { "type": "Polygon", "coordinates": [ [ [ 106.359850660968263, 20.890599207696177 ], [ 106.352571409281225, 20.873998563008499 ], [ 106.362976709291928, 20.873998563008499 ], [ 106.35570392565424, 20.85739861678919 ], [ 106.366108514181505, 20.85739861678919 ], [ 106.362474458219253, 20.849098905399035 ], [ 106.352070225170408, 20.849098905399035 ], [ 106.348438318242245, 20.840799368378647 ], [ 106.36924607373399, 20.840799368378647 ], [ 106.37651310270877, 20.85739861678919 ], [ 106.386917691236022, 20.85739861678919 ], [ 106.390554252737999, 20.865698502631528 ], [ 106.369744364375592, 20.865698502631528 ], [ 106.380662685361358, 20.890599207696177 ], [ 106.359850660968263, 20.890599207696177 ] ] ] } },
{ "type": "Feature", "properties": { "zone_id": 41, "zone_type": "urban", "area_km2": 51.0, "centroid_lon": 105.918805, "centroid_lat": 20.761962, "urban_pixels": 51, "rural_pixels": 136, "urban_mean_C": 31.66, "rural_mean_C": 31.47, "suhi_C": 0.19 }, "geometry": { "type": "MultiPolygon", "coordinates": [ [ [ [ 105.924623618847903, 20.799304295939837 ], [ 105.935025722709128, 20.799304295939837 ], [ 105.924207988800902, 20.774409339642911 ], [ 105.93460903043372, 20.774409339642911 ], [ 105.931006330893666, 20.766111368244591 ], [ 105.941407018800476, 20.766111368244591 ], [ 105.937805747802585, 20.757813570392855 ], [ 105.94820608215835, 20.757813570392855 ], [ 105.944606239557288, 20.749515946005506 ], [ 105.934206258577646, 20.749515946005506 ], [ 105.923418476592857, 20.724624112807799 ], [ 105.933817398493176, 20.724624112807799 ], [ 105.930224678737133, 20.716327181456172 ], [ 105.909427540290338, 20.716327181456172 ], [ 105.913019554692553, 20.724624112807799 ], [ 105.902620632792235, 20.724624112807799 ], [ 105.906214073963298, 20.732921217295146 ], [ 105.885415524459376, 20.732921217295146 ], [ 105.889010039517174, 20.741218495000325 ], [ 105.899409667295558, 20.741218495000325 ], [ 105.906604744735304, 20.757813570392855 ], [ 105.896204410379539, 20.757813570392855 ], [ 105.899804267173224, 20.766111368244591 ], [ 105.8894035792664, 20.766111368244591 ], [ 105.896607930427052, 20.782707484670052 ], [ 105.907009325960928, 20.782707484670052 ], [ 105.917830284579182, 20.807602962347037 ], [ 105.928232742866825, 20.807602962347037 ], [ 105.924623618847903, 20.799304295939837 ] ] ], [ [ [ 105.875805139359286, 20.782707484670052 ], [ 105.886206534893162, 20.782707484670052 ], [ 105.882603822269544, 20.774409339642911 ], [ 105.86180173900388, 20.774409339642911 ], [ 105.869007530506082, 20.791005803408275 ], [ 105.879409280116064, 20.791005803408275 ], [ 105.875805139359286, 20.782707484670052 ] ] ], [ [ [ 105.897025368003938, 20.807602962347037 ], [ 105.889811029726076, 20.791005803408275 ], [ 105.879409280116064, 20.791005803408275 ], [ 105.883015203403005, 20.799304295939837 ], [ 105.872613099541795, 20.799304295939837 ], [ 105.876220451428708, 20.807602962347037 ], [ 105.886622909716309, 20.807602962347037 ], [ 105.890232399552602, 20.81590180271218 ], [ 105.900635212441841, 20.81590180271218 ], [ 105.90424684107488, 20.824200817117596 ], [ 105.893843673408753, 20.824200817117596 ], [ 105.897456731782043, 20.832500005645631 ], [ 105.918263777018666, 20.832500005645631 ], [ 105.914650008740992, 20.824200817117596 ], [ 105.925053176407104, 20.824200817117596 ], [ 105.917830284579182, 20.807602962347037 ], [ 105.897025368003938, 20.807602962347037 ] ] ], [ [ [ 105.935456344073231, 20.824200817117596 ], [ 105.925053176407104, 20.824200817117596 ], [ 105.92866729963697, 20.832500005645631 ], [ 105.918263777018666, 20.832500005645631 ], [ 105.925496670168272, 20.849098905399035 ], [ 105.935900903217103, 20.849098905399035 ], [ 105.932283208407625, 20.840799368378647 ], [ 105.942687086153484, 20.840799368378647 ], [ 105.935456344073231, 20.824200817117596 ] ] ], [ [ [ 105.946305136265934, 20.849098905399035 ], [ 105.935900903217103, 20.849098905399035 ], [ 105.946764708864251, 20.873998563008499 ], [ 105.957170008874954, 20.873998563008499 ], [ 105.946305136265934, 20.849098905399035 ] ] ] ] } },
{ "type": "Feature", "properties": { "zone_id": 42, "zone_type": "urban", "area_km2": 10.0, "centroid_lon": 106.066188, "centroid_lat": 20.861549, "urban_pixels": 10, "rural_pixels": 87, "urban_mean_C": 32.05, "rural_mean_C": 31.26, "suhi_C": 0.79 }, "geometry": { "type": "MultiPolygon", "coordinates": [ [ [ [ 106.074316616293331, 20.832500005645631 ], [ 106.053509571056694, 20.832500005645631 ], [ 106.057129741358011, 20.840799368378647 ], [ 106.067533619103884, 20.840799368378647 ], [ 106.071155932851937, 20.849098905399035 ], [ 106.081560165900768, 20.849098905399035 ], [ 106.074316616293331, 20.832500005645631 ] ] ], [ [ [ 106.102368631998431, 20.849098905399035 ], [ 106.081560165900768, 20.849098905399035 ], [ 106.08518462394548, 20.85739861678919 ], [ 106.095589212472717, 20.85739861678919 ], [ 106.099215815664479, 20.865698502631528 ], [ 106.109620759845669, 20.865698502631528 ], [ 106.102368631998431, 20.849098905399035 ] ] ], [ [ [ 106.068000983120882, 20.865698502631528 ], [ 106.078405927302086, 20.865698502631528 ], [ 106.071155932851937, 20.849098905399035 ], [ 106.060751699803092, 20.849098905399035 ], [ 106.064375446890949, 20.85739861678919 ], [ 106.053970858363684, 20.85739861678919 ], [ 106.061223008981855, 20.873998563008499 ], [ 106.071628308992544, 20.873998563008499 ], [ 106.068000983120882, 20.865698502631528 ] ] ] ] } },
{ "type": "Feature", "properties": { "zone_id": 43, "zone_type": "urban", "area_km2": 17.0, "centroid_lon": 105.344464, "centroid_lat": 20.840799, "urban_pixels": 17, "rural_pixels": 380, "urban_mean_C": 33.88, "rural_mean_C": 30.02, "suhi_C": 3.86 }, "geometry": { "type": "Polygon", "coordinates": [ [ [ 105.346458838510003, 20.85739861678919 ], [ 105.342859619433625, 20.849098905399035 ], [ 105.332455386384794, 20.849098905399035 ], [ 105.318077690644529, 20.81590180271218 ], [ 105.328480503533768, 20.81590180271218 ], [ 105.324890162184673, 20.807602962347037 ], [ 105.345695078759903, 20.807602962347037 ], [ 105.349286129312233, 20.81590180271218 ], [ 105.359688942201473, 20.81590180271218 ], [ 105.366877078248208, 20.832500005645631 ], [ 105.35647355562989, 20.832500005645631 ], [ 105.363668085531287, 20.849098905399035 ], [ 105.353263852482442, 20.849098905399035 ], [ 105.356863427037254, 20.85739861678919 ], [ 105.346458838510003, 20.85739861678919 ] ] ] } },
{ "type": "Feature", "properties": { "zone_id": 44, "zone_type": "urban", "area_km2": 16.0, "centroid_lon": 106.138091, "centroid_lat": 20.811752, "urban_pixels": 16, "rural_pixels": 106, "urban_mean_C": 30.42, "rural_mean_C": 31.03, "suhi_C": -0.61 }, "geometry": { "type": "MultiPolygon", "coordinates": [ [ [ [ 106.13266569607238, 20.799304295939837 ], [ 106.136281908619267, 20.807602962347037 ], [ 106.125879450331666, 20.807602962347037 ], [ 106.133116529729463, 20.824200817117596 ], [ 106.143519697395561, 20.824200817117596 ], [ 106.139899908894307, 20.81590180271218 ], [ 106.150302721783547, 20.81590180271218 ], [ 106.143067799933618, 20.799304295939837 ], [ 106.13266569607238, 20.799304295939837 ] ] ], [ [ [ 106.164326032727814, 20.824200817117596 ], [ 106.167948319858112, 20.832500005645631 ], [ 106.178351842476431, 20.832500005645631 ], [ 106.17110834756204, 20.81590180271218 ], [ 106.150302721783547, 20.81590180271218 ], [ 106.153922865061688, 20.824200817117596 ], [ 106.164326032727814, 20.824200817117596 ] ] ], [ [ [ 106.196006729437926, 20.849098905399035 ], [ 106.206410962486743, 20.849098905399035 ], [ 106.195535535726151, 20.824200817117596 ], [ 106.185132368060039, 20.824200817117596 ], [ 106.188755365094735, 20.832500005645631 ], [ 106.178351842476431, 20.832500005645631 ], [ 106.181976274308397, 20.840799368378647 ], [ 106.19238015205427, 20.840799368378647 ], [ 106.196006729437926, 20.849098905399035 ] ] ], [ [ [ 106.167948319858112, 20.832500005645631 ], [ 106.136737752003199, 20.832500005645631 ], [ 106.140360763324949, 20.840799368378647 ], [ 106.161168518816666, 20.840799368378647 ], [ 106.164794030291418, 20.849098905399035 ], [ 106.185602496389095, 20.849098905399035 ], [ 106.181976274308397, 20.840799368378647 ], [ 106.171572396562524, 20.840799368378647 ], [ 106.167948319858112, 20.832500005645631 ] ] ] ] } },
{ "type": "Feature", "properties": { "zone_id": 45, "zone_type": "urban", "area_km2": 13.0, "centroid_lon": 105.676773, "centroid_lat": 20.803454, "urban_pixels": 13, "rural_pixels": 186, "urban_mean_C": 31.59, "rural_mean_C": 30.79, "suhi_C": 0.8 }, "geometry": { "type": "MultiPolygon", "coordinates": [ [ [ [ 105.688580019749452, 20.782707484670052 ], [ 105.684984031245662, 20.774409339642911 ], [ 105.695385072878494, 20.774409339642911 ], [ 105.691790509036963, 20.766111368244591 ], [ 105.67098913322333, 20.766111368244591 ], [ 105.67817862421559, 20.782707484670052 ], [ 105.688580019749452, 20.782707484670052 ] ] ], [ [ [ 105.682176141767854, 20.81590180271218 ], [ 105.678573743963867, 20.807602962347037 ], [ 105.688976202251482, 20.807602962347037 ], [ 105.67817862421559, 20.782707484670052 ], [ 105.6677772286817, 20.782707484670052 ], [ 105.674973126178514, 20.799304295939837 ], [ 105.66457102231729, 20.799304295939837 ], [ 105.675377152420296, 20.824200817117596 ], [ 105.696183487752535, 20.824200817117596 ], [ 105.692578954657094, 20.81590180271218 ], [ 105.682176141767854, 20.81590180271218 ] ] ], [ [ [ 105.713801775744415, 20.840799368378647 ], [ 105.710193324652451, 20.832500005645631 ], [ 105.72059684727077, 20.832500005645631 ], [ 105.716989823084759, 20.824200817117596 ], [ 105.696183487752535, 20.824200817117596 ], [ 105.70339789799857, 20.840799368378647 ], [ 105.713801775744415, 20.840799368378647 ] ] ] ] } },
{ "type": "Feature", "properties": { "zone_id": 46, "zone_type": "urban", "area_km2": 73.0, "centroid_lon": 105.742791, "centroid_lat": 20.811752, "urban_pixels": 73, "rural_pixels": 276, "urban_mean_C": 31.47, "rural_mean_C": 31.4, "suhi_C": 0.07 }, "geometry": { "type": "MultiPolygon", "coordinates": [ [ [ [ 105.783948230006786, 20.666549224598512 ], [ 105.794344686835288, 20.666549224598512 ], [ 105.787193645421198, 20.649957953677536 ], [ 105.77679789132867, 20.649957953677536 ], [ 105.78037217369878, 20.6582535028984 ], [ 105.769976068325448, 20.6582535028984 ], [ 105.773551773178283, 20.666549224598512 ], [ 105.763155316349781, 20.666549224598512 ], [ 105.766732443827337, 20.674845118859864 ], [ 105.78752606074346, 20.674845118859864 ], [ 105.783948230006786, 20.666549224598512 ] ] ], [ [ [ 105.73911986508962, 20.683141185764459 ], [ 105.728722704827561, 20.683141185764459 ], [ 105.735883018076649, 20.699733837831523 ], [ 105.746280882470217, 20.699733837831523 ], [ 105.757035726187851, 20.724624112807799 ], [ 105.746636804287533, 20.724624112807799 ], [ 105.750224952683894, 20.732921217295146 ], [ 105.760624227435855, 20.732921217295146 ], [ 105.767806562903459, 20.749515946005506 ], [ 105.778206543883101, 20.749515946005506 ], [ 105.774614133954941, 20.741218495000325 ], [ 105.785013761733325, 20.741218495000325 ], [ 105.767076611257338, 20.699733837831523 ], [ 105.777474475650862, 20.699733837831523 ], [ 105.766732443827337, 20.674845118859864 ], [ 105.73554201845316, 20.674845118859864 ], [ 105.73911986508962, 20.683141185764459 ] ] ], [ [ [ 105.785793533626133, 20.791005803408275 ], [ 105.796195283236131, 20.791005803408275 ], [ 105.792593975088252, 20.782707484670052 ], [ 105.802995370622128, 20.782707484670052 ], [ 105.799395489206859, 20.774409339642911 ], [ 105.77859340594118, 20.774409339642911 ], [ 105.767806562903459, 20.749515946005506 ], [ 105.757406581923817, 20.749515946005506 ], [ 105.761000063754608, 20.757813570392855 ], [ 105.750599729398843, 20.757813570392855 ], [ 105.754194636477834, 20.766111368244591 ], [ 105.743793948571025, 20.766111368244591 ], [ 105.747390281042669, 20.774409339642911 ], [ 105.768192364308348, 20.774409339642911 ], [ 105.782598326840088, 20.807602962347037 ], [ 105.793000785127717, 20.807602962347037 ], [ 105.785793533626133, 20.791005803408275 ] ] ], [ [ [ 105.768592060929535, 20.799304295939837 ], [ 105.737385749345862, 20.799304295939837 ], [ 105.733784785576177, 20.791005803408275 ], [ 105.723383035966194, 20.791005803408275 ], [ 105.716187156144173, 20.774409339642911 ], [ 105.705786114511341, 20.774409339642911 ], [ 105.709382810817218, 20.782707484670052 ], [ 105.698981415283328, 20.782707484670052 ], [ 105.706179437762188, 20.799304295939837 ], [ 105.695777333900963, 20.799304295939837 ], [ 105.702981767546319, 20.81590180271218 ], [ 105.734190206214038, 20.81590180271218 ], [ 105.737796158416998, 20.824200817117596 ], [ 105.74819932608311, 20.824200817117596 ], [ 105.755417286727891, 20.840799368378647 ], [ 105.776225042219622, 20.840799368378647 ], [ 105.769005661415335, 20.824200817117596 ], [ 105.779408829081461, 20.824200817117596 ], [ 105.775801457770982, 20.81590180271218 ], [ 105.786204270660235, 20.81590180271218 ], [ 105.782598326840088, 20.807602962347037 ], [ 105.772195868552458, 20.807602962347037 ], [ 105.768592060929535, 20.799304295939837 ] ] ], [ [ [ 105.810618332079812, 20.824200817117596 ], [ 105.8002151644137, 20.824200817117596 ], [ 105.796607083549475, 20.81590180271218 ], [ 105.786204270660235, 20.81590180271218 ], [ 105.793421505598943, 20.832500005645631 ], [ 105.814228550835566, 20.832500005645631 ], [ 105.810618332079812, 20.824200817117596 ] ] ] ] } },
{ "type": "Feature", "properties": { "zone_id": 47, "zone_type": "urban", "area_km2": 21.0, "centroid_lon": 106.547426, "centroid_lat": 20.820051, "urban_pixels": 21, "rural_pixels": 86, "urban_mean_C": 32.75, "rural_mean_C": 31.14, "suhi_C": 1.61 }, "geometry": { "type": "MultiPolygon", "coordinates": [ [ [ [ 106.590358265966273, 20.799304295939837 ], [ 106.56955405824381, 20.799304295939837 ], [ 106.565924754375587, 20.791005803408275 ], [ 106.555523004765604, 20.791005803408275 ], [ 106.562782698411809, 20.807602962347037 ], [ 106.593990073274696, 20.807602962347037 ], [ 106.590358265966273, 20.799304295939837 ] ] ], [ [ [ 106.517543538937701, 20.799304295939837 ], [ 106.524803985796112, 20.81590180271218 ], [ 106.514401172906872, 20.81590180271218 ], [ 106.518033733375802, 20.824200817117596 ], [ 106.538840068708026, 20.824200817117596 ], [ 106.542475134117296, 20.832500005645631 ], [ 106.563282179353919, 20.832500005645631 ], [ 106.559646404040279, 20.824200817117596 ], [ 106.58045273937249, 20.824200817117596 ], [ 106.576818050242309, 20.81590180271218 ], [ 106.56641523735307, 20.81590180271218 ], [ 106.562782698411809, 20.807602962347037 ], [ 106.552380240124208, 20.807602962347037 ], [ 106.548749850521361, 20.799304295939837 ], [ 106.517543538937701, 20.799304295939837 ] ], [ [ 106.556012424463844, 20.81590180271218 ], [ 106.545609611574605, 20.81590180271218 ], [ 106.541977781836579, 20.807602962347037 ], [ 106.552380240124208, 20.807602962347037 ], [ 106.556012424463844, 20.81590180271218 ] ] ], [ [ [ 106.604392531562326, 20.807602962347037 ], [ 106.593990073274696, 20.807602962347037 ], [ 106.597623676020788, 20.81590180271218 ], [ 106.587220863131549, 20.81590180271218 ], [ 106.590855907038616, 20.824200817117596 ], [ 106.611662242370869, 20.824200817117596 ], [ 106.604392531562326, 20.807602962347037 ] ] ] ] } },
{ "type": "Feature", "properties": { "zone_id": 48, "zone_type": "urban", "area_km2": 13.0, "centroid_lon": 105.983217, "centroid_lat": 20.778558, "urban_pixels": 13, "rural_pixels": 80, "urban_mean_C": 32.31, "rural_mean_C": 31.08, "suhi_C": 1.22 }, "geometry": { "type": "Polygon", "coordinates": [ [ [ 105.980245034304929, 20.807602962347037 ], [ 105.976634138154026, 20.799304295939837 ], [ 105.987036242015265, 20.799304295939837 ], [ 105.983426776216007, 20.791005803408275 ], [ 105.97302502660601, 20.791005803408275 ], [ 105.965812155332245, 20.774409339642911 ], [ 105.986614238597909, 20.774409339642911 ], [ 105.9758061824962, 20.749515946005506 ], [ 105.996606144455455, 20.749515946005506 ], [ 106.000207753937161, 20.757813570392855 ], [ 105.989807419581396, 20.757813570392855 ], [ 105.993410458334537, 20.766111368244591 ], [ 106.003811146241361, 20.766111368244591 ], [ 106.007416321863573, 20.774409339642911 ], [ 105.997015280230741, 20.774409339642911 ], [ 106.000621885765838, 20.782707484670052 ], [ 105.990220490231962, 20.782707484670052 ], [ 106.001049950880173, 20.807602962347037 ], [ 105.980245034304929, 20.807602962347037 ] ] ] } },
{ "type": "Feature", "properties": { "zone_id": 49, "zone_type": "urban", "area_km2": 11.0, "centroid_lon": 106.470497, "centroid_lat": 20.786857, "urban_pixels": 11, "rural_pixels": 101, "urban_mean_C": 32.44, "rural_mean_C": 30.64, "suhi_C": 1.8 }, "geometry": { "type": "MultiPolygon", "coordinates": [ [ [ [ 106.436577086313264, 20.732921217295146 ], [ 106.443805326579835, 20.749515946005506 ], [ 106.454205307559477, 20.749515946005506 ], [ 106.446976361065225, 20.732921217295146 ], [ 106.436577086313264, 20.732921217295146 ] ] ], [ [ [ 106.471842102047958, 20.766111368244591 ], [ 106.464605288539119, 20.749515946005506 ], [ 106.454205307559477, 20.749515946005506 ], [ 106.461441414141149, 20.766111368244591 ], [ 106.471842102047958, 20.766111368244591 ] ] ], [ [ [ 106.482242789954768, 20.766111368244591 ], [ 106.471842102047958, 20.766111368244591 ], [ 106.479086080324308, 20.782707484670052 ], [ 106.489487475858169, 20.782707484670052 ], [ 106.482242789954768, 20.766111368244591 ] ] ], [ [ [ 106.461441414141149, 20.766111368244591 ], [ 106.451040726234325, 20.766111368244591 ], [ 106.461907258275673, 20.791005803408275 ], [ 106.47230900788567, 20.791005803408275 ], [ 106.475935123492803, 20.799304295939837 ], [ 106.486337227354028, 20.799304295939837 ], [ 106.479086080324308, 20.782707484670052 ], [ 106.468684684790432, 20.782707484670052 ], [ 106.461441414141149, 20.766111368244591 ] ] ] ] } },
{ "type": "Feature", "properties": { "zone_id": 50, "zone_type": "urban", "area_km2": 33.0, "centroid_lon": 106.653617, "centroid_lat": 20.753665, "urban_pixels": 33, "rural_pixels": 105, "urban_mean_C": 31.54, "rural_mean_C": 30.54, "suhi_C": 1.0 }, "geometry": { "type": "MultiPolygon", "coordinates": [ [ [ [ 106.602965482344629, 20.732921217295146 ], [ 106.592566207592668, 20.732921217295146 ], [ 106.599805041274379, 20.749515946005506 ], [ 106.610205022254021, 20.749515946005506 ], [ 106.602965482344629, 20.732921217295146 ] ] ], [ [ [ 106.621077778200899, 20.774409339642911 ], [ 106.641879861466577, 20.774409339642911 ], [ 106.638253108556967, 20.766111368244591 ], [ 106.6590544843706, 20.766111368244591 ], [ 106.662681944732256, 20.774409339642911 ], [ 106.673082986365074, 20.774409339642911 ], [ 106.67671259546799, 20.782707484670052 ], [ 106.68711399100188, 20.782707484670052 ], [ 106.679855860184219, 20.766111368244591 ], [ 106.690256548091028, 20.766111368244591 ], [ 106.686629821417526, 20.757813570392855 ], [ 106.697030155773291, 20.757813570392855 ], [ 106.693404870091115, 20.749515946005506 ], [ 106.672604908131845, 20.749515946005506 ], [ 106.668982122896054, 20.741218495000325 ], [ 106.65858249511767, 20.741218495000325 ], [ 106.651343009614791, 20.724624112807799 ], [ 106.630545165814169, 20.724624112807799 ], [ 106.634163306600513, 20.732921217295146 ], [ 106.613364757096591, 20.732921217295146 ], [ 106.620605003233649, 20.749515946005506 ], [ 106.610205022254021, 20.749515946005506 ], [ 106.621077778200899, 20.774409339642911 ] ] ] ] } },
{ "type": "Feature", "properties": { "zone_id": 51, "zone_type": "urban", "area_km2": 15.0, "centroid_lon": 106.035625, "centroid_lat": 20.695586, "urban_pixels": 15, "rural_pixels": 103, "urban_mean_C": 31.57, "rural_mean_C": 30.75, "suhi_C": 0.82 }, "geometry": { "type": "MultiPolygon", "coordinates": [ [ [ [ 106.040637512689187, 20.683141185764459 ], [ 106.030240352427128, 20.683141185764459 ], [ 106.033829828999828, 20.691437425394327 ], [ 106.023432316759298, 20.691437425394327 ], [ 106.027023221096243, 20.699733837831523 ], [ 106.01662535670269, 20.699733837831523 ], [ 106.020217688947852, 20.708030423158107 ], [ 106.041014122390152, 20.708030423158107 ], [ 106.037421085489783, 20.699733837831523 ], [ 106.04781894988335, 20.699733837831523 ], [ 106.040637512689187, 20.683141185764459 ] ] ], [ [ [ 106.058216814276904, 20.699733837831523 ], [ 106.04781894988335, 20.699733837831523 ], [ 106.055007509417891, 20.716327181456172 ], [ 106.065406078641303, 20.716327181456172 ], [ 106.058216814276904, 20.699733837831523 ] ] ], [ [ [ 106.037806617496301, 20.724624112807799 ], [ 106.048205539396619, 20.724624112807799 ], [ 106.062609760071737, 20.757813570392855 ], [ 106.083410428783282, 20.757813570392855 ], [ 106.079805992292563, 20.749515946005506 ], [ 106.069406011312921, 20.749515946005506 ], [ 106.065803711749723, 20.741218495000325 ], [ 106.076203339528107, 20.741218495000325 ], [ 106.072602469994663, 20.732921217295146 ], [ 106.062203195242702, 20.732921217295146 ], [ 106.055007509417891, 20.716327181456172 ], [ 106.034210370971095, 20.716327181456172 ], [ 106.037806617496301, 20.724624112807799 ] ] ] ] } },
{ "type": "Feature", "properties": { "zone_id": 52, "zone_type": "urban", "area_km2": 15.0, "centroid_lon": 106.495141, "centroid_lat": 20.712179, "urban_pixels": 15, "rural_pixels": 112, "urban_mean_C": 30.98, "rural_mean_C": 30.13, "suhi_C": 0.85 }, "geometry": { "type": "MultiPolygon", "coordinates": [ [ [ [ 106.512987706220287, 20.741218495000325 ], [ 106.487715403957509, 20.683141185764459 ], [ 106.466921083433405, 20.683141185764459 ], [ 106.477739224678885, 20.708030423158107 ], [ 106.488137441400042, 20.708030423158107 ], [ 106.491747416800536, 20.716327181456172 ], [ 106.481348847577138, 20.716327181456172 ], [ 106.48857346007307, 20.732921217295146 ], [ 106.498972734825031, 20.732921217295146 ], [ 106.502588078441903, 20.741218495000325 ], [ 106.512987706220287, 20.741218495000325 ] ] ], [ [ [ 106.481788822885122, 20.741218495000325 ], [ 106.485405250498374, 20.749515946005506 ], [ 106.495805231478016, 20.749515946005506 ], [ 106.499423803013784, 20.757813570392855 ], [ 106.509824137369563, 20.757813570392855 ], [ 106.502588078441903, 20.741218495000325 ], [ 106.481788822885122, 20.741218495000325 ] ] ] ] } },
{ "type": "Feature", "properties": { "zone_id": 53, "zone_type": "urban", "area_km2": 22.0, "centroid_lon": 106.283571, "centroid_lat": 20.703882, "urban_pixels": 22, "rural_pixels": 99, "urban_mean_C": 30.23, "rural_mean_C": 30.32, "suhi_C": -0.09 }, "geometry": { "type": "MultiPolygon", "coordinates": [ [ [ [ 106.318163424115824, 20.699733837831523 ], [ 106.328561288509377, 20.699733837831523 ], [ 106.321360839764637, 20.683141185764459 ], [ 106.279772198716429, 20.683141185764459 ], [ 106.283370122772723, 20.691437425394327 ], [ 106.314562659494356, 20.691437425394327 ], [ 106.318163424115824, 20.699733837831523 ] ] ], [ [ [ 106.276571966541596, 20.699733837831523 ], [ 106.266174102148028, 20.699733837831523 ], [ 106.269774890255675, 20.708030423158107 ], [ 106.30096954041916, 20.708030423158107 ], [ 106.297367695328703, 20.699733837831523 ], [ 106.286969830935149, 20.699733837831523 ], [ 106.283370122772723, 20.691437425394327 ], [ 106.272972610532193, 20.691437425394327 ], [ 106.276571966541596, 20.699733837831523 ] ] ], [ [ [ 106.346167447672983, 20.716327181456172 ], [ 106.335768878449585, 20.716327181456172 ], [ 106.332164190582631, 20.708030423158107 ], [ 106.30096954041916, 20.708030423158107 ], [ 106.304573170779406, 20.716327181456172 ], [ 106.314971740002804, 20.716327181456172 ], [ 106.318577508804765, 20.724624112807799 ], [ 106.349774274505705, 20.724624112807799 ], [ 106.346167447672983, 20.716327181456172 ] ] ], [ [ [ 106.318577508804765, 20.724624112807799 ], [ 106.308178586904461, 20.724624112807799 ], [ 106.311785789289743, 20.732921217295146 ], [ 106.301386514537782, 20.732921217295146 ], [ 106.308605573844559, 20.749515946005506 ], [ 106.319005554824201, 20.749515946005506 ], [ 106.315394778430957, 20.741218495000325 ], [ 106.336194033987738, 20.741218495000325 ], [ 106.332584338793666, 20.732921217295146 ], [ 106.322185064041705, 20.732921217295146 ], [ 106.318577508804765, 20.724624112807799 ] ] ], [ [ [ 106.356993289544505, 20.741218495000325 ], [ 106.336194033987738, 20.741218495000325 ], [ 106.339805516783471, 20.749515946005506 ], [ 106.360605478742741, 20.749515946005506 ], [ 106.356993289544505, 20.741218495000325 ] ] ] ] } },
{ "type": "Feature", "properties": { "zone_id": 54, "zone_type": "urban", "area_km2": 19.0, "centroid_lon": 105.92055, "centroid_lat": 20.64581, "urban_pixels": 19, "rural_pixels": 86, "urban_mean_C": 34.63, "rural_mean_C": 31.13, "suhi_C": 3.49 }, "geometry": { "type": "MultiPolygon", "coordinates": [ [ [ [ 105.922006202377489, 20.625072340070759 ], [ 105.911611501081879, 20.625072340070759 ], [ 105.915185375192678, 20.633367372345656 ], [ 105.904790323138968, 20.633367372345656 ], [ 105.919102168777314, 20.666549224598512 ], [ 105.929498625605817, 20.666549224598512 ], [ 105.925917648925491, 20.6582535028984 ], [ 105.936313754298837, 20.6582535028984 ], [ 105.922006202377489, 20.625072340070759 ] ] ], [ [ [ 105.96392146499393, 20.649957953677536 ], [ 105.953525710901403, 20.649957953677536 ], [ 105.949947233167819, 20.641662576853943 ], [ 105.939551830181841, 20.641662576853943 ], [ 105.946709859672168, 20.6582535028984 ], [ 105.967502070418831, 20.6582535028984 ], [ 105.96392146499393, 20.649957953677536 ] ] ], [ [ [ 105.943478187614346, 20.674845118859864 ], [ 105.953874996072386, 20.674845118859864 ], [ 105.957460230592758, 20.683141185764459 ], [ 105.947063070330699, 20.683141185764459 ], [ 105.954238170341355, 20.699733837831523 ], [ 105.964636034734895, 20.699733837831523 ], [ 105.96104724331606, 20.691437425394327 ], [ 105.971444755556604, 20.691437425394327 ], [ 105.967857390854803, 20.683141185764459 ], [ 105.978254551116862, 20.683141185764459 ], [ 105.974668612988509, 20.674845118859864 ], [ 105.964271804530441, 20.674845118859864 ], [ 105.960687996091309, 20.666549224598512 ], [ 105.950291539262807, 20.666549224598512 ], [ 105.946709859672168, 20.6582535028984 ], [ 105.936313754298837, 20.6582535028984 ], [ 105.943478187614346, 20.674845118859864 ] ] ] ] } },
{ "type": "Feature", "properties": { "zone_id": 55, "zone_type": "urban", "area_km2": 19.0, "centroid_lon": 106.059454, "centroid_lat": 20.666549, "urban_pixels": 19, "rural_pixels": 80, "urban_mean_C": 33.33, "rural_mean_C": 30.5, "suhi_C": 2.83 }, "geometry": { "type": "Polygon", "coordinates": [ [ [ 106.054624853480917, 20.691437425394327 ], [ 106.033110457055713, 20.641662576853943 ], [ 106.053901263027683, 20.641662576853943 ], [ 106.050321051890847, 20.633367372345656 ], [ 106.060716103944529, 20.633367372345656 ], [ 106.067879005919067, 20.649957953677536 ], [ 106.078274760011581, 20.649957953677536 ], [ 106.081859229525534, 20.6582535028984 ], [ 106.071463124152203, 20.6582535028984 ], [ 106.078636697569095, 20.674845118859864 ], [ 106.08903350602715, 20.674845118859864 ], [ 106.092623313999454, 20.683141185764459 ], [ 106.061431833213291, 20.683141185764459 ], [ 106.065022365721447, 20.691437425394327 ], [ 106.054624853480917, 20.691437425394327 ] ] ] } },
{ "type": "Feature", "properties": { "zone_id": 56, "zone_type": "urban", "area_km2": 11.0, "centroid_lon": 106.55468, "centroid_lat": 20.64581, "urban_pixels": 11, "rural_pixels": 102, "urban_mean_C": 30.61, "rural_mean_C": 29.66, "suhi_C": 0.95 }, "geometry": { "type": "Polygon", "coordinates": [ [ [ 106.549683971325692, 20.6582535028984 ], [ 106.546083694174712, 20.649957953677536 ], [ 106.535687940082198, 20.649957953677536 ], [ 106.532089800383048, 20.641662576853943 ], [ 106.521694397397042, 20.641662576853943 ], [ 106.518098394307529, 20.633367372345656 ], [ 106.528493446361225, 20.633367372345656 ], [ 106.524898877523498, 20.625072340070759 ], [ 106.535293578819136, 20.625072340070759 ], [ 106.538888498414934, 20.633367372345656 ], [ 106.559678602522325, 20.633367372345656 ], [ 106.563276009340981, 20.641662576853943 ], [ 106.573671412326973, 20.641662576853943 ], [ 106.577270956452253, 20.649957953677536 ], [ 106.566875202359739, 20.649957953677536 ], [ 106.570476182072355, 20.6582535028984 ], [ 106.549683971325692, 20.6582535028984 ] ] ] } },
{ "type": "Feature", "properties": { "zone_id": 57, "zone_type": "urban", "area_km2": 33.0, "centroid_lon": 106.357703, "centroid_lat": 20.562865, "urban_pixels": 33, "rural_pixels": 93, "urban_mean_C": 29.59, "rural_mean_C": 28.98, "suhi_C": 0.61 }, "geometry": { "type": "MultiPolygon", "coordinates": [ [ [ [ 106.367929382392873, 20.550424786588302 ], [ 106.378320934696745, 20.550424786588302 ], [ 106.374748029848007, 20.542131472144742 ], [ 106.405921639703379, 20.542131472144742 ], [ 106.395210452375238, 20.517252556486959 ], [ 106.38482029510449, 20.517252556486959 ], [ 106.388388564806988, 20.525545357175773 ], [ 106.367607553269778, 20.525545357175773 ], [ 106.364039980563021, 20.517252556486959 ], [ 106.353649823292287, 20.517252556486959 ], [ 106.357217047501166, 20.525545357175773 ], [ 106.346826541732554, 20.525545357175773 ], [ 106.350395193988518, 20.533838329034474 ], [ 106.329613485108382, 20.533838329034474 ], [ 106.333183216707496, 20.542131472144742 ], [ 106.322792013422358, 20.542131472144742 ], [ 106.326363173177398, 20.550424786588302 ], [ 106.336754725481271, 20.550424786588302 ], [ 106.347479919741701, 20.575305758736189 ], [ 106.368265120546894, 20.575305758736189 ], [ 106.371844442339864, 20.583599759330447 ], [ 106.382237392456361, 20.583599759330447 ], [ 106.367929382392873, 20.550424786588302 ] ] ], [ [ [ 106.389402076393992, 20.600188275827232 ], [ 106.39979572646007, 20.600188275827232 ], [ 106.396212144111928, 20.591893931666853 ], [ 106.406605444116224, 20.591893931666853 ], [ 106.39944292175467, 20.575305758736189 ], [ 106.389050321352101, 20.575305758736189 ], [ 106.392630342572872, 20.583599759330447 ], [ 106.382237392456361, 20.583599759330447 ], [ 106.389402076393992, 20.600188275827232 ] ] ] ] } },
{ "type": "Feature", "properties": { "zone_id": 58, "zone_type": "urban", "area_km2": 30.0, "centroid_lon": 106.009569, "centroid_lat": 20.562865, "urban_pixels": 30, "rural_pixels": 83, "urban_mean_C": 31.83, "rural_mean_C": 30.45, "suhi_C": 1.38 }, "geometry": { "type": "Polygon", "coordinates": [ [ [ 106.022053343956813, 20.591893931666853 ], [ 106.018484138378994, 20.583599759330447 ], [ 106.008091188262497, 20.583599759330447 ], [ 106.004524106456117, 20.575305758736189 ], [ 105.99413150605352, 20.575305758736189 ], [ 105.990566547182141, 20.567011929802273 ], [ 105.980174296319575, 20.567011929802273 ], [ 105.976611459547215, 20.5587182724469 ], [ 105.997395262539868, 20.5587182724469 ], [ 105.993833499453615, 20.550424786588302 ], [ 106.014616604061374, 20.550424786588302 ], [ 106.01105591486855, 20.542131472144742 ], [ 106.021447118153674, 20.542131472144742 ], [ 106.017887851906664, 20.533838329034474 ], [ 106.028278706346725, 20.533838329034474 ], [ 106.02472086290561, 20.525545357175773 ], [ 106.055892380211461, 20.525545357175773 ], [ 106.059451269666894, 20.533838329034474 ], [ 106.069842124106955, 20.533838329034474 ], [ 106.073403134579308, 20.542131472144742 ], [ 106.042229524723922, 20.542131472144742 ], [ 106.045791260972962, 20.550424786588302 ], [ 106.03539970866909, 20.550424786588302 ], [ 106.046094508066489, 20.575305758736189 ], [ 106.035701907663892, 20.575305758736189 ], [ 106.039270038611974, 20.583599759330447 ], [ 106.028877088495491, 20.583599759330447 ], [ 106.032446643961109, 20.591893931666853 ], [ 106.022053343956813, 20.591893931666853 ] ] ] } },
{ "type": "Feature", "properties": { "zone_id": 59, "zone_type": "urban", "area_km2": 45.0, "centroid_lon": 105.906873, "centroid_lat": 20.517253, "urban_pixels": 45, "rural_pixels": 242, "urban_mean_C": 34.41, "rural_mean_C": 30.96, "suhi_C": 3.46 }, "geometry": { "type": "MultiPolygon", "coordinates": [ [ [ [ 105.897036289419162, 20.567011929802273 ], [ 105.893476247576601, 20.5587182724469 ], [ 105.924651952065574, 20.5587182724469 ], [ 105.921092633326552, 20.550424786588302 ], [ 105.941875737934296, 20.550424786588302 ], [ 105.938317491872652, 20.542131472144742 ], [ 105.948708695157791, 20.542131472144742 ], [ 105.941596816756743, 20.525545357175773 ], [ 105.931206310988117, 20.525545357175773 ], [ 105.920552810461089, 20.500667468292267 ], [ 105.910163349665567, 20.500667468292267 ], [ 105.899526805852716, 20.47579111773296 ], [ 105.878749971086009, 20.47579111773296 ], [ 105.885837842100756, 20.492375180623096 ], [ 105.875448729282667, 20.492375180623096 ], [ 105.878994967278956, 20.500667468292267 ], [ 105.868605506483433, 20.500667468292267 ], [ 105.872153163779572, 20.508959926886345 ], [ 105.882542972725957, 20.508959926886345 ], [ 105.896752678732128, 20.542131472144742 ], [ 105.886361475447032, 20.542131472144742 ], [ 105.889917976414949, 20.550424786588302 ], [ 105.879526424111077, 20.550424786588302 ], [ 105.886644038556611, 20.567011929802273 ], [ 105.897036289419162, 20.567011929802273 ] ] ], [ [ [ 105.855467285968942, 20.567011929802273 ], [ 105.86258988663154, 20.583599759330447 ], [ 105.883375786864534, 20.583599759330447 ], [ 105.879812901624987, 20.575305758736189 ], [ 105.890205502027598, 20.575305758736189 ], [ 105.886644038556611, 20.567011929802273 ], [ 105.855467285968942, 20.567011929802273 ] ] ] ] } },
{ "type": "Feature", "properties": { "zone_id": 60, "zone_type": "urban", "area_km2": 14.0, "centroid_lon": 106.209969, "centroid_lat": 20.521399, "urban_pixels": 14, "rural_pixels": 46, "urban_mean_C": 30.35, "rural_mean_C": 29.93, "suhi_C": 0.42 }, "geometry": { "type": "Polygon", "coordinates": [ [ [ 106.212056097834846, 20.550424786588302 ], [ 106.204923231827706, 20.533838329034474 ], [ 106.184141522947598, 20.533838329034474 ], [ 106.18057844943479, 20.525545357175773 ], [ 106.201359460971986, 20.525545357175773 ], [ 106.197797464231186, 20.517252556486959 ], [ 106.187407306960438, 20.517252556486959 ], [ 106.176733001007634, 20.492375180623096 ], [ 106.207900339461943, 20.492375180623096 ], [ 106.211457712736021, 20.500667468292267 ], [ 106.201068251940484, 20.500667468292267 ], [ 106.208187621501921, 20.517252556486959 ], [ 106.218577778772655, 20.517252556486959 ], [ 106.222140472509224, 20.525545357175773 ], [ 106.211749966740598, 20.525545357175773 ], [ 106.222447650138719, 20.550424786588302 ], [ 106.212056097834846, 20.550424786588302 ] ] ] } },
{ "type": "Feature", "properties": { "zone_id": 61, "zone_type": "urban", "area_km2": 102.0, "centroid_lon": 106.191914, "centroid_lat": 20.455062, "urban_pixels": 102, "rural_pixels": 93, "urban_mean_C": 32.85, "rural_mean_C": 29.66, "suhi_C": 3.18 }, "geometry": { "type": "MultiPolygon", "coordinates": [ [ [ [ 106.213966585172457, 20.409461686852428 ], [ 106.203354028527443, 20.384590957975401 ], [ 106.192969423655185, 20.384590957975401 ], [ 106.200042002076856, 20.40117127397394 ], [ 106.189656705577548, 20.40117127397394 ], [ 106.193195300028208, 20.409461686852428 ], [ 106.213966585172457, 20.409461686852428 ] ] ], [ [ [ 106.182809657456076, 20.409461686852428 ], [ 106.179271409078211, 20.40117127397394 ], [ 106.1273449265816, 20.40117127397394 ], [ 106.137959782032226, 20.426043022774937 ], [ 106.127573446795694, 20.426043022774937 ], [ 106.138203173430142, 20.450916303294484 ], [ 106.127815797899373, 20.450916303294484 ], [ 106.138460405669719, 20.47579111773296 ], [ 106.128071988286365, 20.47579111773296 ], [ 106.142288196385863, 20.508959926886345 ], [ 106.163067814278662, 20.508959926886345 ], [ 106.155954775371427, 20.492375180623096 ], [ 106.166343888189544, 20.492375180623096 ], [ 106.162789678645694, 20.484083063797193 ], [ 106.183567208673807, 20.484083063797193 ], [ 106.180014075203118, 20.47579111773296 ], [ 106.211179327353165, 20.47579111773296 ], [ 106.214733503715991, 20.484083063797193 ], [ 106.235511033744089, 20.484083063797193 ], [ 106.231956162119857, 20.47579111773296 ], [ 106.242344579503197, 20.47579111773296 ], [ 106.23879113248347, 20.467499342348805 ], [ 106.249179202409394, 20.467499342348805 ], [ 106.245627179854992, 20.459207737563162 ], [ 106.25601490249673, 20.459207737563162 ], [ 106.248915477165895, 20.442625039461216 ], [ 106.238528448572936, 20.442625039461216 ], [ 106.227893628945239, 20.417752269758946 ], [ 106.196735662491704, 20.417752269758946 ], [ 106.193195300028208, 20.409461686852428 ], [ 106.182809657456076, 20.409461686852428 ] ] ] ] } },
{ "type": "Feature", "properties": { "zone_id": 62, "zone_type": "urban", "area_km2": 16.0, "centroid_lon": 106.018869, "centroid_lat": 20.463354, "urban_pixels": 16, "rural_pixels": 71, "urban_mean_C": 30.39, "rural_mean_C": 30.01, "suhi_C": 0.38 }, "geometry": { "type": "MultiPolygon", "coordinates": [ [ [ [ 106.027485004378178, 20.459207737563162 ], [ 106.006709559094659, 20.459207737563162 ], [ 106.01025359411301, 20.467499342348805 ], [ 106.031029733964886, 20.467499342348805 ], [ 106.027485004378178, 20.459207737563162 ] ] ], [ [ [ 106.03457623183624, 20.47579111773296 ], [ 106.04496464921958, 20.47579111773296 ], [ 106.055615800803011, 20.500667468292267 ], [ 106.076394722394085, 20.500667468292267 ], [ 106.072841872826615, 20.492375180623096 ], [ 106.104009211280911, 20.492375180623096 ], [ 106.096906736136333, 20.47579111773296 ], [ 106.107295153519672, 20.47579111773296 ], [ 106.103746223446379, 20.467499342348805 ], [ 106.09335815352047, 20.467499342348805 ], [ 106.089811340228692, 20.459207737563162 ], [ 106.079423617586926, 20.459207737563162 ], [ 106.090068323547314, 20.484083063797193 ], [ 106.05890202850513, 20.484083063797193 ], [ 106.051805873816733, 20.467499342348805 ], [ 106.031029733964886, 20.467499342348805 ], [ 106.03457623183624, 20.47579111773296 ] ] ] ] } },
{ "type": "Feature", "properties": { "zone_id": 63, "zone_type": "urban", "area_km2": 63.0, "centroid_lon": 106.326952, "centroid_lat": 20.455062, "urban_pixels": 63, "rural_pixels": 77, "urban_mean_C": 33.33, "rural_mean_C": 28.79, "suhi_C": 4.54 }, "geometry": { "type": "MultiPolygon", "coordinates": [ [ [ [ 106.332283761816853, 20.467499342348805 ], [ 106.339398683884667, 20.484083063797193 ], [ 106.329009918870611, 20.484083063797193 ], [ 106.33613124228242, 20.500667468292267 ], [ 106.367299624669016, 20.500667468292267 ], [ 106.360176213912766, 20.484083063797193 ], [ 106.370564978926836, 20.484083063797193 ], [ 106.359892128914268, 20.459207737563162 ], [ 106.370279851556035, 20.459207737563162 ], [ 106.366725435107128, 20.450916303294484 ], [ 106.377112810637897, 20.450916303294484 ], [ 106.373559820281145, 20.442625039461216 ], [ 106.363172791688214, 20.442625039461216 ], [ 106.352525494759405, 20.417752269758946 ], [ 106.36291148357725, 20.417752269758946 ], [ 106.355821449566704, 20.40117127397394 ], [ 106.345436153067382, 20.40117127397394 ], [ 106.348979938610142, 20.409461686852428 ], [ 106.317823010893761, 20.409461686852428 ], [ 106.321367528305871, 20.417752269758946 ], [ 106.310981539488012, 20.417752269758946 ], [ 106.307437368321644, 20.409461686852428 ], [ 106.297051725749498, 20.409461686852428 ], [ 106.304141145816587, 20.426043022774937 ], [ 106.293754810580069, 20.426043022774937 ], [ 106.290209561852322, 20.417752269758946 ], [ 106.279823573034477, 20.417752269758946 ], [ 106.286915148016476, 20.434333945981873 ], [ 106.276528466188267, 20.434333945981873 ], [ 106.287178070422001, 20.459207737563162 ], [ 106.318341238347259, 20.459207737563162 ], [ 106.321895691890902, 20.467499342348805 ], [ 106.332283761816853, 20.467499342348805 ] ] ], [ [ [ 106.30111955203904, 20.467499342348805 ], [ 106.308232388842484, 20.484083063797193 ], [ 106.318621153856554, 20.484083063797193 ], [ 106.315063501186643, 20.47579111773296 ], [ 106.325451918569996, 20.47579111773296 ], [ 106.321895691890902, 20.467499342348805 ], [ 106.30111955203904, 20.467499342348805 ] ] ] ] } },
{ "type": "Feature", "properties": { "zone_id": 64, "zone_type": "urban", "area_km2": 11.0, "centroid_lon": 105.492424, "centroid_lat": 20.446771, "urban_pixels": 11, "rural_pixels": 363, "urban_mean_C": 32.79, "rural_mean_C": 30.99, "suhi_C": 1.8 }, "geometry": { "type": "Polygon", "coordinates": [ [ [ 105.483990110518789, 20.47579111773296 ], [ 105.476935704365232, 20.459207737563162 ], [ 105.48732342700697, 20.459207737563162 ], [ 105.480275361288435, 20.442625039461216 ], [ 105.469888332695518, 20.442625039461216 ], [ 105.466367283588326, 20.434333945981873 ], [ 105.476753965416506, 20.434333945981873 ], [ 105.469716445242355, 20.417752269758946 ], [ 105.480102434060214, 20.417752269758946 ], [ 105.48362066213123, 20.426043022774937 ], [ 105.494006997367762, 20.426043022774937 ], [ 105.497527329072923, 20.434333945981873 ], [ 105.487140647244729, 20.434333945981873 ], [ 105.490662389881393, 20.442625039461216 ], [ 105.501049418474324, 20.442625039461216 ], [ 105.504573266053029, 20.450916303294484 ], [ 105.49418589052226, 20.450916303294484 ], [ 105.501238167742457, 20.467499342348805 ], [ 105.490850097816534, 20.467499342348805 ], [ 105.494378527902114, 20.47579111773296 ], [ 105.483990110518789, 20.47579111773296 ] ] ] } },
{ "type": "Feature", "properties": { "zone_id": 65, "zone_type": "urban", "area_km2": 14.0, "centroid_lon": 106.494249, "centroid_lat": 20.397026, "urban_pixels": 14, "rural_pixels": 88, "urban_mean_C": 31.43, "rural_mean_C": 28.56, "suhi_C": 2.87 }, "geometry": { "type": "Polygon", "coordinates": [ [ [ 106.501481515310545, 20.426043022774937 ], [ 106.490830304057909, 20.40117127397394 ], [ 106.480445007558586, 20.40117127397394 ], [ 106.476898495439286, 20.392881031042066 ], [ 106.487283446038674, 20.392881031042066 ], [ 106.480195045692909, 20.376301054692547 ], [ 106.469810786375007, 20.376301054692547 ], [ 106.46626958846295, 20.368011321112149 ], [ 106.476653502399216, 20.368011321112149 ], [ 106.473113729714115, 20.359721757152844 ], [ 106.483497298441407, 20.359721757152844 ], [ 106.49412296495052, 20.384590957975401 ], [ 106.504507569822763, 20.384590957975401 ], [ 106.518701315844964, 20.417752269758946 ], [ 106.508315327027134, 20.417752269758946 ], [ 106.511867850547063, 20.426043022774937 ], [ 106.501481515310545, 20.426043022774937 ] ] ] } },
{ "type": "Feature", "properties": { "zone_id": 66, "zone_type": "urban", "area_km2": 11.0, "centroid_lon": 105.997635, "centroid_lat": 20.413607, "urban_pixels": 11, "rural_pixels": 83, "urban_mean_C": 29.8, "rural_mean_C": 30.23, "suhi_C": -0.43 }, "geometry": { "type": "MultiPolygon", "coordinates": [ [ [ [ 106.023491961588363, 20.40117127397394 ], [ 106.005853136985692, 20.359721757152844 ], [ 105.995469568258386, 20.359721757152844 ], [ 106.006046535954624, 20.384590957975401 ], [ 105.995661931082395, 20.384590957975401 ], [ 105.99919076786783, 20.392881031042066 ], [ 106.00957571846719, 20.392881031042066 ], [ 106.01310666508904, 20.40117127397394 ], [ 106.023491961588363, 20.40117127397394 ] ] ], [ [ [ 106.002721368589732, 20.40117127397394 ], [ 106.006253733729878, 20.409461686852428 ], [ 105.975096806013468, 20.409461686852428 ], [ 105.978629897316893, 20.417752269758946 ], [ 106.020173852588272, 20.417752269758946 ], [ 106.01310666508904, 20.40117127397394 ], [ 106.002721368589732, 20.40117127397394 ] ] ] ] } },
{ "type": "Feature", "properties": { "zone_id": 67, "zone_type": "urban", "area_km2": 13.0, "centroid_lon": 106.305431, "centroid_lat": 20.380446, "urban_pixels": 13, "rural_pixels": 37, "urban_mean_C": 29.85, "rural_mean_C": 29.08, "suhi_C": 0.77 }, "geometry": { "type": "Polygon", "coordinates": [ [ [ 106.324665560068723, 20.40117127397394 ], [ 106.321124236448583, 20.392881031042066 ], [ 106.300354335249835, 20.392881031042066 ], [ 106.289743051546552, 20.368011321112149 ], [ 106.300126965482818, 20.368011321112149 ], [ 106.293060924408394, 20.351432362733291 ], [ 106.303444148099345, 20.351432362733291 ], [ 106.317584682122217, 20.384590957975401 ], [ 106.338353891866717, 20.384590957975401 ], [ 106.33481541524236, 20.376301054692547 ], [ 106.345199674560263, 20.376301054692547 ], [ 106.352279088246732, 20.392881031042066 ], [ 106.33150918704797, 20.392881031042066 ], [ 106.335050856568046, 20.40117127397394 ], [ 106.324665560068723, 20.40117127397394 ] ] ] } },
{ "type": "Feature", "properties": { "zone_id": 68, "zone_type": "urban", "area_km2": 23.0, "centroid_lon": 105.817363, "centroid_lat": 20.380446, "urban_pixels": 23, "rural_pixels": 272, "urban_mean_C": 31.15, "rural_mean_C": 31.14, "suhi_C": 0.02 }, "geometry": { "type": "MultiPolygon", "coordinates": [ [ [ [ 105.82230100695169, 20.343143137772199 ], [ 105.825815858314954, 20.351432362733291 ], [ 105.846582305696884, 20.351432362733291 ], [ 105.836040958373374, 20.326565195900184 ], [ 105.825658768756114, 20.326565195900184 ], [ 105.82917044818862, 20.334854082188251 ], [ 105.818787914052621, 20.334854082188251 ], [ 105.815276579138853, 20.326565195900184 ], [ 105.794512199904332, 20.326565195900184 ], [ 105.79802284578065, 20.334854082188251 ], [ 105.808405379916621, 20.334854082188251 ], [ 105.811918128124489, 20.343143137772199 ], [ 105.82230100695169, 20.343143137772199 ] ] ], [ [ [ 105.829332468621615, 20.359721757152844 ], [ 105.825815858314954, 20.351432362733291 ], [ 105.815432634623988, 20.351432362733291 ], [ 105.811918128124489, 20.343143137772199 ], [ 105.801535249297288, 20.343143137772199 ], [ 105.805049410933051, 20.351432362733291 ], [ 105.794666187242072, 20.351432362733291 ], [ 105.801699096542393, 20.368011321112149 ], [ 105.812083010478645, 20.368011321112149 ], [ 105.808565331167031, 20.359721757152844 ], [ 105.829332468621615, 20.359721757152844 ] ] ], [ [ [ 105.784449671393944, 20.376301054692547 ], [ 105.79149175588023, 20.392881031042066 ], [ 105.801876706479618, 20.392881031042066 ], [ 105.798354438509591, 20.384590957975401 ], [ 105.808739043381848, 20.384590957975401 ], [ 105.812261657078992, 20.392881031042066 ], [ 105.822646607678379, 20.392881031042066 ], [ 105.819123648254106, 20.384590957975401 ], [ 105.850277462870849, 20.384590957975401 ], [ 105.846755227301315, 20.376301054692547 ], [ 105.836370967983413, 20.376301054692547 ], [ 105.832850838351149, 20.368011321112149 ], [ 105.812083010478645, 20.368011321112149 ], [ 105.815602449347637, 20.376301054692547 ], [ 105.784449671393944, 20.376301054692547 ] ] ] ] } },
{ "type": "Feature", "properties": { "zone_id": 69, "zone_type": "urban", "area_km2": 16.0, "centroid_lon": 106.498735, "centroid_lat": 20.322421, "urban_pixels": 16, "rural_pixels": 91, "urban_mean_C": 29.72, "rural_mean_C": 28.87, "suhi_C": 0.85 }, "geometry": { "type": "MultiPolygon", "coordinates": [ [ [ [ 106.521265473112706, 20.326565195900184 ], [ 106.510883283495431, 20.326565195900184 ], [ 106.507350634886876, 20.318276478826718 ], [ 106.496968789615906, 20.318276478826718 ], [ 106.49343825376009, 20.309987930886624 ], [ 106.483056752663032, 20.309987930886624 ], [ 106.49011890426091, 20.326565195900184 ], [ 106.500501093878171, 20.326565195900184 ], [ 106.504035167028249, 20.334854082188251 ], [ 106.524800235300233, 20.334854082188251 ], [ 106.521265473112706, 20.326565195900184 ] ] ], [ [ [ 106.517953888374961, 20.343143137772199 ], [ 106.507571009547746, 20.343143137772199 ], [ 106.504035167028249, 20.334854082188251 ], [ 106.49365263289225, 20.334854082188251 ], [ 106.500725398227686, 20.351432362733291 ], [ 106.521491845609617, 20.351432362733291 ], [ 106.517953888374961, 20.343143137772199 ] ] ], [ [ [ 106.556182279532479, 20.359721757152844 ], [ 106.566565848259785, 20.359721757152844 ], [ 106.559485403683809, 20.343143137772199 ], [ 106.549102524856579, 20.343143137772199 ], [ 106.545565303572204, 20.334854082188251 ], [ 106.524800235300233, 20.334854082188251 ], [ 106.531875069300582, 20.351432362733291 ], [ 106.542258292991534, 20.351432362733291 ], [ 106.549340899953009, 20.368011321112149 ], [ 106.559724813889275, 20.368011321112149 ], [ 106.556182279532479, 20.359721757152844 ] ] ] ] } },
{ "type": "Feature", "properties": { "zone_id": 70, "zone_type": "urban", "area_km2": 11.0, "centroid_lon": 105.924371, "centroid_lat": 20.338999, "urban_pixels": 11, "rural_pixels": 139, "urban_mean_C": 32.2, "rural_mean_C": 30.47, "suhi_C": 1.72 }, "geometry": { "type": "Polygon", "coordinates": [ [ [ 105.9227845871673, 20.359721757152844 ], [ 105.915746916396628, 20.343143137772199 ], [ 105.905364037569413, 20.343143137772199 ], [ 105.898334096076951, 20.326565195900184 ], [ 105.908716285694211, 20.326565195900184 ], [ 105.905203609170584, 20.318276478826718 ], [ 105.925967299712511, 20.318276478826718 ], [ 105.932995789548556, 20.334854082188251 ], [ 105.943378323684556, 20.334854082188251 ], [ 105.946895552878246, 20.343143137772199 ], [ 105.936512674051031, 20.343143137772199 ], [ 105.940031318915572, 20.351432362733291 ], [ 105.929648095224621, 20.351432362733291 ], [ 105.93316815589462, 20.359721757152844 ], [ 105.9227845871673, 20.359721757152844 ] ], [ [ 105.912230721276572, 20.334854082188251 ], [ 105.922613255412571, 20.334854082188251 ], [ 105.919098475311472, 20.326565195900184 ], [ 105.908716285694211, 20.326565195900184 ], [ 105.912230721276572, 20.334854082188251 ] ] ] } },
{ "type": "Feature", "properties": { "zone_id": 71, "zone_type": "urban", "area_km2": 129.0, "centroid_lon": 106.422154, "centroid_lat": 20.264404, "urban_pixels": 129, "rural_pixels": 115, "urban_mean_C": 29.99, "rural_mean_C": 28.84, "suhi_C": 1.15 }, "geometry": { "type": "MultiPolygon", "coordinates": [ [ [ [ 106.30323949115018, 20.326565195900184 ], [ 106.299713729467456, 20.318276478826718 ], [ 106.310095574738426, 20.318276478826718 ], [ 106.306571234012821, 20.309987930886624 ], [ 106.368860240595239, 20.309987930886624 ], [ 106.365335600683537, 20.301699551998674 ], [ 106.4068602290656, 20.301699551998674 ], [ 106.403335979214091, 20.293411342081654 ], [ 106.424097605746624, 20.293411342081654 ], [ 106.42762254325666, 20.301699551998674 ], [ 106.438003700352169, 20.301699551998674 ], [ 106.434478419012891, 20.293411342081654 ], [ 106.455240045545423, 20.293411342081654 ], [ 106.451715842995299, 20.285123301054391 ], [ 106.462096312604544, 20.285123301054391 ], [ 106.451533268904953, 20.260260190499451 ], [ 106.430774389562359, 20.260260190499451 ], [ 106.427257590975685, 20.251972824219646 ], [ 106.416878494272851, 20.251972824219646 ], [ 106.40985087368044, 20.235398597031164 ], [ 106.42022928496236, 20.235398597031164 ], [ 106.41671777657956, 20.227111735960342 ], [ 106.406339707750163, 20.227111735960342 ], [ 106.402830304093712, 20.218825043130412 ], [ 106.392452577544987, 20.218825043130412 ], [ 106.388945277793937, 20.210538518460339 ], [ 106.378567893354045, 20.210538518460339 ], [ 106.371559260521408, 20.193965973275731 ], [ 106.361182559783856, 20.193965973275731 ], [ 106.368190508914154, 20.210538518460339 ], [ 106.357813124474262, 20.210538518460339 ], [ 106.371848786736436, 20.243685626423908 ], [ 106.382227540642816, 20.243685626423908 ], [ 106.392773821259667, 20.26854772534443 ], [ 106.382394038447856, 20.26854772534443 ], [ 106.385912649666153, 20.276835428835696 ], [ 106.375532523541679, 20.276835428835696 ], [ 106.379052555730453, 20.285123301054391 ], [ 106.275247859637801, 20.285123301054391 ], [ 106.278766220018909, 20.293411342081654 ], [ 106.268385406752657, 20.293411342081654 ], [ 106.271905186823886, 20.301699551998674 ], [ 106.25114287263284, 20.301699551998674 ], [ 106.247623780220124, 20.293411342081654 ], [ 106.195719713888792, 20.293411342081654 ], [ 106.199237087155254, 20.301699551998674 ], [ 106.219999401346271, 20.301699551998674 ], [ 106.223519225236245, 20.309987930886624 ], [ 106.233900726333303, 20.309987930886624 ], [ 106.237422657841634, 20.318276478826718 ], [ 106.258186348383575, 20.318276478826718 ], [ 106.261710732681138, 20.326565195900184 ], [ 106.30323949115018, 20.326565195900184 ] ] ], [ [ [ 106.182176608812412, 20.334854082188251 ], [ 106.178653215743026, 20.326565195900184 ], [ 106.189035405360286, 20.326565195900184 ], [ 106.185513431486783, 20.318276478826718 ], [ 106.164749740944842, 20.318276478826718 ], [ 106.168271026125765, 20.326565195900184 ], [ 106.157888836508505, 20.326565195900184 ], [ 106.16493600824974, 20.343143137772199 ], [ 106.185701765904142, 20.343143137772199 ], [ 106.189228687498741, 20.351432362733291 ], [ 106.199611911189706, 20.351432362733291 ], [ 106.196084644731371, 20.343143137772199 ], [ 106.206467523558587, 20.343143137772199 ], [ 106.202941677084411, 20.334854082188251 ], [ 106.182176608812412, 20.334854082188251 ] ] ], [ [ [ 106.251528029644518, 20.351432362733291 ], [ 106.24799903886742, 20.343143137772199 ], [ 106.268764796521864, 20.343143137772199 ], [ 106.261710732681138, 20.326565195900184 ], [ 106.240946353446603, 20.326565195900184 ], [ 106.24447181362838, 20.334854082188251 ], [ 106.23408927949238, 20.334854082188251 ], [ 106.230564163829342, 20.326565195900184 ], [ 106.220181974212096, 20.326565195900184 ], [ 106.216658967299708, 20.318276478826718 ], [ 106.206277122028737, 20.318276478826718 ], [ 106.21332421122041, 20.334854082188251 ], [ 106.223706745356409, 20.334854082188251 ], [ 106.227233281213017, 20.343143137772199 ], [ 106.206467523558587, 20.343143137772199 ], [ 106.209995134880671, 20.351432362733291 ], [ 106.251528029644518, 20.351432362733291 ] ] ] ] } },
{ "type": "Feature", "properties": { "zone_id": 72, "zone_type": "urban", "area_km2": 10.0, "centroid_lon": 106.026353, "centroid_lat": 20.322421, "urban_pixels": 10, "rural_pixels": 60, "urban_mean_C": 29.07, "rural_mean_C": 29.58, "suhi_C": -0.51 }, "geometry": { "type": "MultiPolygon", "coordinates": [ [ [ [ 106.050549442964169, 20.318276478826718 ], [ 106.047033706586021, 20.309987930886624 ], [ 106.057415207683093, 20.309987930886624 ], [ 106.053900887817974, 20.301699551998674 ], [ 106.043519730722466, 20.301699551998674 ], [ 106.04000751489481, 20.293411342081654 ], [ 106.029626701628544, 20.293411342081654 ], [ 106.040167597693184, 20.318276478826718 ], [ 106.050549442964169, 20.318276478826718 ] ] ], [ [ [ 106.029785752422242, 20.318276478826718 ], [ 106.026270704391891, 20.309987930886624 ], [ 106.015889203294805, 20.309987930886624 ], [ 106.019403907151272, 20.318276478826718 ], [ 106.009022061880287, 20.318276478826718 ], [ 106.01253818186683, 20.326565195900184 ], [ 106.00215599224957, 20.326565195900184 ], [ 106.005673528500523, 20.334854082188251 ], [ 106.026438596772508, 20.334854082188251 ], [ 106.022920371484091, 20.326565195900184 ], [ 106.043684750718612, 20.326565195900184 ], [ 106.040167597693184, 20.318276478826718 ], [ 106.029785752422242, 20.318276478826718 ] ] ] ] } },
{ "type": "Feature", "properties": { "zone_id": 73, "zone_type": "urban", "area_km2": 33.0, "centroid_lon": 105.972328, "centroid_lat": 20.256116, "urban_pixels": 33, "rural_pixels": 168, "urban_mean_C": 33.21, "rural_mean_C": 30.23, "suhi_C": 2.98 }, "geometry": { "type": "MultiPolygon", "coordinates": [ [ [ [ 105.974214240969175, 20.285123301054391 ], [ 105.970707604687448, 20.276835428835696 ], [ 105.981087730811922, 20.276835428835696 ], [ 105.977582508786469, 20.26854772534443 ], [ 105.987962291598294, 20.26854772534443 ], [ 105.98445848369623, 20.260260190499451 ], [ 105.994837923367541, 20.260260190499451 ], [ 105.99133552945618, 20.251972824219646 ], [ 106.03285191626756, 20.251972824219646 ], [ 106.025849656248823, 20.235398597031164 ], [ 106.036228067530772, 20.235398597031164 ], [ 106.02923214833956, 20.218825043130412 ], [ 106.018854421790834, 20.218825043130412 ], [ 106.022351161062687, 20.227111735960342 ], [ 106.011973092233305, 20.227111735960342 ], [ 106.015471244966889, 20.235398597031164 ], [ 105.973957599839167, 20.235398597031164 ], [ 105.970460816915732, 20.227111735960342 ], [ 105.960082748086336, 20.227111735960342 ], [ 105.963579188557219, 20.235398597031164 ], [ 105.942822365993351, 20.235398597031164 ], [ 105.960327478562988, 20.276835428835696 ], [ 105.949947352438528, 20.276835428835696 ], [ 105.953453301750656, 20.285123301054391 ], [ 105.974214240969175, 20.285123301054391 ] ] ], [ [ [ 105.943072832141397, 20.285123301054391 ], [ 105.950089316862801, 20.301699551998674 ], [ 105.960470473958324, 20.301699551998674 ], [ 105.953453301750656, 20.285123301054391 ], [ 105.943072832141397, 20.285123301054391 ] ] ] ] } },
{ "type": "Feature", "properties": { "zone_id": 74, "zone_type": "urban", "area_km2": 10.0, "centroid_lon": 106.095346, "centroid_lat": 20.289267, "urban_pixels": 10, "rural_pixels": 73, "urban_mean_C": 29.82, "rural_mean_C": 29.27, "suhi_C": 0.54 }, "geometry": { "type": "Polygon", "coordinates": [ [ [ 106.07466320200902, 20.301699551998674 ], [ 106.067638467452554, 20.285123301054391 ], [ 106.088399406671059, 20.285123301054391 ], [ 106.084888992056591, 20.276835428835696 ], [ 106.105649244305525, 20.276835428835696 ], [ 106.109160345889592, 20.285123301054391 ], [ 106.119540815498866, 20.285123301054391 ], [ 106.126568987486607, 20.301699551998674 ], [ 106.116187830391098, 20.301699551998674 ], [ 106.112673207758675, 20.293411342081654 ], [ 106.091911581226142, 20.293411342081654 ], [ 106.095425516200052, 20.301699551998674 ], [ 106.07466320200902, 20.301699551998674 ] ] ] } },
{ "type": "Feature", "properties": { "zone_id": 75, "zone_type": "urban", "area_km2": 33.0, "centroid_lon": 106.269672, "centroid_lat": 20.222968, "urban_pixels": 33, "rural_pixels": 81, "urban_mean_C": 29.81, "rural_mean_C": 28.93, "suhi_C": 0.88 }, "geometry": { "type": "MultiPolygon", "coordinates": [ [ [ [ 106.292329333838694, 20.251972824219646 ], [ 106.285309938297203, 20.235398597031164 ], [ 106.295688349579152, 20.235398597031164 ], [ 106.28867531205772, 20.218825043130412 ], [ 106.278297585508994, 20.218825043130412 ], [ 106.274794048955101, 20.210538518460339 ], [ 106.26441666451521, 20.210538518460339 ], [ 106.260915229156595, 20.202252161869108 ], [ 106.240161144150903, 20.202252161869108 ], [ 106.236662150933384, 20.193965973275731 ], [ 106.184778647245693, 20.193965973275731 ], [ 106.188275931636667, 20.202252161869108 ], [ 106.167521846630976, 20.202252161869108 ], [ 106.171020204556172, 20.210538518460339 ], [ 106.202152357875846, 20.210538518460339 ], [ 106.198652974139506, 20.202252161869108 ], [ 106.229784101648065, 20.202252161869108 ], [ 106.233284511195535, 20.210538518460339 ], [ 106.243661895635412, 20.210538518460339 ], [ 106.250668675309285, 20.227111735960342 ], [ 106.240290606479917, 20.227111735960342 ], [ 106.247303739859575, 20.243685626423908 ], [ 106.268061247672392, 20.243685626423908 ], [ 106.271571140432997, 20.251972824219646 ], [ 106.292329333838694, 20.251972824219646 ] ] ], [ [ [ 106.261192043730162, 20.251972824219646 ], [ 106.264703354821464, 20.260260190499451 ], [ 106.254323915150167, 20.260260190499451 ], [ 106.25783664470589, 20.26854772534443 ], [ 106.2682164275177, 20.26854772534443 ], [ 106.27173126229701, 20.276835428835696 ], [ 106.28211138842147, 20.276835428835696 ], [ 106.271571140432997, 20.251972824219646 ], [ 106.261192043730162, 20.251972824219646 ] ] ] ] } },
{ "type": "Feature", "properties": { "zone_id": 76, "zone_type": "urban", "area_km2": 12.0, "centroid_lon": 106.356361, "centroid_lat": 20.256116, "urban_pixels": 12, "rural_pixels": 37, "urban_mean_C": 29.52, "rural_mean_C": 28.8, "suhi_C": 0.71 }, "geometry": { "type": "MultiPolygon", "coordinates": [ [ [ [ 106.372014255636017, 20.26854772534443 ], [ 106.364983010758621, 20.251972824219646 ], [ 106.354603914055772, 20.251972824219646 ], [ 106.351091278923619, 20.243685626423908 ], [ 106.34071252501721, 20.243685626423908 ], [ 106.347738872191911, 20.260260190499451 ], [ 106.358118311863223, 20.260260190499451 ], [ 106.361634472824178, 20.26854772534443 ], [ 106.372014255636017, 20.26854772534443 ] ] ], [ [ [ 106.340874907200529, 20.26854772534443 ], [ 106.3373594325206, 20.260260190499451 ], [ 106.326979992849289, 20.260260190499451 ], [ 106.319955017204393, 20.243685626423908 ], [ 106.309576263297998, 20.243685626423908 ], [ 106.323631892919352, 20.276835428835696 ], [ 106.365152397417219, 20.276835428835696 ], [ 106.361634472824178, 20.26854772534443 ], [ 106.340874907200529, 20.26854772534443 ] ] ] ] } },
{ "type": "Feature", "properties": { "zone_id": 77, "zone_type": "urban", "area_km2": 10.0, "centroid_lon": 106.107126, "centroid_lat": 20.231255, "urban_pixels": 10, "rural_pixels": 77, "urban_mean_C": 29.71, "rural_mean_C": 29.23, "suhi_C": 0.48 }, "geometry": { "type": "MultiPolygon", "coordinates": [ [ [ [ 106.084505506608195, 20.202252161869108 ], [ 106.06375142160249, 20.202252161869108 ], [ 106.067246360157213, 20.210538518460339 ], [ 106.077623744597119, 20.210538518460339 ], [ 106.0811207810832, 20.218825043130412 ], [ 106.091498507631925, 20.218825043130412 ], [ 106.084505506608195, 20.202252161869108 ] ] ], [ [ [ 106.094997642868435, 20.227111735960342 ], [ 106.084619574039039, 20.227111735960342 ], [ 106.088120123940442, 20.235398597031164 ], [ 106.09849853522239, 20.235398597031164 ], [ 106.102001185169925, 20.243685626423908 ], [ 106.11237993907632, 20.243685626423908 ], [ 106.108876946504324, 20.235398597031164 ], [ 106.119255357786258, 20.235398597031164 ], [ 106.122758692982728, 20.243685626423908 ], [ 106.133137446889123, 20.243685626423908 ], [ 106.126131849356597, 20.227111735960342 ], [ 106.105375711697818, 20.227111735960342 ], [ 106.101876234180651, 20.218825043130412 ], [ 106.091498507631925, 20.218825043130412 ], [ 106.094997642868435, 20.227111735960342 ] ] ] ] } },
{ "type": "Feature", "properties": { "zone_id": 78, "zone_type": "urban", "area_km2": 26.0, "centroid_lon": 106.323245, "centroid_lat": 20.214682, "urban_pixels": 26, "rural_pixels": 34, "urban_mean_C": 29.3, "rural_mean_C": 28.89, "suhi_C": 0.41 }, "geometry": { "type": "Polygon", "coordinates": [ [ [ 106.32682358342494, 20.235398597031164 ], [ 106.319808491703895, 20.218825043130412 ], [ 106.30943076515517, 20.218825043130412 ], [ 106.305926202274776, 20.210538518460339 ], [ 106.285171433395007, 20.210538518460339 ], [ 106.274670352083007, 20.18567995259923 ], [ 106.336928506946563, 20.18567995259923 ], [ 106.340429158308794, 20.193965973275731 ], [ 106.350805859046332, 20.193965973275731 ], [ 106.354308611682228, 20.202252161869108 ], [ 106.343931569179375, 20.202252161869108 ], [ 106.347435740034356, 20.210538518460339 ], [ 106.337058355594465, 20.210538518460339 ], [ 106.347580405988822, 20.235398597031164 ], [ 106.32682358342494, 20.235398597031164 ] ] ] } },
{ "type": "Feature", "properties": { "zone_id": 79, "zone_type": "urban", "area_km2": 25.0, "centroid_lon": 106.077429, "centroid_lat": 20.160823, "urban_pixels": 25, "rural_pixels": 133, "urban_mean_C": 30.34, "rural_mean_C": 29.87, "suhi_C": 0.47 }, "geometry": { "type": "MultiPolygon", "coordinates": [ [ [ [ 106.080916245526538, 20.169108414673076 ], [ 106.087895887492351, 20.18567995259923 ], [ 106.098272246636284, 20.18567995259923 ], [ 106.105259591613887, 20.202252161869108 ], [ 106.115636634116726, 20.202252161869108 ], [ 106.105157224733915, 20.177394099758658 ], [ 106.094781207011977, 20.177394099758658 ], [ 106.084318613906134, 20.152537547443195 ], [ 106.07394361942066, 20.152537547443195 ], [ 106.070459936131286, 20.144252365137124 ], [ 106.060085282381664, 20.144252365137124 ], [ 106.049645767072064, 20.119397822484 ], [ 106.039272134501672, 20.119397822484 ], [ 106.035796138658199, 20.111113309418545 ], [ 106.02542284613827, 20.111113309418545 ], [ 106.021948940487704, 20.102828963461224 ], [ 106.011575987847024, 20.102828963461224 ], [ 106.025480752646104, 20.135967350262465 ], [ 106.035855065831285, 20.135967350262465 ], [ 106.03933597488242, 20.144252365137124 ], [ 106.049710628632042, 20.144252365137124 ], [ 106.053193630449712, 20.152537547443195 ], [ 106.063568624935186, 20.152537547443195 ], [ 106.070540569054955, 20.169108414673076 ], [ 106.080916245526538, 20.169108414673076 ] ] ], [ [ [ 106.060164892583359, 20.169108414673076 ], [ 106.06365315384609, 20.177394099758658 ], [ 106.053277136124123, 20.177394099758658 ], [ 106.056766810060566, 20.18567995259923 ], [ 106.077519528348432, 20.18567995259923 ], [ 106.070540569054955, 20.169108414673076 ], [ 106.060164892583359, 20.169108414673076 ] ] ] ] } },
{ "type": "Feature", "properties": { "zone_id": 80, "zone_type": "urban", "area_km2": 12.0, "centroid_lon": 105.914871, "centroid_lat": 20.15668, "urban_pixels": 12, "rural_pixels": 232, "urban_mean_C": 34.03, "rural_mean_C": 31.59, "suhi_C": 2.44 }, "geometry": { "type": "Polygon", "coordinates": [ [ [ 105.914905421981103, 20.169108414673076 ], [ 105.911423689443552, 20.160822897261557 ], [ 105.901048354050786, 20.160822897261557 ], [ 105.897568713167701, 20.152537547443195 ], [ 105.876818724196767, 20.152537547443195 ], [ 105.869866054868254, 20.135967350262465 ], [ 105.88024036805345, 20.135967350262465 ], [ 105.883716168638102, 20.144252365137124 ], [ 105.935589437386199, 20.144252365137124 ], [ 105.939068691109583, 20.152537547443195 ], [ 105.928693696624109, 20.152537547443195 ], [ 105.935656774924283, 20.169108414673076 ], [ 105.914905421981103, 20.169108414673076 ] ] ] } },
{ "type": "Feature", "properties": { "zone_id": 81, "zone_type": "urban", "area_km2": 20.0, "centroid_lon": 106.110148, "centroid_lat": 20.115256, "urban_pixels": 20, "rural_pixels": 93, "urban_mean_C": 30.89, "rural_mean_C": 29.44, "suhi_C": 1.45 }, "geometry": { "type": "Polygon", "coordinates": [ [ [ 106.132707858629018, 20.144252365137124 ], [ 106.125741663467494, 20.127682502738367 ], [ 106.115367690675356, 20.127682502738367 ], [ 106.111887562494402, 20.119397822484 ], [ 106.10151392992401, 20.119397822484 ], [ 106.098035893777748, 20.111113309418545 ], [ 106.077289308737889, 20.111113309418545 ], [ 106.070339849171489, 20.094544784531244 ], [ 106.059967236238862, 20.094544784531244 ], [ 106.056495471311976, 20.086260772547849 ], [ 106.077240018103424, 20.086260772547849 ], [ 106.073769323858841, 20.077976927430299 ], [ 106.094513191918665, 20.077976927430299 ], [ 106.101457687969415, 20.094544784531244 ], [ 106.111830300902042, 20.094544784531244 ], [ 106.122261195064794, 20.119397822484 ], [ 106.132634827635187, 20.119397822484 ], [ 106.143082512378641, 20.144252365137124 ], [ 106.132707858629018, 20.144252365137124 ] ] ] } },
{ "type": "Feature", "properties": { "zone_id": 82, "zone_type": "urban", "area_km2": 18.0, "centroid_lon": 106.270937, "centroid_lat": 20.115256, "urban_pixels": 18, "rural_pixels": 36, "urban_mean_C": 30.58, "rural_mean_C": 28.82, "suhi_C": 1.76 }, "geometry": { "type": "Polygon", "coordinates": [ [ [ 106.277953011123714, 20.144252365137124 ], [ 106.270977282557268, 20.127682502738367 ], [ 106.260603309765145, 20.127682502738367 ], [ 106.25711841847982, 20.119397822484 ], [ 106.246744785909442, 20.119397822484 ], [ 106.243261989056677, 20.111113309418545 ], [ 106.274381866616451, 20.111113309418545 ], [ 106.260464136397161, 20.077976927430299 ], [ 106.27083607042708, 20.077976927430299 ], [ 106.277792107824283, 20.094544784531244 ], [ 106.28816472075691, 20.094544784531244 ], [ 106.291645709145641, 20.102828963461224 ], [ 106.281272756504947, 20.102828963461224 ], [ 106.284755159136367, 20.111113309418545 ], [ 106.295128451656296, 20.111113309418545 ], [ 106.298612948761388, 20.119397822484 ], [ 106.308986581331766, 20.119397822484 ], [ 106.31596152183144, 20.135967350262465 ], [ 106.305587208646259, 20.135967350262465 ], [ 106.302099200933668, 20.127682502738367 ], [ 106.281351255349392, 20.127682502738367 ], [ 106.28832766487335, 20.144252365137124 ], [ 106.277953011123714, 20.144252365137124 ] ] ] } },
{ "type": "Feature", "properties": { "zone_id": 83, "zone_type": "urban", "area_km2": 10.0, "centroid_lon": 105.639996, "centroid_lat": 19.982725, "urban_pixels": 10, "rural_pixels": 162, "urban_mean_C": 34.19, "rural_mean_C": 31.46, "suhi_C": 2.73 }, "geometry": { "type": "Polygon", "coordinates": [ [ [ 105.638225127404567, 20.003429817021484 ], [ 105.627910179147904, 19.97858377218925 ], [ 105.638278054116398, 19.97858377218925 ], [ 105.631409433667926, 19.962020571524292 ], [ 105.621042232820571, 19.962020571524292 ], [ 105.617610864015901, 19.953739219717288 ], [ 105.638344592100708, 19.953739219717288 ], [ 105.641776634515281, 19.962020571524292 ], [ 105.652143835362622, 19.962020571524292 ], [ 105.659013804053401, 19.97858377218925 ], [ 105.648645929084907, 19.97858377218925 ], [ 105.652083182169292, 19.986865621208175 ], [ 105.641714969884475, 19.986865621208175 ], [ 105.648594014833648, 20.003429817021484 ], [ 105.638225127404567, 20.003429817021484 ] ] ] } },
{ "type": "Feature", "properties": { "zone_id": 84, "zone_type": "urban", "area_km2": 10.0, "centroid_lon": 105.534636, "centroid_lat": 19.966161, "urban_pixels": 10, "rural_pixels": 145, "urban_mean_C": 31.98, "rural_mean_C": 32.65, "suhi_C": -0.67 }, "geometry": { "type": "MultiPolygon", "coordinates": [ [ [ [ 105.551982066384767, 19.945458033486648 ], [ 105.555409679761468, 19.953739219717288 ], [ 105.565776543803878, 19.953739219717288 ], [ 105.558922378086393, 19.937177012751924 ], [ 105.538189996199293, 19.937177012751924 ], [ 105.541615538976941, 19.945458033486648 ], [ 105.551982066384767, 19.945458033486648 ] ] ], [ [ [ 105.531249011569116, 19.945458033486648 ], [ 105.538104626041758, 19.962020571524292 ], [ 105.517370224347061, 19.962020571524292 ], [ 105.52079995948273, 19.970302088988124 ], [ 105.531167497305418, 19.970302088988124 ], [ 105.534599304431325, 19.97858377218925 ], [ 105.555335054368342, 19.97858377218925 ], [ 105.541615538976941, 19.945458033486648 ], [ 105.531249011569116, 19.945458033486648 ] ] ] ] } },
{ "type": "Feature", "properties": { "zone_id": 85, "zone_type": "urban", "area_km2": 24.0, "centroid_lon": 105.935632, "centroid_lat": 19.908195, "urban_pixels": 24, "rural_pixels": 83, "urban_mean_C": 32.48, "rural_mean_C": 31.17, "suhi_C": 1.32 }, "geometry": { "type": "Polygon", "coordinates": [ [ [ 105.914810525658325, 19.945458033486648 ], [ 105.907936954306237, 19.9288961574327 ], [ 105.918302808955772, 19.9288961574327 ], [ 105.914868296137939, 19.920615467448556 ], [ 105.925233814663699, 19.920615467448556 ], [ 105.9149397002396, 19.895774388702829 ], [ 105.925304211414868, 19.895774388702829 ], [ 105.921875980418363, 19.887494359255296 ], [ 105.942604331882237, 19.887494359255296 ], [ 105.963203824884502, 19.937177012751924 ], [ 105.973570015828045, 19.937177012751924 ], [ 105.97700969010522, 19.945458033486648 ], [ 105.945910107881772, 19.945458033486648 ], [ 105.942471442997416, 19.937177012751924 ], [ 105.921739061110344, 19.937177012751924 ], [ 105.92517705306615, 19.945458033486648 ], [ 105.914810525658325, 19.945458033486648 ] ] ] } },
{ "type": "Feature", "properties": { "zone_id": 86, "zone_type": "urban", "area_km2": 12.0, "centroid_lon": 105.534816, "centroid_lat": 19.916475, "urban_pixels": 12, "rural_pixels": 142, "urban_mean_C": 32.86, "rural_mean_C": 32.73, "suhi_C": 0.13 }, "geometry": { "type": "Polygon", "coordinates": [ [ [ 105.507091423368678, 19.937177012751924 ], [ 105.503668622974345, 19.9288961574327 ], [ 105.514034477623866, 19.9288961574327 ], [ 105.510613073633579, 19.920615467448556 ], [ 105.520978592159338, 19.920615467448556 ], [ 105.514140308686379, 19.90405458316399 ], [ 105.545234849052406, 19.90405458316399 ], [ 105.541817297929327, 19.895774388702829 ], [ 105.552181809104624, 19.895774388702829 ], [ 105.559019314739643, 19.912334942719113 ], [ 105.548654132167485, 19.912334942719113 ], [ 105.552075147736602, 19.920615467448556 ], [ 105.531344110685097, 19.920615467448556 ], [ 105.534766186922951, 19.9288961574327 ], [ 105.524400332273402, 19.9288961574327 ], [ 105.52782380525575, 19.937177012751924 ], [ 105.507091423368678, 19.937177012751924 ] ] ] } },
{ "type": "Feature", "properties": { "zone_id": 87, "zone_type": "urban", "area_km2": 27.0, "centroid_lon": 105.610798, "centroid_lat": 19.924756, "urban_pixels": 27, "rural_pixels": 153, "urban_mean_C": 31.27, "rural_mean_C": 32.09, "suhi_C": -0.82 }, "geometry": { "type": "MultiPolygon", "coordinates": [ [ [ [ 105.555844013020703, 19.854375889995321 ], [ 105.545481177362632, 19.854375889995321 ], [ 105.555715070730045, 19.879214494741085 ], [ 105.56607891118864, 19.879214494741085 ], [ 105.555844013020703, 19.854375889995321 ] ] ], [ [ [ 105.628261953940168, 19.879214494741085 ], [ 105.617898113481573, 19.879214494741085 ], [ 105.611069767501974, 19.862655260191364 ], [ 105.579980256236908, 19.862655260191364 ], [ 105.583392558673012, 19.870934795079865 ], [ 105.593756064028199, 19.870934795079865 ], [ 105.597170432564411, 19.879214494741085 ], [ 105.607534273023006, 19.879214494741085 ], [ 105.610950708460194, 19.887494359255296 ], [ 105.631679059924053, 19.887494359255296 ], [ 105.628261953940168, 19.879214494741085 ] ] ], [ [ [ 105.579858181264356, 19.887494359255296 ], [ 105.590222356996307, 19.887494359255296 ], [ 105.583392558673012, 19.870934795079865 ], [ 105.573029053317811, 19.870934795079865 ], [ 105.576442751647235, 19.879214494741085 ], [ 105.56607891118864, 19.879214494741085 ], [ 105.572910831455189, 19.895774388702829 ], [ 105.583275342630458, 19.895774388702829 ], [ 105.579858181264356, 19.887494359255296 ] ] ], [ [ [ 105.628153623361783, 19.90405458316399 ], [ 105.624733387331602, 19.895774388702829 ], [ 105.614368876156334, 19.895774388702829 ], [ 105.610950708460194, 19.887494359255296 ], [ 105.600586532728258, 19.887494359255296 ], [ 105.607423929784431, 19.90405458316399 ], [ 105.617788776573107, 19.90405458316399 ], [ 105.621210410172523, 19.912334942719113 ], [ 105.641940775316797, 19.912334942719113 ], [ 105.638518470150444, 19.90405458316399 ], [ 105.628153623361783, 19.90405458316399 ] ] ], [ [ [ 105.603902740365371, 19.920615467448556 ], [ 105.60048004502822, 19.912334942719113 ], [ 105.579749679883932, 19.912334942719113 ], [ 105.583171703313852, 19.920615467448556 ], [ 105.593537221839611, 19.920615467448556 ], [ 105.600387141860551, 19.937177012751924 ], [ 105.621119523747637, 19.937177012751924 ], [ 105.617693024119234, 19.9288961574327 ], [ 105.628058878768769, 19.9288961574327 ], [ 105.621210410172523, 19.912334942719113 ], [ 105.610845227600365, 19.912334942719113 ], [ 105.614268258891116, 19.920615467448556 ], [ 105.603902740365371, 19.920615467448556 ] ] ] ] } },
{ "type": "Feature", "properties": { "zone_id": 88, "zone_type": "urban", "area_km2": 16.0, "centroid_lon": 105.73185, "centroid_lat": 19.891634, "urban_pixels": 16, "rural_pixels": 145, "urban_mean_C": 31.63, "rural_mean_C": 31.3, "suhi_C": 0.32 }, "geometry": { "type": "MultiPolygon", "coordinates": [ [ [ [ 105.693864114315701, 19.887494359255296 ], [ 105.714592465779575, 19.887494359255296 ], [ 105.711172677608886, 19.879214494741085 ], [ 105.700808837150291, 19.879214494741085 ], [ 105.697391117580082, 19.870934795079865 ], [ 105.687027612224895, 19.870934795079865 ], [ 105.683611960453845, 19.862655260191364 ], [ 105.662885619610478, 19.862655260191364 ], [ 105.666300601514521, 19.870934795079865 ], [ 105.676664106869708, 19.870934795079865 ], [ 105.680081156233115, 19.879214494741085 ], [ 105.69044499669171, 19.879214494741085 ], [ 105.693864114315701, 19.887494359255296 ] ] ], [ [ [ 105.679977857305147, 19.90405458316399 ], [ 105.690342704093808, 19.90405458316399 ], [ 105.680081156233115, 19.879214494741085 ], [ 105.669717315774534, 19.879214494741085 ], [ 105.679977857305147, 19.90405458316399 ] ] ], [ [ [ 105.714592465779575, 19.887494359255296 ], [ 105.718013987909188, 19.895774388702829 ], [ 105.749107521435022, 19.895774388702829 ], [ 105.745684992975384, 19.887494359255296 ], [ 105.714592465779575, 19.887494359255296 ] ] ], [ [ [ 105.762896631614524, 19.90405458316399 ], [ 105.766322966182557, 19.912334942719113 ], [ 105.776688148754715, 19.912334942719113 ], [ 105.773261478403199, 19.90405458316399 ], [ 105.783626325191861, 19.90405458316399 ], [ 105.780201054960898, 19.895774388702829 ], [ 105.749107521435022, 19.895774388702829 ], [ 105.752531784825848, 19.90405458316399 ], [ 105.762896631614524, 19.90405458316399 ] ] ] ] } },
{ "type": "Feature", "properties": { "zone_id": 89, "zone_type": "urban", "area_km2": 99.0, "centroid_lon": 105.789333, "centroid_lat": 19.792286, "urban_pixels": 99, "rural_pixels": 144, "urban_mean_C": 33.81, "rural_mean_C": 31.39, "suhi_C": 2.42 }, "geometry": { "type": "Polygon", "coordinates": [ [ [ 105.790662665776793, 19.870934795079865 ], [ 105.787243664670797, 19.862655260191364 ], [ 105.797606835092495, 19.862655260191364 ], [ 105.79077336486155, 19.846096684411478 ], [ 105.780410863797314, 19.846096684411478 ], [ 105.776997063107643, 19.837817643359596 ], [ 105.766634896467465, 19.837817643359596 ], [ 105.752998350610724, 19.804703122867654 ], [ 105.742637519969904, 19.804703122867654 ], [ 105.739233044584012, 19.796424903272705 ], [ 105.74959354164892, 19.796424903272705 ], [ 105.746190462769576, 19.788146847728683 ], [ 105.756550626428108, 19.788146847728683 ], [ 105.753148943935514, 19.779868956155479 ], [ 105.763508774357149, 19.779868956155479 ], [ 105.756709930952269, 19.763313664601156 ], [ 105.767069095408232, 19.763313664601156 ], [ 105.763671934087924, 19.755036264459903 ], [ 105.77403076581507, 19.755036264459903 ], [ 105.770635000234947, 19.746759027969187 ], [ 105.780993499402527, 19.746759027969187 ], [ 105.770815572240636, 19.721928299600112 ], [ 105.791530577248892, 19.721928299600112 ], [ 105.784752600094663, 19.705375297473417 ], [ 105.795109439002061, 19.705375297473417 ], [ 105.812068996905282, 19.746759027969187 ], [ 105.801710497737687, 19.746759027969187 ], [ 105.811905974902302, 19.771591228473 ], [ 105.822265472256419, 19.771591228473 ], [ 105.825667756886887, 19.779868956155479 ], [ 105.836027587308521, 19.779868956155479 ], [ 105.839431935696467, 19.788146847728683 ], [ 105.829071772037921, 19.788146847728683 ], [ 105.832477518168275, 19.796424903272705 ], [ 105.853198512298135, 19.796424903272705 ], [ 105.856606657018673, 19.804703122867654 ], [ 105.846245826377881, 19.804703122867654 ], [ 105.866729082762561, 19.854375889995321 ], [ 105.856366247104489, 19.854375889995321 ], [ 105.863207203263116, 19.870934795079865 ], [ 105.852843697907929, 19.870934795079865 ], [ 105.849422687200985, 19.862655260191364 ], [ 105.839059516779301, 19.862655260191364 ], [ 105.835640575788389, 19.854375889995321 ], [ 105.846003411446432, 19.854375889995321 ], [ 105.835755989283598, 19.829538766759459 ], [ 105.825394156897744, 19.829538766759459 ], [ 105.82198215042537, 19.821260054530875 ], [ 105.811620652124134, 19.821260054530875 ], [ 105.815032324511876, 19.829538766759459 ], [ 105.804670492125993, 19.829538766759459 ], [ 105.818333175935905, 19.862655260191364 ], [ 105.807970005514207, 19.862655260191364 ], [ 105.811389676487167, 19.870934795079865 ], [ 105.790662665776793, 19.870934795079865 ] ], [ [ 105.808210712045039, 19.812981506593665 ], [ 105.818571876431264, 19.812981506593665 ], [ 105.815163334455491, 19.804703122867654 ], [ 105.804802503814699, 19.804703122867654 ], [ 105.808210712045039, 19.812981506593665 ] ], [ [ 105.815163334455491, 19.804703122867654 ], [ 105.835884995737075, 19.804703122867654 ], [ 105.832477518168275, 19.796424903272705 ], [ 105.811756524038444, 19.796424903272705 ], [ 105.815163334455491, 19.804703122867654 ] ], [ [ 105.791351998570121, 19.746759027969187 ], [ 105.801710497737687, 19.746759027969187 ], [ 105.794922156320936, 19.730205045619289 ], [ 105.784564321764819, 19.730205045619289 ], [ 105.791351998570121, 19.746759027969187 ] ] ] } },
{ "type": "Feature", "properties": { "zone_id": 90, "zone_type": "urban", "area_km2": 10.0, "centroid_lon": 105.649551, "centroid_lat": 19.779869, "urban_pixels": 10, "rural_pixels": 161, "urban_mean_C": 32.74, "rural_mean_C": 31.75, "suhi_C": 0.99 }, "geometry": { "type": "MultiPolygon", "coordinates": [ [ [ [ 105.663309153501203, 19.788146847728683 ], [ 105.656513514590628, 19.771591228473 ], [ 105.63579451988241, 19.771591228473 ], [ 105.64258882618411, 19.788146847728683 ], [ 105.663309153501203, 19.788146847728683 ] ] ], [ [ [ 105.645988570999705, 19.796424903272705 ], [ 105.64258882618411, 19.788146847728683 ], [ 105.632228662525577, 19.788146847728683 ], [ 105.639029213561955, 19.804703122867654 ], [ 105.659750874843539, 19.804703122867654 ], [ 105.656349068064628, 19.796424903272705 ], [ 105.645988570999705, 19.796424903272705 ] ] ], [ [ [ 105.680328503495545, 19.829538766759459 ], [ 105.670111705484345, 19.804703122867654 ], [ 105.659750874843539, 19.804703122867654 ], [ 105.669966671109677, 19.829538766759459 ], [ 105.680328503495545, 19.829538766759459 ] ] ] ] } },
{ "type": "Feature", "properties": { "zone_id": 91, "zone_type": "urban", "area_km2": 11.0, "centroid_lon": 105.68581, "centroid_lat": 19.779869, "urban_pixels": 11, "rural_pixels": 121, "urban_mean_C": 32.0, "rural_mean_C": 31.83, "suhi_C": 0.17 }, "geometry": { "type": "Polygon", "coordinates": [ [ [ 105.701194197406721, 19.804703122867654 ], [ 105.694389644476843, 19.788146847728683 ], [ 105.673669317159749, 19.788146847728683 ], [ 105.666873011944745, 19.771591228473 ], [ 105.687592006652963, 19.771591228473 ], [ 105.684195779760515, 19.763313664601156 ], [ 105.673836615304538, 19.763313664601156 ], [ 105.670442448543682, 19.755036264459903 ], [ 105.691160111997959, 19.755036264459903 ], [ 105.711555028047528, 19.804703122867654 ], [ 105.701194197406721, 19.804703122867654 ] ] ] } },
{ "type": "Feature", "properties": { "zone_id": 92, "zone_type": "urban", "area_km2": 13.0, "centroid_lon": 105.896718, "centroid_lat": 19.738482, "urban_pixels": 10, "rural_pixels": 38, "urban_mean_C": 34.18, "rural_mean_C": 31.12, "suhi_C": 3.07 }, "geometry": { "type": "Polygon", "coordinates": [ [ [ 105.898186569838259, 19.779868956155479 ], [ 105.887977914813604, 19.755036264459903 ], [ 105.898336746540735, 19.755036264459903 ], [ 105.884748099786137, 19.721928299600112 ], [ 105.895105602290272, 19.721928299600112 ], [ 105.908695578267881, 19.755036264459903 ], [ 105.919054409995027, 19.755036264459903 ], [ 105.929266061103135, 19.779868956155479 ], [ 105.898186569838259, 19.779868956155479 ] ] ] } },
{ "type": "Feature", "properties": { "zone_id": 93, "zone_type": "urban", "area_km2": 11.0, "centroid_lon": 105.848242, "centroid_lat": 19.759175, "urban_pixels": 11, "rural_pixels": 41, "urban_mean_C": 32.06, "rural_mean_C": 31.03, "suhi_C": 1.03 }, "geometry": { "type": "Polygon", "coordinates": [ [ [ 105.842984466964651, 19.771591228473 ], [ 105.829389963330044, 19.738481955048986 ], [ 105.870822630439122, 19.738481955048986 ], [ 105.881019904423852, 19.763313664601156 ], [ 105.870660739967889, 19.763313664601156 ], [ 105.867260251359312, 19.755036264459903 ], [ 105.85690141963218, 19.755036264459903 ], [ 105.860301575511926, 19.763313664601156 ], [ 105.849942411055963, 19.763313664601156 ], [ 105.853343964318768, 19.771591228473 ], [ 105.842984466964651, 19.771591228473 ] ], [ [ 105.846542587905049, 19.755036264459903 ], [ 105.85690141963218, 19.755036264459903 ], [ 105.853502993575631, 19.746759027969187 ], [ 105.843144494408051, 19.746759027969187 ], [ 105.846542587905049, 19.755036264459903 ] ] ] } },
{ "type": "Feature", "properties": { "zone_id": 94, "zone_type": "urban", "area_km2": 21.0, "centroid_lon": 105.833248, "centroid_lat": 19.684685, "urban_pixels": 18, "rural_pixels": 50, "urban_mean_C": 32.8, "rural_mean_C": 31.42, "suhi_C": 1.38 }, "geometry": { "type": "Polygon", "coordinates": [ [ [ 105.836353494545463, 19.730205045619289 ], [ 105.826179955724243, 19.705375297473417 ], [ 105.836536794631641, 19.705375297473417 ], [ 105.809480660911703, 19.639169809400851 ], [ 105.83018904346595, 19.639169809400851 ], [ 105.833565684086921, 19.647444925710619 ], [ 105.823211162446768, 19.647444925710619 ], [ 105.826589196770342, 19.655720204631937 ], [ 105.836944048942229, 19.655720204631937 ], [ 105.847089493456693, 19.680547017863447 ], [ 105.836733648676983, 19.680547017863447 ], [ 105.84011858380677, 19.688822948029323 ], [ 105.850474759793443, 19.688822948029323 ], [ 105.864033094777852, 19.721928299600112 ], [ 105.853675592273731, 19.721928299600112 ], [ 105.857069163657712, 19.730205045619289 ], [ 105.836353494545463, 19.730205045619289 ] ], [ [ 105.843318089769596, 19.721928299600112 ], [ 105.853675592273731, 19.721928299600112 ], [ 105.850283749052991, 19.713651716911471 ], [ 105.839926578431744, 19.713651716911471 ], [ 105.843318089769596, 19.721928299600112 ] ] ] } },
{ "type": "Feature", "properties": { "zone_id": 95, "zone_type": "urban", "area_km2": 15.0, "centroid_lon": 105.77053, "centroid_lat": 19.428209, "urban_pixels": 15, "rural_pixels": 181, "urban_mean_C": 32.39, "rural_mean_C": 30.86, "suhi_C": 1.53 }, "geometry": { "type": "Polygon", "coordinates": [ [ [ 105.78037167266406, 19.465429788984036 ], [ 105.7770321976015, 19.457158229968478 ], [ 105.766685231720885, 19.457158229968478 ], [ 105.75667806898565, 19.432344517286548 ], [ 105.767024055883425, 19.432344517286548 ], [ 105.760360526497607, 19.41580284500866 ], [ 105.781051196658339, 19.41580284500866 ], [ 105.771066788361935, 19.390991539269844 ], [ 105.781411146972033, 19.390991539269844 ], [ 105.798062016576722, 19.432344517286548 ], [ 105.787716029678961, 19.432344517286548 ], [ 105.78438275678927, 19.424073600916181 ], [ 105.774037095883955, 19.424073600916181 ], [ 105.790718965207617, 19.465429788984036 ], [ 105.78037167266406, 19.465429788984036 ] ] ] } },
{ "type": "Feature", "properties": { "zone_id": 96, "zone_type": "urban", "area_km2": 10.0, "centroid_lon": 105.427225, "centroid_lat": 19.333104, "urban_pixels": 10, "rural_pixels": 301, "urban_mean_C": 36.6, "rural_mean_C": 34.11, "suhi_C": 2.49 }, "geometry": { "type": "Polygon", "coordinates": [ [ [ 105.420187030207146, 19.341373249582986 ], [ 105.406980907054205, 19.308297584251523 ], [ 105.43800425079219, 19.308297584251523 ], [ 105.444605850605356, 19.324835097893597 ], [ 105.434264088556446, 19.324835097893597 ], [ 105.44087185058001, 19.341373249582986 ], [ 105.420187030207146, 19.341373249582986 ] ] ] } },
{ "type": "Feature", "properties": { "zone_id": 97, "zone_type": "urban", "area_km2": 60.0, "centroid_lon": 105.691357, "centroid_lat": 19.126427, "urban_pixels": 60, "rural_pixels": 156, "urban_mean_C": 33.31, "rural_mean_C": 31.39, "suhi_C": 1.92 }, "geometry": { "type": "MultiPolygon", "coordinates": [ [ [ [ 105.704115372492993, 19.093367681520611 ], [ 105.700850364586145, 19.085103279242684 ], [ 105.690517925645324, 19.085103279242684 ], [ 105.693782614392063, 19.093367681520611 ], [ 105.704115372492993, 19.093367681520611 ] ] ], [ [ [ 105.682402344775952, 19.14295740128663 ], [ 105.692737021320525, 19.14295740128663 ], [ 105.689462791413959, 19.134692054015492 ], [ 105.710131504192191, 19.134692054015492 ], [ 105.713406374409658, 19.14295740128663 ], [ 105.723741050954246, 19.14295740128663 ], [ 105.710650476713596, 19.109896958061373 ], [ 105.700317079795056, 19.109896958061373 ], [ 105.693782614392063, 19.093367681520611 ], [ 105.652451581988359, 19.093367681520611 ], [ 105.658983492120882, 19.109896958061373 ], [ 105.648650095202328, 19.109896958061373 ], [ 105.65191827443951, 19.118161832481615 ], [ 105.662251991015651, 19.118161832481615 ], [ 105.67534295559814, 19.151222906332265 ], [ 105.685677952464204, 19.151222906332265 ], [ 105.682402344775952, 19.14295740128663 ] ] ], [ [ [ 105.655188149975956, 19.12642686444007 ], [ 105.644854113576315, 19.12642686444007 ], [ 105.635050534402936, 19.101632241100603 ], [ 105.614384379549278, 19.101632241100603 ], [ 105.620917124711085, 19.118161832481615 ], [ 105.610583408134943, 19.118161832481615 ], [ 105.613852004377364, 19.12642686444007 ], [ 105.603517967977737, 19.12642686444007 ], [ 105.606787940301103, 19.134692054015492 ], [ 105.617122296690212, 19.134692054015492 ], [ 105.623667971267764, 19.151222906332265 ], [ 105.634002968133842, 19.151222906332265 ], [ 105.637278671757244, 19.159488569231204 ], [ 105.647613989110894, 19.159488569231204 ], [ 105.650891711366683, 19.167754390062253 ], [ 105.661227349374059, 19.167754390062253 ], [ 105.664507091030899, 19.176020368904233 ], [ 105.695514967512665, 19.176020368904233 ], [ 105.688955258525525, 19.159488569231204 ], [ 105.678619941171874, 19.159488569231204 ], [ 105.67534295559814, 19.151222906332265 ], [ 105.665007958732062, 19.151222906332265 ], [ 105.655188149975956, 19.12642686444007 ] ] ] ] } },
{ "type": "Feature", "properties": { "zone_id": 98, "zone_type": "urban", "area_km2": 44.0, "centroid_lon": 105.591123, "centroid_lat": 18.990074, "urban_pixels": 42, "rural_pixels": 174, "urban_mean_C": 32.78, "rural_mean_C": 31.05, "suhi_C": 1.72 }, "geometry": { "type": "MultiPolygon", "coordinates": [ [ [ [ 105.595401084892202, 19.027256861148128 ], [ 105.588904949868393, 19.01073072435771 ], [ 105.599234523821622, 19.01073072435771 ], [ 105.605731294350718, 19.027256861148128 ], [ 105.616061503809235, 19.027256861148128 ], [ 105.619312743911863, 19.035520164513692 ], [ 105.629643271371165, 19.035520164513692 ], [ 105.613402393536347, 18.994205213631318 ], [ 105.623731332645733, 18.994205213631318 ], [ 105.614006138072511, 18.969418120037918 ], [ 105.624334126155645, 18.969418120037918 ], [ 105.611389576241876, 18.936370847277605 ], [ 105.590736131521766, 18.936370847277605 ], [ 105.600440113417591, 18.961156067858543 ], [ 105.590112442012853, 18.961156067858543 ], [ 105.593350161906258, 18.969418120037918 ], [ 105.583022173823124, 18.969418120037918 ], [ 105.586261265393233, 18.977680328340867 ], [ 105.565604655539886, 18.977680328340867 ], [ 105.568844801877248, 18.98594269284585 ], [ 105.558516179941819, 18.98594269284585 ], [ 105.565000905185968, 19.002467890775772 ], [ 105.575330161634611, 19.002467890775772 ], [ 105.585070875433686, 19.027256861148128 ], [ 105.595401084892202, 19.027256861148128 ] ] ], [ [ [ 105.57474066597517, 19.027256861148128 ], [ 105.587750687924014, 19.060311015434628 ], [ 105.598082170378802, 19.060311015434628 ], [ 105.594826808574467, 19.052047241578347 ], [ 105.605157972531856, 19.052047241578347 ], [ 105.601903984729162, 19.043783624630908 ], [ 105.591573139103573, 19.043783624630908 ], [ 105.585070875433686, 19.027256861148128 ], [ 105.57474066597517, 19.027256861148128 ] ] ] ] } },
{ "type": "Feature", "properties": { "zone_id": 99, "zone_type": "urban", "area_km2": 16.0, "centroid_lon": 105.504348, "centroid_lat": 19.018994, "urban_pixels": 16, "rural_pixels": 206, "urban_mean_C": 34.04, "rural_mean_C": 31.68, "suhi_C": 2.35 }, "geometry": { "type": "Polygon", "coordinates": [ [ [ 105.505676941859534, 19.035520164513692 ], [ 105.495938784289379, 19.01073072435771 ], [ 105.48560921033615, 19.01073072435771 ], [ 105.482366853596787, 19.002467890775772 ], [ 105.461708340699488, 19.002467890775772 ], [ 105.455229960587687, 18.98594269284585 ], [ 105.475887204458516, 18.98594269284585 ], [ 105.479126185114254, 18.994205213631318 ], [ 105.499784063333024, 18.994205213631318 ], [ 105.503025366494072, 19.002467890775772 ], [ 105.523683879391371, 19.002467890775772 ], [ 105.533419828141149, 19.027256861148128 ], [ 105.523089618682633, 19.027256861148128 ], [ 105.526337996778139, 19.035520164513692 ], [ 105.505676941859534, 19.035520164513692 ] ], [ [ 105.512759409224117, 19.027256861148128 ], [ 105.523089618682633, 19.027256861148128 ], [ 105.516597932195822, 19.01073072435771 ], [ 105.506268358242593, 19.01073072435771 ], [ 105.512759409224117, 19.027256861148128 ] ] ] } },
{ "type": "Feature", "properties": { "zone_id": 100, "zone_type": "urban", "area_km2": 16.0, "centroid_lon": 105.297425, "centroid_lat": 18.899196, "urban_pixels": 16, "rural_pixels": 329, "urban_mean_C": 34.03, "rural_mean_C": 32.16, "suhi_C": 1.86 }, "geometry": { "type": "Polygon", "coordinates": [ [ [ 105.305470802628008, 18.919848146070631 ], [ 105.302251412746585, 18.911587028986123 ], [ 105.291925637946349, 18.911587028986123 ], [ 105.288708244822786, 18.903326067476481 ], [ 105.278382785546057, 18.903326067476481 ], [ 105.281599863146127, 18.911587028986123 ], [ 105.260948313545668, 18.911587028986123 ], [ 105.2577318669926, 18.903326067476481 ], [ 105.268057326269329, 18.903326067476481 ], [ 105.264842244506426, 18.895065261463383 ], [ 105.306142820178621, 18.895065261463383 ], [ 105.296503872164678, 18.870283775620333 ], [ 105.306828070995167, 18.870283775620333 ], [ 105.310039688693365, 18.87854411561359 ], [ 105.320364202388333, 18.87854411561359 ], [ 105.323577814976204, 18.886804610868516 ], [ 105.313252986252067, 18.886804610868516 ], [ 105.316467964096674, 18.895065261463383 ], [ 105.326793108014726, 18.895065261463383 ], [ 105.330010081929714, 18.903326067476481 ], [ 105.319684622652971, 18.903326067476481 ], [ 105.322902962347044, 18.911587028986123 ], [ 105.312577187546808, 18.911587028986123 ], [ 105.315796893116598, 18.919848146070631 ], [ 105.305470802628008, 18.919848146070631 ] ] ] } },
{ "type": "Feature", "properties": { "zone_id": 101, "zone_type": "urban", "area_km2": 17.0, "centroid_lon": 105.365218, "centroid_lat": 18.874414, "urban_pixels": 17, "rural_pixels": 229, "urban_mean_C": 32.51, "rural_mean_C": 31.77, "suhi_C": 0.74 }, "geometry": { "type": "MultiPolygon", "coordinates": [ [ [ [ 105.369466079386555, 18.845503686428078 ], [ 105.359142824161765, 18.845503686428078 ], [ 105.34952749668507, 18.820724991774519 ], [ 105.33920518358525, 18.820724991774519 ], [ 105.352027721456935, 18.853763561105808 ], [ 105.362351291052377, 18.853763561105808 ], [ 105.36556143751622, 18.862023590810491 ], [ 105.375885321646876, 18.862023590810491 ], [ 105.369466079386555, 18.845503686428078 ] ] ], [ [ [ 105.379097462808588, 18.870283775620333 ], [ 105.35844906514761, 18.870283775620333 ], [ 105.35523755338555, 18.862023590810491 ], [ 105.334589785124223, 18.862023590810491 ], [ 105.344227472424492, 18.886804610868516 ], [ 105.375201958596918, 18.886804610868516 ], [ 105.371986770863188, 18.87854411561359 ], [ 105.39263579825311, 18.87854411561359 ], [ 105.386209205777533, 18.862023590810491 ], [ 105.375885321646876, 18.862023590810491 ], [ 105.379097462808588, 18.870283775620333 ] ] ] ] } },
{ "type": "Feature", "properties": { "zone_id": 102, "zone_type": "urban", "area_km2": 11.0, "centroid_lon": 105.709202, "centroid_lat": 18.816595, "urban_pixels": 8, "rural_pixels": 80, "urban_mean_C": 36.21, "rural_mean_C": 31.41, "suhi_C": 4.8 }, "geometry": { "type": "Polygon", "coordinates": [ [ [ 105.696593090035506, 18.837243966699077 ], [ 105.690163828978868, 18.820724991774519 ], [ 105.700486142078688, 18.820724991774519 ], [ 105.697273723003022, 18.812465736422606 ], [ 105.707595722390039, 18.812465736422606 ], [ 105.701175306006249, 18.795947689548829 ], [ 105.721818050915147, 18.795947689548829 ], [ 105.718609740031269, 18.787688897870709 ], [ 105.728930799265854, 18.787688897870709 ], [ 105.735349730323179, 18.804206635706752 ], [ 105.725028044484617, 18.804206635706752 ], [ 105.728239721164073, 18.812465736422606 ], [ 105.717917721777042, 18.812465736422606 ], [ 105.721130768278314, 18.820724991774519 ], [ 105.710808455178494, 18.820724991774519 ], [ 105.71402287159772, 18.828984401840614 ], [ 105.703700244620705, 18.828984401840614 ], [ 105.706916031054163, 18.837243966699077 ], [ 105.696593090035506, 18.837243966699077 ] ] ] } },
{ "type": "Feature", "properties": { "zone_id": 103, "zone_type": "urban", "area_km2": 74.0, "centroid_lon": 105.676676, "centroid_lat": 18.692724, "urban_pixels": 74, "rural_pixels": 214, "urban_mean_C": 36.75, "rural_mean_C": 31.64, "suhi_C": 5.11 }, "geometry": { "type": "Polygon", "coordinates": [ [ [ 105.654194274889051, 18.754655274394601 ], [ 105.641410981890573, 18.721624116350487 ], [ 105.651729541275401, 18.721624116350487 ], [ 105.645347341499985, 18.705109460305398 ], [ 105.635029405437734, 18.705109460305398 ], [ 105.631841133248216, 18.696852362754228 ], [ 105.642158757894947, 18.696852362754228 ], [ 105.638971851250616, 18.688595418746758 ], [ 105.649289164645609, 18.688595418746758 ], [ 105.642919758545261, 18.672081991051261 ], [ 105.632603067162577, 18.672081991051261 ], [ 105.629421188878851, 18.663825507207484 ], [ 105.660370330744925, 18.663825507207484 ], [ 105.657189195950735, 18.655569176595865 ], [ 105.667505265975734, 18.655569176595865 ], [ 105.657970981219592, 18.630801103375589 ], [ 105.668286120434772, 18.630801103375589 ], [ 105.671462850642683, 18.639056974757736 ], [ 105.681778299964307, 18.639056974757736 ], [ 105.684957015283231, 18.647312999138553 ], [ 105.705588534466315, 18.647312999138553 ], [ 105.715136598223964, 18.672081991051261 ], [ 105.704819906841294, 18.672081991051261 ], [ 105.720765335977774, 18.713366711478162 ], [ 105.710447088336153, 18.713366711478162 ], [ 105.713640897584398, 18.721624116350487 ], [ 105.693003778814742, 18.721624116350487 ], [ 105.696198643455929, 18.729881675000314 ], [ 105.685879772163972, 18.729881675000314 ], [ 105.692273915465719, 18.74639725394438 ], [ 105.661315428671486, 18.74639725394438 ], [ 105.664514082886214, 18.754655274394601 ], [ 105.654194274889051, 18.754655274394601 ] ] ] } },
{ "type": "Feature", "properties": { "zone_id": 104, "zone_type": "urban", "area_km2": 16.0, "centroid_lon": 105.57268, "centroid_lat": 18.610162, "urban_pixels": 16, "rural_pixels": 216, "urban_mean_C": 31.59, "rural_mean_C": 31.73, "suhi_C": -0.14 }, "geometry": { "type": "MultiPolygon", "coordinates": [ [ [ [ 105.641308643882553, 18.614289819296165 ], [ 105.638137554919524, 18.606034406443339 ], [ 105.627823345043041, 18.606034406443339 ], [ 105.621486803966647, 18.589524038722722 ], [ 105.611173212832583, 18.589524038722722 ], [ 105.620679604897219, 18.614289819296165 ], [ 105.641308643882553, 18.614289819296165 ] ] ], [ [ [ 105.59688071541359, 18.606034406443339 ], [ 105.593712537103528, 18.5977791462781 ], [ 105.573084736256291, 18.5977791462781 ], [ 105.576252295660638, 18.606034406443339 ], [ 105.555623875907671, 18.606034406443339 ], [ 105.558792487941233, 18.614289819296165 ], [ 105.589736046419219, 18.614289819296165 ], [ 105.586566505537121, 18.606034406443339 ], [ 105.59688071541359, 18.606034406443339 ] ] ], [ [ [ 105.613536918288162, 18.622545384914325 ], [ 105.6167104243588, 18.630801103375589 ], [ 105.60639528514362, 18.630801103375589 ], [ 105.609570154712983, 18.639056974757736 ], [ 105.619885604034607, 18.639056974757736 ], [ 105.623062457734022, 18.647312999138553 ], [ 105.633378217325557, 18.647312999138553 ], [ 105.620679604897219, 18.614289819296165 ], [ 105.589736046419219, 18.614289819296165 ], [ 105.592907259743725, 18.622545384914325 ], [ 105.613536918288162, 18.622545384914325 ] ] ] ] } },
{ "type": "Feature", "properties": { "zone_id": 105, "zone_type": "urban", "area_km2": 26.0, "centroid_lon": 105.894609, "centroid_lat": 18.346067, "urban_pixels": 26, "rural_pixels": 247, "urban_mean_C": 36.2, "rural_mean_C": 31.27, "suhi_C": 4.93 }, "geometry": { "type": "MultiPolygon", "coordinates": [ [ [ [ 105.883845796206515, 18.358442671673973 ], [ 105.886976936563855, 18.366693537649066 ], [ 105.897282238455503, 18.366693537649066 ], [ 105.894150793364304, 18.358442671673973 ], [ 105.914760787679867, 18.358442671673973 ], [ 105.911630399399712, 18.350191956061312 ], [ 105.921935091985759, 18.350191956061312 ], [ 105.915678703963252, 18.333690975614228 ], [ 105.925982787892039, 18.333690975614228 ], [ 105.919732452702505, 18.31719059568989 ], [ 105.888822024943948, 18.31719059568989 ], [ 105.891945448286336, 18.32544071062533 ], [ 105.881641668443152, 18.32544071062533 ], [ 105.884766452176905, 18.333690975614228 ], [ 105.853854200390543, 18.333690975614228 ], [ 105.85697973610597, 18.341941390733815 ], [ 105.867284124282349, 18.341941390733815 ], [ 105.87354079904874, 18.358442671673973 ], [ 105.883845796206515, 18.358442671673973 ] ] ], [ [ [ 105.852930804733191, 18.358442671673973 ], [ 105.859192922761167, 18.374944554063863 ], [ 105.869498529548807, 18.374944554063863 ], [ 105.866366332780586, 18.366693537649066 ], [ 105.876671634672221, 18.366693537649066 ], [ 105.87354079904874, 18.358442671673973 ], [ 105.852930804733191, 18.358442671673973 ] ] ] ] } },
{ "type": "Feature", "properties": { "zone_id": 106, "zone_type": "urban", "area_km2": 27.0, "centroid_lon": 106.419186, "centroid_lat": 17.752411, "urban_pixels": 27, "rural_pixels": 348, "urban_mean_C": 32.51, "rural_mean_C": 30.79, "suhi_C": 1.72 }, "geometry": { "type": "MultiPolygon", "coordinates": [ [ [ [ 106.346896673090811, 17.723571673842631 ], [ 106.352946189751563, 17.740050844429121 ], [ 106.363228791142816, 17.740050844429121 ], [ 106.366256311889856, 17.74829064659902 ], [ 106.335407629664843, 17.74829064659902 ], [ 106.338435919053936, 17.75653059345489 ], [ 106.379568666725916, 17.75653059345489 ], [ 106.376539205964875, 17.74829064659902 ], [ 106.386822100039879, 17.74829064659902 ], [ 106.383793993925337, 17.740050844429121 ], [ 106.404359196707844, 17.740050844429121 ], [ 106.401332152641132, 17.731811186869038 ], [ 106.391049843774425, 17.731811186869038 ], [ 106.381979468762864, 17.707093081086416 ], [ 106.371698036514985, 17.707093081086416 ], [ 106.374719556594414, 17.715332305273794 ], [ 106.354156108004304, 17.715332305273794 ], [ 106.357178689592104, 17.723571673842631 ], [ 106.346896673090811, 17.723571673842631 ] ], [ [ 106.367460706093425, 17.723571673842631 ], [ 106.370485226041012, 17.731811186869038 ], [ 106.360202917174306, 17.731811186869038 ], [ 106.357178689592104, 17.723571673842631 ], [ 106.367460706093425, 17.723571673842631 ] ] ], [ [ [ 106.389851853643918, 17.75653059345489 ], [ 106.410418227479937, 17.75653059345489 ], [ 106.413450214970808, 17.764770685072879 ], [ 106.434017174811345, 17.764770685072879 ], [ 106.430984601315927, 17.75653059345489 ], [ 106.451550975151932, 17.75653059345489 ], [ 106.44851946448992, 17.74829064659902 ], [ 106.438236570414915, 17.74829064659902 ], [ 106.435207000881604, 17.740050844429121 ], [ 106.424924399490351, 17.740050844429121 ], [ 106.427953676339911, 17.74829064659902 ], [ 106.386822100039879, 17.74829064659902 ], [ 106.389851853643918, 17.75653059345489 ] ] ] ] } },
{ "type": "Feature", "properties": { "zone_id": 107, "zone_type": "urban", "area_km2": 29.0, "centroid_lon": 106.612034, "centroid_lat": 17.464101, "urban_pixels": 28, "rural_pixels": 211, "urban_mean_C": 34.53, "rural_mean_C": 32.05, "suhi_C": 2.47 }, "geometry": { "type": "Polygon", "coordinates": [ [ [ 106.622479587387289, 17.492923681139409 ], [ 106.619493151570481, 17.484688326537729 ], [ 106.578398723683961, 17.484688326537729 ], [ 106.575415078418146, 17.476453114192523 ], [ 106.585688397781794, 17.476453114192523 ], [ 106.573769055040032, 17.443513685863138 ], [ 106.594313396062702, 17.443513685863138 ], [ 106.591337082007186, 17.435279183665426 ], [ 106.611880849393131, 17.435279183665426 ], [ 106.617836263131565, 17.451748329939079 ], [ 106.628108720619096, 17.451748329939079 ], [ 106.631089172537486, 17.459983115968857 ], [ 106.641361917159117, 17.459983115968857 ], [ 106.644344295649901, 17.46821804402812 ], [ 106.634071263736232, 17.46821804402812 ], [ 106.640040365513727, 17.484688326537729 ], [ 106.629766758542104, 17.484688326537729 ], [ 106.632753482124926, 17.492923681139409 ], [ 106.622479587387289, 17.492923681139409 ] ] ] } },
{ "type": "Feature", "properties": { "zone_id": 108, "zone_type": "urban", "area_km2": 17.0, "centroid_lon": 107.094001, "centroid_lat": 16.813978, "urban_pixels": 17, "rural_pixels": 285, "urban_mean_C": 35.19, "rural_mean_C": 31.54, "suhi_C": 3.65 }, "geometry": { "type": "Polygon", "coordinates": [ [ [ 107.085809426372009, 16.834538648039651 ], [ 107.080060771667306, 16.818090360148901 ], [ 107.069809952141, 16.818090360148901 ], [ 107.066938330390556, 16.809866420498995 ], [ 107.087439419587383, 16.809866420498995 ], [ 107.084568868097136, 16.801642616946665 ], [ 107.094819137922741, 16.801642616946665 ], [ 107.091949931564628, 16.79341894941739 ], [ 107.122699917188157, 16.79341894941739 ], [ 107.128441597981023, 16.809866420498995 ], [ 107.118191053382603, 16.809866420498995 ], [ 107.121064049772471, 16.818090360148901 ], [ 107.110813230246194, 16.818090360148901 ], [ 107.113687572500666, 16.826314435970929 ], [ 107.103436477891378, 16.826314435970929 ], [ 107.106312166066886, 16.834538648039651 ], [ 107.085809426372009, 16.834538648039651 ] ] ] } },
{ "type": "Feature", "properties": { "zone_id": 109, "zone_type": "urban", "area_km2": 13.0, "centroid_lon": 107.653279, "centroid_lat": 16.550882, "urban_pixels": 3, "rural_pixels": 62, "urban_mean_C": 28.7, "rural_mean_C": 30.77, "suhi_C": -2.08 }, "geometry": { "type": "MultiPolygon", "coordinates": [ [ [ [ 107.712210676333413, 16.513894655872427 ], [ 107.701969926126495, 16.513894655872427 ], [ 107.704802858030462, 16.52211374286788 ], [ 107.715043877604302, 16.52211374286788 ], [ 107.712210676333413, 16.513894655872427 ] ] ], [ [ [ 107.697396119066752, 16.530332963360344 ], [ 107.707637408161375, 16.530332963360344 ], [ 107.704802858030462, 16.52211374286788 ], [ 107.694561838456636, 16.52211374286788 ], [ 107.697396119066752, 16.530332963360344 ] ] ], [ [ [ 107.697396119066752, 16.530332963360344 ], [ 107.676913540877507, 16.530332963360344 ], [ 107.679748900571028, 16.538552317423886 ], [ 107.700232018109645, 16.538552317423886 ], [ 107.697396119066752, 16.530332963360344 ] ] ], [ [ [ 107.662102221553596, 16.546771805132597 ], [ 107.641618564357699, 16.546771805132597 ], [ 107.63878266549375, 16.538552317423886 ], [ 107.628541106724441, 16.538552317423886 ], [ 107.637052848416417, 16.563211181781949 ], [ 107.65753758585069, 16.563211181781949 ], [ 107.654698180031417, 16.554991426560584 ], [ 107.675182377192499, 16.554991426560584 ], [ 107.672344050151537, 16.546771805132597 ], [ 107.682585878749492, 16.546771805132597 ], [ 107.679748900571028, 16.538552317423886 ], [ 107.659265783032382, 16.538552317423886 ], [ 107.662102221553596, 16.546771805132597 ] ] ] ] } },
{ "type": "Feature", "properties": { "zone_id": 110, "zone_type": "urban", "area_km2": 84.0, "centroid_lon": 107.581727, "centroid_lat": 16.47691, "urban_pixels": 84, "rural_pixels": 309, "urban_mean_C": 33.45, "rural_mean_C": 31.18, "suhi_C": 2.26 }, "geometry": { "type": "Polygon", "coordinates": [ [ [ 107.574500649931252, 16.530332963360344 ], [ 107.563186160412513, 16.497456882076314 ], [ 107.552945948477969, 16.497456882076314 ], [ 107.55012163377603, 16.489238195127577 ], [ 107.539881690747023, 16.489238195127577 ], [ 107.525785671875312, 16.448146756916653 ], [ 107.536024272681985, 16.448146756916653 ], [ 107.533209640443715, 16.439928868063149 ], [ 107.563924638912866, 16.439928868063149 ], [ 107.561110815678049, 16.43171111196666 ], [ 107.581586945663901, 16.43171111196666 ], [ 107.578774199673646, 16.423493488553238 ], [ 107.599249794306218, 16.423493488553238 ], [ 107.602063075649738, 16.43171111196666 ], [ 107.632777270628523, 16.43171111196666 ], [ 107.635592968674175, 16.439928868063149 ], [ 107.625354635851139, 16.439928868063149 ], [ 107.628171679942227, 16.448146756916653 ], [ 107.617933079135526, 16.448146756916653 ], [ 107.62075146932203, 16.456364778601092 ], [ 107.610512600378129, 16.456364778601092 ], [ 107.616153687682498, 16.472801220758644 ], [ 107.626393093361642, 16.472801220758644 ], [ 107.629216327930067, 16.481019641379685 ], [ 107.649695676484512, 16.481019641379685 ], [ 107.652521064066221, 16.489238195127577 ], [ 107.6422811210372, 16.489238195127577 ], [ 107.645107855888838, 16.497456882076314 ], [ 107.61438722008522, 16.497456882076314 ], [ 107.617214764139305, 16.505675702299921 ], [ 107.60697428314549, 16.505675702299921 ], [ 107.609803174264272, 16.513894655872427 ], [ 107.589321673850449, 16.513894655872427 ], [ 107.592151642718278, 16.52211374286788 ], [ 107.581910623144438, 16.52211374286788 ], [ 107.584741939025889, 16.530332963360344 ], [ 107.574500649931252, 16.530332963360344 ] ] ] } },
{ "type": "Feature", "properties": { "zone_id": 111, "zone_type": "urban", "area_km2": 266.0, "centroid_lon": 108.33833, "centroid_lat": 15.885525, "urban_pixels": 253, "rural_pixels": 515, "urban_mean_C": 35.67, "rural_mean_C": 30.87, "suhi_C": 4.8 }, "geometry": { "type": "MultiPolygon", "coordinates": [ [ [ [ 108.274302402659629, 15.815752372090378 ], [ 108.277019329969576, 15.823960381187677 ], [ 108.287237999215492, 15.823960381187677 ], [ 108.289956783584003, 15.832168517533493 ], [ 108.300175709391638, 15.832168517533493 ], [ 108.294739228330187, 15.815752372090378 ], [ 108.274302402659629, 15.815752372090378 ] ] ], [ [ [ 108.269518931968733, 15.832168517533493 ], [ 108.264083989824343, 15.815752372090378 ], [ 108.243647164153785, 15.815752372090378 ], [ 108.251800438859846, 15.840376781200785 ], [ 108.262019621380261, 15.840376781200785 ], [ 108.259300006161084, 15.832168517533493 ], [ 108.269518931968733, 15.832168517533493 ] ] ], [ [ [ 108.269518931968733, 15.832168517533493 ], [ 108.274960276860895, 15.848585172262547 ], [ 108.295399155629539, 15.848585172262547 ], [ 108.289956783584003, 15.832168517533493 ], [ 108.269518931968733, 15.832168517533493 ] ] ], [ [ [ 108.259968120101476, 15.865002336861487 ], [ 108.262693883562022, 15.873211110544689 ], [ 108.272914094445014, 15.873211110544689 ], [ 108.275641717467778, 15.881420011914436 ], [ 108.285862185819454, 15.881420011914436 ], [ 108.28040802723261, 15.865002336861487 ], [ 108.290627980798192, 15.865002336861487 ], [ 108.287903047590291, 15.856793690791777 ], [ 108.277683351190944, 15.856793690791777 ], [ 108.274960276860895, 15.848585172262547 ], [ 108.26474083747658, 15.848585172262547 ], [ 108.270188073667043, 15.865002336861487 ], [ 108.259968120101476, 15.865002336861487 ] ] ], [ [ [ 108.379880315184508, 15.856793690791777 ], [ 108.385336414157962, 15.873211110544689 ], [ 108.395556625040953, 15.873211110544689 ], [ 108.390100011583868, 15.856793690791777 ], [ 108.379880315184508, 15.856793690791777 ] ] ], [ [ [ 108.367625932632706, 15.881420011914436 ], [ 108.364895992391965, 15.873211110544689 ], [ 108.354675781508973, 15.873211110544689 ], [ 108.351947702191623, 15.865002336861487 ], [ 108.33150779506046, 15.865002336861487 ], [ 108.328781833187719, 15.856793690791777 ], [ 108.318562136788358, 15.856793690791777 ], [ 108.321287841494893, 15.865002336861487 ], [ 108.311067887929312, 15.865002336861487 ], [ 108.313794937976994, 15.873211110544689 ], [ 108.293354516211011, 15.873211110544689 ], [ 108.296082654171101, 15.881420011914436 ], [ 108.285862185819454, 15.881420011914436 ], [ 108.288591669049509, 15.889629041043776 ], [ 108.278370943077903, 15.889629041043776 ], [ 108.281101771618168, 15.897838198005758 ], [ 108.270880787875328, 15.897838198005758 ], [ 108.276346739122047, 15.914256895719982 ], [ 108.286568238861406, 15.914256895719982 ], [ 108.283834203431581, 15.906047482873465 ], [ 108.32471917009326, 15.906047482873465 ], [ 108.321985706589516, 15.897838198005758 ], [ 108.342427674075196, 15.897838198005758 ], [ 108.345161653424086, 15.906047482873465 ], [ 108.365604136754925, 15.906047482873465 ], [ 108.362869641560863, 15.897838198005758 ], [ 108.373090625303703, 15.897838198005758 ], [ 108.370357476822264, 15.889629041043776 ], [ 108.390798928765449, 15.889629041043776 ], [ 108.385336414157962, 15.873211110544689 ], [ 108.375116203274956, 15.873211110544689 ], [ 108.377846400984353, 15.881420011914436 ], [ 108.367625932632706, 15.881420011914436 ] ] ], [ [ [ 108.145344899253971, 16.103108881631215 ], [ 108.142579116621604, 16.094896505070857 ], [ 108.152806332350423, 16.094896505070857 ], [ 108.150041896843447, 16.086684258173815 ], [ 108.170495805476421, 16.086684258173815 ], [ 108.167732455790443, 16.078472140866712 ], [ 108.188185841902921, 16.078472140866712 ], [ 108.185423578298085, 16.070260153076184 ], [ 108.195650010246112, 16.070260153076184 ], [ 108.198412534959147, 16.078472140866712 ], [ 108.208639228015372, 16.078472140866712 ], [ 108.21416962672339, 16.094896505070857 ], [ 108.224396842452222, 16.094896505070857 ], [ 108.227164717600303, 16.103108881631215 ], [ 108.237392194893587, 16.103108881631215 ], [ 108.240161941861857, 16.111321387928289 ], [ 108.260617419881669, 16.111321387928289 ], [ 108.241259336627635, 16.053836565751435 ], [ 108.251485246815307, 16.053836565751435 ], [ 108.248725982362785, 16.045624966070545 ], [ 108.258951631898256, 16.045624966070545 ], [ 108.253437406621174, 16.02920215430516 ], [ 108.263662535307915, 16.02920215430516 ], [ 108.258154220718851, 16.01277985884634 ], [ 108.268378829164334, 16.01277985884634 ], [ 108.265626822936326, 16.004568904548698 ], [ 108.275851171488881, 16.004568904548698 ], [ 108.270351460344898, 15.988147382450714 ], [ 108.260127631122955, 15.988147382450714 ], [ 108.254634864527134, 15.971726375194255 ], [ 108.264858175025239, 15.971726375194255 ], [ 108.262113941185646, 15.963516064448566 ], [ 108.272336992549299, 15.963516064448566 ], [ 108.269594105146751, 15.955305882193649 ], [ 108.279816897527567, 15.955305882193649 ], [ 108.268860362321789, 15.922466436618405 ], [ 108.279082120286503, 15.922466436618405 ], [ 108.276346739122047, 15.914256895719982 ], [ 108.255903739643301, 15.914256895719982 ], [ 108.25863860435706, 15.922466436618405 ], [ 108.238195088427616, 15.922466436618405 ], [ 108.235460740164569, 15.914256895719982 ], [ 108.225239240425211, 15.914256895719982 ], [ 108.227973330462902, 15.922466436618405 ], [ 108.207529814533459, 15.922466436618405 ], [ 108.204796240946465, 15.914256895719982 ], [ 108.194574741207092, 15.914256895719982 ], [ 108.205517621673664, 15.947095828356337 ], [ 108.195295088124155, 15.947095828356337 ], [ 108.198034558481098, 15.955305882193649 ], [ 108.17758897371948, 15.955305882193649 ], [ 108.180329530276339, 15.963516064448566 ], [ 108.170106478912672, 15.963516064448566 ], [ 108.17284838054222, 15.971726375194255 ], [ 108.162625070044101, 15.971726375194255 ], [ 108.165368316787891, 15.979936814503901 ], [ 108.175591886572093, 15.979936814503901 ], [ 108.181083713213525, 15.996358079107903 ], [ 108.170859624402127, 15.996358079107903 ], [ 108.181861505813913, 16.02920215430516 ], [ 108.171636377127186, 16.02920215430516 ], [ 108.174390602938814, 16.037413495612888 ], [ 108.143714435833331, 16.037413495612888 ], [ 108.146469487008204, 16.045624966070545 ], [ 108.136243837472747, 16.045624966070545 ], [ 108.141758238979406, 16.062048294728871 ], [ 108.131532067987536, 16.062048294728871 ], [ 108.134291418557879, 16.070260153076184 ], [ 108.103612122713784, 16.070260153076184 ], [ 108.109134079577501, 16.086684258173815 ], [ 108.119361033893995, 16.086684258173815 ], [ 108.127656812752875, 16.111321387928289 ], [ 108.137884551762781, 16.111321387928289 ], [ 108.135117421960686, 16.103108881631215 ], [ 108.145344899253971, 16.103108881631215 ] ] ], [ [ [ 108.120197288890409, 16.119534024035481 ], [ 108.130425289769136, 16.119534024035481 ], [ 108.127656812752875, 16.111321387928289 ], [ 108.117429073742954, 16.111321387928289 ], [ 108.120197288890409, 16.119534024035481 ] ] ], [ [ [ 108.10528149677117, 16.135959685973905 ], [ 108.115510021844202, 16.135959685973905 ], [ 108.118282803096704, 16.144172711952027 ], [ 108.128511590495307, 16.144172711952027 ], [ 108.120197288890409, 16.119534024035481 ], [ 108.109969288011698, 16.119534024035481 ], [ 108.112738850265671, 16.127746790026212 ], [ 108.102510587365941, 16.127746790026212 ], [ 108.10528149677117, 16.135959685973905 ] ] ] ] } },
{ "type": "Feature", "properties": { "zone_id": 112, "zone_type": "urban", "area_km2": 13.0, "centroid_lon": 108.118587, "centroid_lat": 15.885525, "urban_pixels": 13, "rural_pixels": 266, "urban_mean_C": 32.24, "rural_mean_C": 31.01, "suhi_C": 1.23 }, "geometry": { "type": "Polygon", "coordinates": [ [ [ 108.107345047989924, 15.897838198005758 ], [ 108.101893755489598, 15.881420011914436 ], [ 108.081452818786275, 15.881420011914436 ], [ 108.084177149617602, 15.889629041043776 ], [ 108.07395642364601, 15.889629041043776 ], [ 108.071232350434613, 15.881420011914436 ], [ 108.061011882082965, 15.881420011914436 ], [ 108.058289665902137, 15.873211110544689 ], [ 108.109390720317109, 15.873211110544689 ], [ 108.106668816617898, 15.865002336861487 ], [ 108.116888770183465, 15.865002336861487 ], [ 108.1196109312001, 15.873211110544689 ], [ 108.129831142083091, 15.873211110544689 ], [ 108.135280779475579, 15.889629041043776 ], [ 108.114839327532394, 15.889629041043776 ], [ 108.117566031732778, 15.897838198005758 ], [ 108.107345047989924, 15.897838198005758 ] ] ] } },
{ "type": "Feature", "properties": { "zone_id": 113, "zone_type": "urban", "area_km2": 20.0, "centroid_lon": 108.475672, "centroid_lat": 15.573673, "urban_pixels": 20, "rural_pixels": 185, "urban_mean_C": 36.1, "rural_mean_C": 31.98, "suhi_C": 4.12 }, "geometry": { "type": "Polygon", "coordinates": [ [ [ 108.467049328226111, 15.594183960097364 ], [ 108.456343662755955, 15.561366807771092 ], [ 108.466554201605774, 15.561366807771092 ], [ 108.463881518506369, 15.553162832170836 ], [ 108.474091805762185, 15.553162832170836 ], [ 108.471420464645448, 15.54495898141796 ], [ 108.512260607892671, 15.54495898141796 ], [ 108.517606895854854, 15.561366807771092 ], [ 108.507396357005035, 15.561366807771092 ], [ 108.510071640841204, 15.569570908291292 ], [ 108.489650059653513, 15.569570908291292 ], [ 108.492326434396517, 15.577775133804009 ], [ 108.482115391908565, 15.577775133804009 ], [ 108.484793109336792, 15.585979484381832 ], [ 108.474581814804651, 15.585979484381832 ], [ 108.477260874952549, 15.594183960097364 ], [ 108.467049328226111, 15.594183960097364 ] ] ] } },
{ "type": "Feature", "properties": { "zone_id": 114, "zone_type": "urban", "area_km2": 13.0, "centroid_lon": 108.667612, "centroid_lat": 15.426017, "urban_pixels": 11, "rural_pixels": 260, "urban_mean_C": 35.65, "rural_mean_C": 31.3, "suhi_C": 4.35 }, "geometry": { "type": "MultiPolygon", "coordinates": [ [ [ [ 108.679145579987122, 15.430118139246112 ], [ 108.67384025559052, 15.413714289451178 ], [ 108.663634222508662, 15.413714289451178 ], [ 108.666285839731657, 15.421916152504631 ], [ 108.656079557601501, 15.421916152504631 ], [ 108.658732517331217, 15.430118139246112 ], [ 108.679145579987122, 15.430118139246112 ] ] ], [ [ [ 108.628112923347373, 15.430118139246112 ], [ 108.630766726920939, 15.438320249747985 ], [ 108.610353165570388, 15.438320249747985 ], [ 108.613008061918293, 15.446522484082633 ], [ 108.602801031746139, 15.446522484082633 ], [ 108.605457270247769, 15.454724842322459 ], [ 108.595249990429124, 15.454724842322459 ], [ 108.597907571116522, 15.462927324539844 ], [ 108.618322630346, 15.462927324539844 ], [ 108.615664550066384, 15.454724842322459 ], [ 108.625871829885028, 15.454724842322459 ], [ 108.623215092090462, 15.446522484082633 ], [ 108.643629152434755, 15.446522484082633 ], [ 108.6409735075962, 15.438320249747985 ], [ 108.661387068946752, 15.438320249747985 ], [ 108.658732517331217, 15.430118139246112 ], [ 108.628112923347373, 15.430118139246112 ] ] ] ] } },
{ "type": "Feature", "properties": { "zone_id": 115, "zone_type": "urban", "area_km2": 16.0, "centroid_lon": 108.807642, "centroid_lat": 15.401412, "urban_pixels": 15, "rural_pixels": 187, "urban_mean_C": 36.62, "rural_mean_C": 32.07, "suhi_C": 4.55 }, "geometry": { "type": "Polygon", "coordinates": [ [ [ 108.806518685654638, 15.413714289451178 ], [ 108.798562933433118, 15.389109441695494 ], [ 108.767947072932188, 15.389109441695494 ], [ 108.762652691298769, 15.372706826972296 ], [ 108.732038321053523, 15.372706826972296 ], [ 108.729394261908141, 15.364505704527959 ], [ 108.780416971557088, 15.364505704527959 ], [ 108.783062271462271, 15.372706826972296 ], [ 108.803471851625758, 15.372706826972296 ], [ 108.816724718736495, 15.413714289451178 ], [ 108.806518685654638, 15.413714289451178 ] ] ] } },
{ "type": "Feature", "properties": { "zone_id": 116, "zone_type": "urban", "area_km2": 90.0, "centroid_lon": 108.868854, "centroid_lat": 15.130825, "urban_pixels": 83, "rural_pixels": 275, "urban_mean_C": 34.1, "rural_mean_C": 31.71, "suhi_C": 2.4 }, "geometry": { "type": "MultiPolygon", "coordinates": [ [ [ [ 108.887745147914103, 15.093937336935543 ], [ 108.867352274958208, 15.093937336935543 ], [ 108.87254804537595, 15.110331648888501 ], [ 108.882744968485952, 15.110331648888501 ], [ 108.880146048167802, 15.102134432474497 ], [ 108.890342727887628, 15.102134432474497 ], [ 108.887745147914103, 15.093937336935543 ] ] ], [ [ [ 108.900539407607425, 15.102134432474497 ], [ 108.890342727887628, 15.102134432474497 ], [ 108.895542639361523, 15.118528986249466 ], [ 108.905739806010018, 15.118528986249466 ], [ 108.900539407607425, 15.102134432474497 ] ] ], [ [ [ 108.87254804537595, 15.110331648888501 ], [ 108.852154199155976, 15.110331648888501 ], [ 108.849556009008353, 15.102134432474497 ], [ 108.839359329288541, 15.102134432474497 ], [ 108.834168184431391, 15.085740362199761 ], [ 108.844364377815722, 15.085740362199761 ], [ 108.841770936126679, 15.077543508195273 ], [ 108.821379035248739, 15.077543508195273 ], [ 108.818787661329864, 15.069346774850205 ], [ 108.808591953688023, 15.069346774850205 ], [ 108.811183084809741, 15.077543508195273 ], [ 108.800987134370757, 15.077543508195273 ], [ 108.803579604278369, 15.085740362199761 ], [ 108.783187217509692, 15.085740362199761 ], [ 108.780595233492789, 15.077543508195273 ], [ 108.770399283053806, 15.077543508195273 ], [ 108.775584346656743, 15.093937336935543 ], [ 108.765387910178816, 15.093937336935543 ], [ 108.76798257124986, 15.102134432474497 ], [ 108.747589211810237, 15.102134432474497 ], [ 108.750184968056061, 15.110331648888501 ], [ 108.729791121836072, 15.110331648888501 ], [ 108.732387972985464, 15.118528986249466 ], [ 108.722190806336968, 15.118528986249466 ], [ 108.724788995805667, 15.126726444629302 ], [ 108.7655786371472, 15.126726444629302 ], [ 108.768179384137213, 15.134924024099927 ], [ 108.778377038307866, 15.134924024099927 ], [ 108.783583770016747, 15.151319546601334 ], [ 108.773385627730249, 15.151319546601334 ], [ 108.775991124979569, 15.159517489776011 ], [ 108.786189511546695, 15.159517489776011 ], [ 108.794016242721867, 15.184112047859676 ], [ 108.804215363022095, 15.184112047859676 ], [ 108.798995468287899, 15.167715554329307 ], [ 108.80919409928417, 15.167715554329307 ], [ 108.801375408686937, 15.143121724733291 ], [ 108.811573306841282, 15.143121724733291 ], [ 108.808970000819812, 15.134924024099927 ], [ 108.819167654990451, 15.134924024099927 ], [ 108.816565688824085, 15.126726444629302 ], [ 108.836960509494844, 15.126726444629302 ], [ 108.839562963331758, 15.134924024099927 ], [ 108.880353580014358, 15.134924024099927 ], [ 108.882958593921686, 15.143121724733291 ], [ 108.903354390230376, 15.143121724733291 ], [ 108.895542639361523, 15.118528986249466 ], [ 108.875148306064517, 15.118528986249466 ], [ 108.87254804537595, 15.110331648888501 ] ] ] ] } },
{ "type": "Feature", "properties": { "zone_id": 117, "zone_type": "urban", "area_km2": 16.0, "centroid_lon": 109.051914, "centroid_lat": 14.557287, "urban_pixels": 16, "rural_pixels": 186, "urban_mean_C": 33.21, "rural_mean_C": 30.04, "suhi_C": 3.16 }, "geometry": { "type": "Polygon", "coordinates": [ [ [ 109.065769194726144, 14.585950494753469 ], [ 109.063263029538447, 14.57776086990105 ], [ 109.053081619621565, 14.57776086990105 ], [ 109.048074461660491, 14.561381969017846 ], [ 109.037893519221726, 14.561381969017846 ], [ 109.030395239021814, 14.536814488680074 ], [ 109.020214996702578, 14.536814488680074 ], [ 109.017718936626039, 14.528625560546203 ], [ 109.027898945864678, 14.528625560546203 ], [ 109.025404218983653, 14.520436748283203 ], [ 109.035583995287936, 14.520436748283203 ], [ 109.045573234312187, 14.55319269284478 ], [ 109.055753943231466, 14.55319269284478 ], [ 109.053254049854331, 14.545003532755896 ], [ 109.063434525400439, 14.545003532755896 ], [ 109.060935965979525, 14.536814488680074 ], [ 109.071116208298776, 14.536814488680074 ], [ 109.076115361070009, 14.55319269284478 ], [ 109.06593465215073, 14.55319269284478 ], [ 109.075950838601685, 14.585950494753469 ], [ 109.065769194726144, 14.585950494753469 ] ] ] } },
{ "type": "Feature", "properties": { "zone_id": 118, "zone_type": "urban", "area_km2": 31.0, "centroid_lon": 108.000244, "centroid_lat": 14.360778, "urban_pixels": 31, "rural_pixels": 489, "urban_mean_C": 36.13, "rural_mean_C": 32.49, "suhi_C": 3.64 }, "geometry": { "type": "Polygon", "coordinates": [ [ [ 108.011246278171669, 14.397618420531996 ], [ 108.006352684069711, 14.381244599218237 ], [ 107.996176845301662, 14.381244599218237 ], [ 107.993732598904032, 14.373057860486421 ], [ 107.983556990442807, 14.373057860486421 ], [ 107.981114520558208, 14.3648712362768 ], [ 107.970939142258104, 14.3648712362768 ], [ 107.968498448295378, 14.356684726518507 ], [ 107.978673596580023, 14.356684726518507 ], [ 107.976234218208774, 14.34849833114068 ], [ 107.986409136623607, 14.34849833114068 ], [ 107.976666155202182, 14.315753892017211 ], [ 107.997014155985212, 14.315753892017211 ], [ 108.004320451217097, 14.34031205007247 ], [ 108.014495139907751, 14.34031205007247 ], [ 108.016933891868106, 14.34849833114068 ], [ 108.037283728697773, 14.34849833114068 ], [ 108.039724486287838, 14.356684726518507 ], [ 108.029549338003207, 14.356684726518507 ], [ 108.034435032748888, 14.373057860486421 ], [ 108.024259424287663, 14.373057860486421 ], [ 108.026704361605795, 14.381244599218237 ], [ 108.016528522837746, 14.381244599218237 ], [ 108.021422577990592, 14.397618420531996 ], [ 108.011246278171669, 14.397618420531996 ] ] ] } },
{ "type": "Feature", "properties": { "zone_id": 119, "zone_type": "urban", "area_km2": 13.0, "centroid_lon": 109.135079, "centroid_lat": 14.123417, "urban_pixels": 13, "rural_pixels": 243, "urban_mean_C": 33.03, "rural_mean_C": 31.32, "suhi_C": 1.71 }, "geometry": { "type": "MultiPolygon", "coordinates": [ [ [ [ 109.149119942915661, 14.119325411684953 ], [ 109.146697727562525, 14.111142302565924 ], [ 109.106024465879074, 14.111142302565924 ], [ 109.108445778599318, 14.119325411684953 ], [ 109.128782860757497, 14.119325411684953 ], [ 109.131206179193256, 14.12750863313428 ], [ 109.141374946075388, 14.12750863313428 ], [ 109.138951401836565, 14.119325411684953 ], [ 109.149119942915661, 14.119325411684953 ] ] ], [ [ [ 109.153969037984581, 14.135691966984449 ], [ 109.156395918293356, 14.143875413306015 ], [ 109.166565137216253, 14.143875413306015 ], [ 109.161712479839679, 14.12750863313428 ], [ 109.141374946075388, 14.12750863313428 ], [ 109.143800045154492, 14.135691966984449 ], [ 109.153969037984581, 14.135691966984449 ] ] ], [ [ [ 109.140915002857284, 14.160242643645606 ], [ 109.151084674400593, 14.160242643645606 ], [ 109.148654909020152, 14.15205897216954 ], [ 109.15882435418078, 14.15205897216954 ], [ 109.156395918293356, 14.143875413306015 ], [ 109.125888261524707, 14.143875413306015 ], [ 109.128316018698897, 14.15205897216954 ], [ 109.138485463859524, 14.15205897216954 ], [ 109.140915002857284, 14.160242643645606 ] ] ], [ [ [ 109.120575659770651, 14.160242643645606 ], [ 109.13074533131396, 14.160242643645606 ], [ 109.128316018698897, 14.15205897216954 ], [ 109.118146573538269, 14.15205897216954 ], [ 109.120575659770651, 14.160242643645606 ] ] ] ] } },
{ "type": "Feature", "properties": { "zone_id": 120, "zone_type": "urban", "area_km2": 48.0, "centroid_lon": 108.006467, "centroid_lat": 13.984318, "urban_pixels": 48, "rural_pixels": 483, "urban_mean_C": 36.13, "rural_mean_C": 32.15, "suhi_C": 3.97 }, "geometry": { "type": "Polygon", "coordinates": [ [ [ 107.968393186321762, 14.045681465042971 ], [ 107.963629401818508, 14.029317374030517 ], [ 107.973795468617155, 14.029317374030517 ], [ 107.971415654893363, 14.021135495892072 ], [ 107.9815814976252, 14.021135495892072 ], [ 107.976826026647345, 14.004772073998666 ], [ 107.986991421679036, 14.004772073998666 ], [ 107.975128474160272, 13.963865466550814 ], [ 107.985292752469064, 13.963865466550814 ], [ 107.982924540452757, 13.955684478318744 ], [ 108.00325265124728, 13.955684478318744 ], [ 108.000885526632487, 13.947503601008387 ], [ 108.011049359262501, 13.947503601008387 ], [ 108.003956514442791, 13.922961633904462 ], [ 108.014119679636593, 13.922961633904462 ], [ 108.023580762041789, 13.955684478318744 ], [ 108.033744817439043, 13.955684478318744 ], [ 108.036114144012942, 13.963865466550814 ], [ 108.056442700630512, 13.963865466550814 ], [ 108.063561224389844, 13.988409097480616 ], [ 108.053396276480484, 13.988409097480616 ], [ 108.051022123854409, 13.980227776061408 ], [ 108.03069267472479, 13.980227776061408 ], [ 108.033066380661751, 13.988409097480616 ], [ 108.022901432752391, 13.988409097480616 ], [ 108.025276449871029, 13.996590530102917 ], [ 108.004946107074417, 13.996590530102917 ], [ 108.007322211742419, 14.004772073998666 ], [ 107.997156816710728, 14.004772073998666 ], [ 108.001913183088888, 14.021135495892072 ], [ 107.991747340357051, 14.021135495892072 ], [ 107.996509399471705, 14.037499363724011 ], [ 107.976176817451659, 14.037499363724011 ], [ 107.978559701687686, 14.045681465042971 ], [ 107.968393186321762, 14.045681465042971 ] ] ] } },
{ "type": "Feature", "properties": { "zone_id": 121, "zone_type": "urban", "area_km2": 19.0, "centroid_lon": 108.639697, "centroid_lat": 13.959775, "urban_pixels": 19, "rural_pixels": 471, "urban_mean_C": 36.34, "rural_mean_C": 33.08, "suhi_C": 3.26 }, "geometry": { "type": "Polygon", "coordinates": [ [ [ 108.671070322307386, 13.980227776061408 ], [ 108.668684089139759, 13.972046565774924 ], [ 108.658519587775132, 13.972046565774924 ], [ 108.656135120848475, 13.963865466550814 ], [ 108.635806564230919, 13.963865466550814 ], [ 108.638190585045905, 13.972046565774924 ], [ 108.628026083681277, 13.972046565774924 ], [ 108.62564228592214, 13.963865466550814 ], [ 108.605313729304584, 13.963865466550814 ], [ 108.602931919685417, 13.955684478318744 ], [ 108.633424085877181, 13.955684478318744 ], [ 108.631043149693966, 13.947503601008387 ], [ 108.641206982323993, 13.947503601008387 ], [ 108.636449290205917, 13.931142178871545 ], [ 108.646612677734225, 13.931142178871545 ], [ 108.648990975404956, 13.93932283454942 ], [ 108.659154585411997, 13.93932283454942 ], [ 108.661534647584048, 13.947503601008387 ], [ 108.671698480214047, 13.947503601008387 ], [ 108.678848590504373, 13.972046565774924 ], [ 108.689013091868986, 13.972046565774924 ], [ 108.691399771436977, 13.980227776061408 ], [ 108.671070322307386, 13.980227776061408 ] ] ] } },
{ "type": "Feature", "properties": { "zone_id": 122, "zone_type": "urban", "area_km2": 17.0, "centroid_lon": 109.090223, "centroid_lat": 13.918871, "urban_pixels": 17, "rural_pixels": 153, "urban_mean_C": 35.01, "rural_mean_C": 32.72, "suhi_C": 2.29 }, "geometry": { "type": "MultiPolygon", "coordinates": [ [ [ [ 109.11713491808375, 13.906600875821535 ], [ 109.114752355630998, 13.898420662565162 ], [ 109.124914854686182, 13.898420662565162 ], [ 109.117775784543269, 13.873880685093376 ], [ 109.107613950329778, 13.873880685093376 ], [ 109.10999187204412, 13.882060567271319 ], [ 109.099829816360781, 13.882060567271319 ], [ 109.102209063083961, 13.890240559738501 ], [ 109.092046785786721, 13.890240559738501 ], [ 109.096809476169227, 13.906600875821535 ], [ 109.11713491808375, 13.906600875821535 ] ] ], [ [ [ 109.086646755211959, 13.906600875821535 ], [ 109.089030199019504, 13.914781199577881 ], [ 109.078867256016053, 13.914781199577881 ], [ 109.076484034254705, 13.906600875821535 ], [ 109.066321313297451, 13.906600875821535 ], [ 109.07347495392365, 13.931142178871545 ], [ 109.10396511650859, 13.931142178871545 ], [ 109.101578355372482, 13.922961633904462 ], [ 109.111741520566284, 13.922961633904462 ], [ 109.109356085026405, 13.914781199577881 ], [ 109.099193142022955, 13.914781199577881 ], [ 109.096809476169227, 13.906600875821535 ], [ 109.086646755211959, 13.906600875821535 ] ] ] ] } },
{ "type": "Feature", "properties": { "zone_id": 123, "zone_type": "urban", "area_km2": 73.0, "centroid_lon": 109.176892, "centroid_lat": 13.77982, "urban_pixels": 68, "rural_pixels": 322, "urban_mean_C": 34.12, "rural_mean_C": 31.79, "suhi_C": 2.32 }, "geometry": { "type": "MultiPolygon", "coordinates": [ [ [ [ 109.161202100183317, 13.743017512315012 ], [ 109.156496353894042, 13.726661585349767 ], [ 109.146338481536517, 13.726661585349767 ], [ 109.151043789919001, 13.743017512315012 ], [ 109.161202100183317, 13.743017512315012 ] ] ], [ [ [ 109.140885479654713, 13.743017512315012 ], [ 109.145596521057087, 13.759373875667929 ], [ 109.135437772311647, 13.759373875667929 ], [ 109.137795388370549, 13.767552221164905 ], [ 109.117477451967616, 13.767552221164905 ], [ 109.115120274820754, 13.759373875667929 ], [ 109.1049615260753, 13.759373875667929 ], [ 109.10967698447385, 13.775730675968987 ], [ 109.0995177966727, 13.775730675968987 ], [ 109.10187762094094, 13.783909240150258 ], [ 109.112037028485489, 13.783909240150258 ], [ 109.116761747569484, 13.800266696924762 ], [ 109.12692159503203, 13.800266696924762 ], [ 109.129286490854113, 13.808445589658213 ], [ 109.139446558491287, 13.808445589658213 ], [ 109.141813219229689, 13.816624592049299 ], [ 109.151973507185303, 13.816624592049299 ], [ 109.14960662612846, 13.808445589658213 ], [ 109.159766693765633, 13.808445589658213 ], [ 109.157401137419626, 13.800266696924762 ], [ 109.177720832344676, 13.800266696924762 ], [ 109.180086829039979, 13.808445589658213 ], [ 109.190246896677152, 13.808445589658213 ], [ 109.187880679807208, 13.800266696924762 ], [ 109.238679917119853, 13.800266696924762 ], [ 109.233949919020105, 13.783909240150258 ], [ 109.254268734109218, 13.783909240150258 ], [ 109.249544038586691, 13.767552221164905 ], [ 109.229226102183759, 13.767552221164905 ], [ 109.226866511020631, 13.759373875667929 ], [ 109.216707762275192, 13.759373875667929 ], [ 109.211993651504812, 13.743017512315012 ], [ 109.201835341240511, 13.743017512315012 ], [ 109.204191405445243, 13.751195639407985 ], [ 109.194032876012201, 13.751195639407985 ], [ 109.196390264784313, 13.759373875667929 ], [ 109.186231516038859, 13.759373875667929 ], [ 109.188590229377894, 13.767552221164905 ], [ 109.168272292974933, 13.767552221164905 ], [ 109.165914018547966, 13.759373875667929 ], [ 109.155755269802526, 13.759373875667929 ], [ 109.151043789919001, 13.743017512315012 ], [ 109.140885479654713, 13.743017512315012 ] ] ] ] } },
{ "type": "Feature", "properties": { "zone_id": 124, "zone_type": "urban", "area_km2": 11.0, "centroid_lon": 109.251779, "centroid_lat": 13.346508, "urban_pixels": 10, "rural_pixels": 191, "urban_mean_C": 32.16, "rural_mean_C": 32.46, "suhi_C": -0.31 }, "geometry": { "type": "Polygon", "coordinates": [ [ [ 109.234910978043558, 13.358767390837441 ], [ 109.232625714780866, 13.350594421568147 ], [ 109.242773673319945, 13.350594421568147 ], [ 109.240489729979871, 13.342421558045411 ], [ 109.210046490853998, 13.342421558045411 ], [ 109.2077647155308, 13.334248800199669 ], [ 109.268649921653562, 13.334248800199669 ], [ 109.270932969105715, 13.342421558045411 ], [ 109.260785222730433, 13.342421558045411 ], [ 109.265355490579239, 13.358767390837441 ], [ 109.234910978043558, 13.358767390837441 ] ] ] } },
{ "type": "Feature", "properties": { "zone_id": 125, "zone_type": "urban", "area_km2": 33.0, "centroid_lon": 109.296092, "centroid_lat": 13.08503, "urban_pixels": 32, "rural_pixels": 204, "urban_mean_C": 34.59, "rural_mean_C": 32.9, "suhi_C": 1.69 }, "geometry": { "type": "MultiPolygon", "coordinates": [ [ [ [ 109.31124836934876, 13.12179396123387 ], [ 109.306762177923986, 13.105454203328431 ], [ 109.31690383334967, 13.105454203328431 ], [ 109.314662818677036, 13.097284479906991 ], [ 109.324804266197077, 13.097284479906991 ], [ 109.320326398429472, 13.080945343780437 ], [ 109.310185366296054, 13.080945343780437 ], [ 109.307948928047892, 13.072775930936849 ], [ 109.297808103395496, 13.072775930936849 ], [ 109.293340215973657, 13.05643741534295 ], [ 109.28319980585897, 13.05643741534295 ], [ 109.280968355722422, 13.048268312454223 ], [ 109.270828152664464, 13.048268312454223 ], [ 109.273059395744298, 13.05643741534295 ], [ 109.262918985629625, 13.05643741534295 ], [ 109.265151545483874, 13.064606621480754 ], [ 109.255010928171075, 13.064606621480754 ], [ 109.259480205628861, 13.080945343780437 ], [ 109.269621237762294, 13.080945343780437 ], [ 109.271858370725212, 13.089114860080741 ], [ 109.281999610481193, 13.089114860080741 ], [ 109.286478867072645, 13.105454203328431 ], [ 109.276337211646961, 13.105454203328431 ], [ 109.28082215436379, 13.12179396123387 ], [ 109.31124836934876, 13.12179396123387 ] ] ], [ [ [ 109.270680082702114, 13.12179396123387 ], [ 109.27517071257509, 13.138134134351183 ], [ 109.28531320103923, 13.138134134351183 ], [ 109.28082215436379, 13.12179396123387 ], [ 109.270680082702114, 13.12179396123387 ] ] ] ] } },
{ "type": "Feature", "properties": { "zone_id": 126, "zone_type": "urban", "area_km2": 13.0, "centroid_lon": 109.318691, "centroid_lat": 13.056437, "urban_pixels": 13, "rural_pixels": 121, "urban_mean_C": 36.04, "rural_mean_C": 32.56, "suhi_C": 3.47 }, "geometry": { "type": "Polygon", "coordinates": [ [ [ 109.328230577352642, 13.072775930936849 ], [ 109.325995249360716, 13.064606621480754 ], [ 109.305714014735102, 13.064606621480754 ], [ 109.299018421716283, 13.040099312745397 ], [ 109.288878425573628, 13.040099312745397 ], [ 109.286649816084619, 13.031930416147281 ], [ 109.276510026715897, 13.031930416147281 ], [ 109.274283147308765, 13.023761622590705 ], [ 109.294562312781039, 13.023761622590705 ], [ 109.296789605453355, 13.031930416147281 ], [ 109.306929394822063, 13.031930416147281 ], [ 109.311388964896338, 13.048268312454223 ], [ 109.321529167954296, 13.048268312454223 ], [ 109.319298414001594, 13.040099312745397 ], [ 109.329438410144263, 13.040099312745397 ], [ 109.338371402005023, 13.072775930936849 ], [ 109.328230577352642, 13.072775930936849 ] ] ] } },
{ "type": "Feature", "properties": { "zone_id": 127, "zone_type": "urban", "area_km2": 20.0, "centroid_lon": 108.268354, "centroid_lat": 12.92166, "urban_pixels": 20, "rural_pixels": 388, "urban_mean_C": 34.66, "rural_mean_C": 31.46, "suhi_C": 3.2 }, "geometry": { "type": "Polygon", "coordinates": [ [ [ 108.244923595206018, 12.966582947049558 ], [ 108.242729442892397, 12.958414975336334 ], [ 108.232591508131421, 12.958414975336334 ], [ 108.230399067968094, 12.950247106042553 ], [ 108.240536797367497, 12.950247106042553 ], [ 108.238345658367408, 12.942079339099143 ], [ 108.248483182546323, 12.942079339099143 ], [ 108.246293344727988, 12.933911674437038 ], [ 108.256430663827516, 12.933911674437038 ], [ 108.24768555240226, 12.901242037220728 ], [ 108.257822052594449, 12.901242037220728 ], [ 108.255639334090219, 12.893074882929527 ], [ 108.265775629908021, 12.893074882929527 ], [ 108.270142981174956, 12.909409293448061 ], [ 108.280279685882505, 12.909409293448061 ], [ 108.286842621126084, 12.933911674437038 ], [ 108.266567982927029, 12.933911674437038 ], [ 108.268758230904169, 12.942079339099143 ], [ 108.258620706725253, 12.942079339099143 ], [ 108.26300531241435, 12.958414975336334 ], [ 108.252867377653374, 12.958414975336334 ], [ 108.255061735469681, 12.966582947049558 ], [ 108.244923595206018, 12.966582947049558 ] ] ] } },
{ "type": "Feature", "properties": { "zone_id": 128, "zone_type": "urban", "area_km2": 11.0, "centroid_lon": 108.445629, "centroid_lat": 12.807326, "urban_pixels": 11, "rural_pixels": 249, "urban_mean_C": 33.07, "rural_mean_C": 33.31, "suhi_C": -0.24 }, "geometry": { "type": "Polygon", "coordinates": [ [ [ 108.438751821644701, 12.819575070051938 ], [ 108.436580083100836, 12.811408931328344 ], [ 108.426445823279977, 12.811408931328344 ], [ 108.424275792868073, 12.803242893782347 ], [ 108.444543906858712, 12.803242893782347 ], [ 108.442374975982162, 12.795076957345056 ], [ 108.452508830292601, 12.795076957345056 ], [ 108.450341201797713, 12.786911121947572 ], [ 108.470608505330091, 12.786911121947572 ], [ 108.472776538913465, 12.795076957345056 ], [ 108.462642684603026, 12.795076957345056 ], [ 108.469155210005894, 12.819575070051938 ], [ 108.438751821644701, 12.819575070051938 ] ] ] } },
{ "type": "Feature", "properties": { "zone_id": 129, "zone_type": "urban", "area_km2": 24.0, "centroid_lon": 108.316225, "centroid_lat": 12.701176, "urban_pixels": 24, "rural_pixels": 375, "urban_mean_C": 36.23, "rural_mean_C": 32.15, "suhi_C": 4.08 }, "geometry": { "type": "MultiPolygon", "coordinates": [ [ [ [ 108.333265870735985, 12.688928953220142 ], [ 108.343397102931903, 12.688928953220142 ], [ 108.33910564225441, 12.672599997007332 ], [ 108.328974811354627, 12.672599997007332 ], [ 108.331119590956177, 12.68076442507556 ], [ 108.320988559478494, 12.68076442507556 ], [ 108.323134638540097, 12.688928953220142 ], [ 108.313003406344222, 12.688928953220142 ], [ 108.315150784842658, 12.697093581509831 ], [ 108.294887918733806, 12.697093581509831 ], [ 108.297036395647083, 12.705258310013397 ], [ 108.276773127540508, 12.705258310013397 ], [ 108.281073777956223, 12.721588067937272 ], [ 108.311469887372695, 12.721588067937272 ], [ 108.309318208142571, 12.713423138799614 ], [ 108.329581878527605, 12.713423138799614 ], [ 108.327431297806967, 12.705258310013397 ], [ 108.337562931860262, 12.705258310013397 ], [ 108.333265870735985, 12.688928953220142 ] ] ], [ [ [ 108.33173396031701, 12.721588067937272 ], [ 108.341865996789167, 12.721588067937272 ], [ 108.344019781325557, 12.729753097495159 ], [ 108.364284257109972, 12.729753097495159 ], [ 108.366439946493131, 12.737918227542078 ], [ 108.376572385945821, 12.737918227542078 ], [ 108.372262106205653, 12.721588067937272 ], [ 108.351998033261324, 12.721588067937272 ], [ 108.347694565913557, 12.705258310013397 ], [ 108.337562931860262, 12.705258310013397 ], [ 108.339713713720144, 12.713423138799614 ], [ 108.329581878527605, 12.713423138799614 ], [ 108.33173396031701, 12.721588067937272 ] ] ] ] } },
{ "type": "Feature", "properties": { "zone_id": 130, "zone_type": "urban", "area_km2": 72.0, "centroid_lon": 108.041315, "centroid_lat": 12.676682, "urban_pixels": 72, "rural_pixels": 454, "urban_mean_C": 37.52, "rural_mean_C": 33.45, "suhi_C": 4.07 }, "geometry": { "type": "Polygon", "coordinates": [ [ [ 108.04803693909659, 12.721588067937272 ], [ 108.045890493136795, 12.713423138799614 ], [ 108.035758657944257, 12.713423138799614 ], [ 108.033613910261479, 12.705258310013397 ], [ 108.01335064215489, 12.705258310013397 ], [ 108.009066440467279, 12.688928953220142 ], [ 107.998935208271376, 12.688928953220142 ], [ 107.99465739166186, 12.672599997007332 ], [ 108.004788222561658, 12.672599997007332 ], [ 108.002651356885607, 12.664435668946711 ], [ 108.012781987347751, 12.664435668946711 ], [ 108.008512340813581, 12.648107312573339 ], [ 107.998382110806006, 12.648107312573339 ], [ 107.996249729890593, 12.639943284123149 ], [ 107.975989669909382, 12.639943284123149 ], [ 107.973859183156264, 12.631779355405667 ], [ 107.963729353042453, 12.631779355405667 ], [ 107.961600559898997, 12.623615526352197 ], [ 108.012248711784849, 12.623615526352197 ], [ 108.014378503611525, 12.631779355405667 ], [ 108.02450833372535, 12.631779355405667 ], [ 108.026639819862424, 12.639943284123149 ], [ 108.03676984985303, 12.639943284123149 ], [ 108.041037707044737, 12.656271440824952 ], [ 108.051168137209501, 12.656271440824952 ], [ 108.053304509196323, 12.664435668946711 ], [ 108.063435139658466, 12.664435668946711 ], [ 108.065573207960341, 12.672599997007332 ], [ 108.085834869759893, 12.672599997007332 ], [ 108.087974835491593, 12.68076442507556 ], [ 108.118367929924659, 12.68076442507556 ], [ 108.120509994622154, 12.688928953220142 ], [ 108.110378762426251, 12.688928953220142 ], [ 108.112522123754175, 12.697093581509831 ], [ 108.092259257645324, 12.697093581509831 ], [ 108.094403714581219, 12.705258310013397 ], [ 108.084272080527938, 12.705258310013397 ], [ 108.086417833906907, 12.713423138799614 ], [ 108.05602232832932, 12.713423138799614 ], [ 108.058168975568748, 12.721588067937272 ], [ 108.04803693909659, 12.721588067937272 ] ] ] } },
{ "type": "Feature", "properties": { "zone_id": 131, "zone_type": "urban", "area_km2": 13.0, "centroid_lon": 109.222997, "centroid_lat": 12.701176, "urban_pixels": 13, "rural_pixels": 242, "urban_mean_C": 32.3, "rural_mean_C": 28.61, "suhi_C": 3.7 }, "geometry": { "type": "Polygon", "coordinates": [ [ [ 109.233485206339097, 12.721588067937272 ], [ 109.231315210662757, 12.713423138799614 ], [ 109.221183375470233, 12.713423138799614 ], [ 109.21901509449674, 12.705258310013397 ], [ 109.20888346044346, 12.705258310013397 ], [ 109.200226268735776, 12.672599997007332 ], [ 109.220487930535327, 12.672599997007332 ], [ 109.226979759740772, 12.697093581509831 ], [ 109.237111192795197, 12.697093581509831 ], [ 109.239278362603329, 12.705258310013397 ], [ 109.249409996656624, 12.705258310013397 ], [ 109.25157888104782, 12.713423138799614 ], [ 109.241447045855296, 12.713423138799614 ], [ 109.243617242811268, 12.721588067937272 ], [ 109.233485206339097, 12.721588067937272 ] ] ] } },
{ "type": "Feature", "properties": { "zone_id": 132, "zone_type": "urban", "area_km2": 14.0, "centroid_lon": 107.905639, "centroid_lat": 12.603206, "urban_pixels": 14, "rural_pixels": 335, "urban_mean_C": 40.19, "rural_mean_C": 33.56, "suhi_C": 6.64 }, "geometry": { "type": "Polygon", "coordinates": [ [ [ 107.931211668767475, 12.623615526352197 ], [ 107.929084967891299, 12.615451796894051 ], [ 107.908826106329983, 12.615451796894051 ], [ 107.90670129716915, 12.607288166962546 ], [ 107.886442834520651, 12.607288166962546 ], [ 107.880078554684701, 12.582797873641201 ], [ 107.900335822275494, 12.582797873641201 ], [ 107.90245615539618, 12.590961205404779 ], [ 107.91258498822782, 12.590961205404779 ], [ 107.914707012283927, 12.599124636489005 ], [ 107.924836044291837, 12.599124636489005 ], [ 107.926959759817635, 12.607288166962546 ], [ 107.937088991141863, 12.607288166962546 ], [ 107.93921439867195, 12.615451796894051 ], [ 107.949343829452602, 12.615451796894051 ], [ 107.951470929521818, 12.623615526352197 ], [ 107.931211668767475, 12.623615526352197 ] ] ] } },
{ "type": "Feature", "properties": { "zone_id": 133, "zone_type": "urban", "area_km2": 30.0, "centroid_lon": 109.124538, "centroid_lat": 12.480765, "urban_pixels": 30, "rural_pixels": 363, "urban_mean_C": 34.38, "rural_mean_C": 32.2, "suhi_C": 2.18 }, "geometry": { "type": "Polygon", "coordinates": [ [ [ 109.076288065980293, 12.509332345875393 ], [ 109.074159315322134, 12.501170003544518 ], [ 109.094412617581042, 12.501170003544518 ], [ 109.092284977397512, 12.493007759779733 ], [ 109.102411431029481, 12.493007759779733 ], [ 109.093915134105529, 12.460359769010854 ], [ 109.124292129223633, 12.460359769010854 ], [ 109.126414536708836, 12.468521619196581 ], [ 109.146666260664787, 12.468521619196581 ], [ 109.157302856113787, 12.509332345875393 ], [ 109.13704915858041, 12.509332345875393 ], [ 109.13491922209883, 12.501170003544518 ], [ 109.114665919839936, 12.501170003544518 ], [ 109.116795461047033, 12.509332345875393 ], [ 109.076288065980293, 12.509332345875393 ] ] ] } },
{ "type": "Feature", "properties": { "zone_id": 134, "zone_type": "urban", "area_km2": 27.0, "centroid_lon": 107.640717, "centroid_lat": 12.439956, "urban_pixels": 27, "rural_pixels": 421, "urban_mean_C": 33.19, "rural_mean_C": 31.11, "suhi_C": 2.07 }, "geometry": { "type": "MultiPolygon", "coordinates": [ [ [ [ 107.698334531751328, 12.427713349817875 ], [ 107.694161193682987, 12.411390728192654 ], [ 107.684036707343452, 12.411390728192654 ], [ 107.686122438158606, 12.419551990064711 ], [ 107.675997755718001, 12.419551990064711 ], [ 107.678084774388964, 12.427713349817875 ], [ 107.698334531751328, 12.427713349817875 ] ] ], [ [ [ 107.647710138345431, 12.427713349817875 ], [ 107.645623708396229, 12.419551990064711 ], [ 107.625374343515048, 12.419551990064711 ], [ 107.627460380983052, 12.427713349817875 ], [ 107.61733550230187, 12.427713349817875 ], [ 107.619422826898273, 12.435874807520602 ], [ 107.609297751836948, 12.435874807520602 ], [ 107.615568038358418, 12.460359769010854 ], [ 107.666196363555244, 12.460359769010854 ], [ 107.662012721437463, 12.444036363241354 ], [ 107.672137993018524, 12.444036363241354 ], [ 107.670048202204939, 12.435874807520602 ], [ 107.680173277266263, 12.435874807520602 ], [ 107.678084774388964, 12.427713349817875 ], [ 107.647710138345431, 12.427713349817875 ] ] ] ] } },
{ "type": "Feature", "properties": { "zone_id": 135, "zone_type": "urban", "area_km2": 91.0, "centroid_lon": 109.122324, "centroid_lat": 12.256345, "urban_pixels": 85, "rural_pixels": 421, "urban_mean_C": 35.19, "rural_mean_C": 31.29, "suhi_C": 3.9 }, "geometry": { "type": "MultiPolygon", "coordinates": [ [ [ [ 109.203620767937252, 12.297143301185764 ], [ 109.205715452438866, 12.305303199905195 ], [ 109.215837402151777, 12.305303199905195 ], [ 109.211649146661344, 12.288983499321693 ], [ 109.201527585109289, 12.288983499321693 ], [ 109.197345723475152, 12.27266418588637 ], [ 109.207466897423018, 12.27266418588637 ], [ 109.205378024524478, 12.264504674178529 ], [ 109.195257044170035, 12.264504674178529 ], [ 109.191084187337637, 12.248185940441079 ], [ 109.201204780922524, 12.248185940441079 ], [ 109.194956167275379, 12.2237085630065 ], [ 109.205076181748709, 12.2237085630065 ], [ 109.202996117248205, 12.215549629767738 ], [ 109.213115938962318, 12.215549629767738 ], [ 109.211037181304235, 12.207390792701643 ], [ 109.221156810398142, 12.207390792701643 ], [ 109.217003408071974, 12.191073406814562 ], [ 109.196764919531631, 12.191073406814562 ], [ 109.198840486387354, 12.199232051739985 ], [ 109.18872104977477, 12.199232051739985 ], [ 109.190797923116449, 12.207390792701643 ], [ 109.180678294022556, 12.207390792701643 ], [ 109.182756473819907, 12.215549629767738 ], [ 109.17263665210578, 12.215549629767738 ], [ 109.176797123845375, 12.231867592486145 ], [ 109.166676916473875, 12.231867592486145 ], [ 109.168759208495246, 12.240026718274923 ], [ 109.148518407677884, 12.240026718274923 ], [ 109.15060181299809, 12.248185940441079 ], [ 109.110119438658543, 12.248185940441079 ], [ 109.108036806043145, 12.240026718274923 ], [ 109.09791640563445, 12.240026718274923 ], [ 109.093756022542024, 12.2237085630065 ], [ 109.083636008068709, 12.2237085630065 ], [ 109.087796005225769, 12.240026718274923 ], [ 109.077675604817088, 12.240026718274923 ], [ 109.079757657903897, 12.248185940441079 ], [ 109.049395877149237, 12.248185940441079 ], [ 109.053563319207711, 12.264504674178529 ], [ 109.073805279916613, 12.264504674178529 ], [ 109.07589163610082, 12.27266418588637 ], [ 109.086012810048686, 12.27266418588637 ], [ 109.088100859220845, 12.280823794244659 ], [ 109.098222226901242, 12.280823794244659 ], [ 109.100311969588745, 12.288983499321693 ], [ 109.120555092692854, 12.288983499321693 ], [ 109.118464962261996, 12.280823794244659 ], [ 109.158950432983559, 12.280823794244659 ], [ 109.161041338901072, 12.288983499321693 ], [ 109.171162900453112, 12.288983499321693 ], [ 109.17325550124859, 12.297143301185764 ], [ 109.203620767937252, 12.297143301185764 ] ] ], [ [ [ 109.153011990122849, 12.297143301185764 ], [ 109.155105703874398, 12.305303199905195 ], [ 109.175349603300177, 12.305303199905195 ], [ 109.17325550124859, 12.297143301185764 ], [ 109.153011990122849, 12.297143301185764 ] ] ] ] } },
{ "type": "Feature", "properties": { "zone_id": 136, "zone_type": "urban", "area_km2": 11.0, "centroid_lon": 107.68885, "centroid_lat": 12.007529, "urban_pixels": 11, "rural_pixels": 391, "urban_mean_C": 34.75, "rural_mean_C": 30.48, "suhi_C": 4.26 }, "geometry": { "type": "Polygon", "coordinates": [ [ [ 107.686814457184141, 12.019763927045926 ], [ 107.684799252738927, 12.011607377678667 ], [ 107.674684204903798, 12.011607377678667 ], [ 107.668647997230124, 11.987138296124199 ], [ 107.688876958807811, 11.987138296124199 ], [ 107.690887933061646, 11.995294562285794 ], [ 107.70100260272757, 11.995294562285794 ], [ 107.698991439596668, 11.987138296124199 ], [ 107.709105920385511, 11.987138296124199 ], [ 107.713130097599972, 12.003450922781287 ], [ 107.703015238918638, 12.003450922781287 ], [ 107.70502934840917, 12.011607377678667 ], [ 107.694914300574055, 12.011607377678667 ], [ 107.69692969431145, 12.019763927045926 ], [ 107.686814457184141, 12.019763927045926 ] ] ] } },
{ "type": "Feature", "properties": { "zone_id": 137, "zone_type": "urban", "area_km2": 12.0, "centroid_lon": 109.189858, "centroid_lat": 11.98306, "urban_pixels": 10, "rural_pixels": 214, "urban_mean_C": 35.07, "rural_mean_C": 34.33, "suhi_C": 0.74 }, "geometry": { "type": "Polygon", "coordinates": [ [ [ 109.149440030350405, 12.003450922781287 ], [ 109.147400364954279, 11.995294562285794 ], [ 109.157515034620204, 11.995294562285794 ], [ 109.155476673189995, 11.987138296124199 ], [ 109.185820115556538, 11.987138296124199 ], [ 109.177679332428625, 11.954514173457378 ], [ 109.187793059092115, 11.954514173457378 ], [ 109.189826204314429, 11.962670062963067 ], [ 109.199940119301857, 11.962670062963067 ], [ 109.20401126474917, 11.978982124228523 ], [ 109.193896972699079, 11.978982124228523 ], [ 109.197973713283886, 11.995294562285794 ], [ 109.167629704286114, 11.995294562285794 ], [ 109.169669747713087, 12.003450922781287 ], [ 109.149440030350405, 12.003450922781287 ] ] ] } },
{ "type": "Feature", "properties": { "zone_id": 138, "zone_type": "urban", "area_km2": 44.0, "centroid_lon": 108.463652, "centroid_lat": 11.950436, "urban_pixels": 44, "rural_pixels": 517, "urban_mean_C": 30.71, "rural_mean_C": 25.77, "suhi_C": 4.95 }, "geometry": { "type": "Polygon", "coordinates": [ [ [ 108.425210776892754, 11.978982124228523 ], [ 108.417132481882405, 11.94635837794579 ], [ 108.407018943404623, 11.94635837794579 ], [ 108.405003262247249, 11.938202676360365 ], [ 108.415116612677537, 11.938202676360365 ], [ 108.413102224812363, 11.930047068633186 ], [ 108.423215387333329, 11.930047068633186 ], [ 108.421202292797346, 11.921891554696332 ], [ 108.45154121704681, 11.921891554696332 ], [ 108.453554874896255, 11.930047068633186 ], [ 108.463668037417222, 11.930047068633186 ], [ 108.465683364828976, 11.938202676360365 ], [ 108.506136766550114, 11.938202676360365 ], [ 108.510173372637951, 11.954514173457378 ], [ 108.489945919310955, 11.954514173457378 ], [ 108.491966070181618, 11.962670062963067 ], [ 108.481852155194204, 11.962670062963067 ], [ 108.483873600629352, 11.970826046530799 ], [ 108.463645393730104, 11.970826046530799 ], [ 108.465667945093088, 11.978982124228523 ], [ 108.425210776892754, 11.978982124228523 ] ] ] } },
{ "type": "Feature", "properties": { "zone_id": 139, "zone_type": "urban", "area_km2": 14.0, "centroid_lon": 109.155406, "centroid_lat": 11.925969, "urban_pixels": 12, "rural_pixels": 273, "urban_mean_C": 36.01, "rural_mean_C": 34.69, "suhi_C": 1.32 }, "geometry": { "type": "Polygon", "coordinates": [ [ [ 109.175647867716464, 11.94635837794579 ], [ 109.173617894949061, 11.938202676360365 ], [ 109.163504544518773, 11.938202676360365 ], [ 109.161476251364235, 11.930047068633186 ], [ 109.141249926322288, 11.930047068633186 ], [ 109.139223500034419, 11.921891554696332 ], [ 109.129110525284602, 11.921891554696332 ], [ 109.12506252001802, 11.905580807921984 ], [ 109.14528771926183, 11.905580807921984 ], [ 109.143265577317493, 11.897425574948704 ], [ 109.153377989582609, 11.897425574948704 ], [ 109.155400318883736, 11.905580807921984 ], [ 109.165512918505655, 11.905580807921984 ], [ 109.167536925904216, 11.913736134481894 ], [ 109.15742413878742, 11.913736134481894 ], [ 109.159449449534051, 11.921891554696332 ], [ 109.169562424283868, 11.921891554696332 ], [ 109.171589413885215, 11.930047068633186 ], [ 109.181702576406195, 11.930047068633186 ], [ 109.18576140619426, 11.94635837794579 ], [ 109.175647867716464, 11.94635837794579 ] ] ] } },
{ "type": "Feature", "properties": { "zone_id": 140, "zone_type": "urban", "area_km2": 27.0, "centroid_lon": 106.962421, "centroid_lat": 11.82811, "urban_pixels": 27, "rural_pixels": 422, "urban_mean_C": 34.23, "rural_mean_C": 32.65, "suhi_C": 1.58 }, "geometry": { "type": "Polygon", "coordinates": [ [ [ 106.989543975189946, 11.856650811506279 ], [ 106.987570315078727, 11.848496138627612 ], [ 106.977459024055662, 11.848496138627612 ], [ 106.975487009879316, 11.840341558860599 ], [ 106.935042591350069, 11.840341558860599 ], [ 106.933072781357168, 11.832187072137419 ], [ 106.94318369973665, 11.832187072137419 ], [ 106.935318297664139, 11.799570054326967 ], [ 106.965648821904765, 11.799570054326967 ], [ 106.971547358809076, 11.82403267839026 ], [ 106.981658091073612, 11.82403267839026 ], [ 106.983627373254564, 11.832187072137419 ], [ 107.013960128392995, 11.832187072137419 ], [ 107.017904188147938, 11.848496138627612 ], [ 107.007792897124872, 11.848496138627612 ], [ 107.00976693029348, 11.856650811506279 ], [ 106.989543975189946, 11.856650811506279 ] ] ] } },
{ "type": "Feature", "properties": { "zone_id": 141, "zone_type": "urban", "area_km2": 11.0, "centroid_lon": 108.246661, "centroid_lat": 11.787339, "urban_pixels": 11, "rural_pixels": 310, "urban_mean_C": 32.7, "rural_mean_C": 31.17, "suhi_C": 1.54 }, "geometry": { "type": "Polygon", "coordinates": [ [ [ 108.239530840010616, 11.799570054326967 ], [ 108.237544196352076, 11.79141603180598 ], [ 108.22743420716877, 11.79141603180598 ], [ 108.225449224068839, 11.783262101922093 ], [ 108.245668831583856, 11.783262101922093 ], [ 108.243684952667437, 11.775108264607553 ], [ 108.284123426545321, 11.775108264607553 ], [ 108.282140281827608, 11.766954519794607 ], [ 108.292249715146795, 11.766954519794607 ], [ 108.296217850371349, 11.783262101922093 ], [ 108.265888439098845, 11.783262101922093 ], [ 108.267874163901951, 11.79141603180598 ], [ 108.247654185535367, 11.79141603180598 ], [ 108.249641014757501, 11.799570054326967 ], [ 108.239530840010616, 11.799570054326967 ] ] ] } },
{ "type": "Feature", "properties": { "zone_id": 142, "zone_type": "urban", "area_km2": 33.0, "centroid_lon": 108.385314, "centroid_lat": 11.754724, "urban_pixels": 33, "rural_pixels": 402, "urban_mean_C": 33.55, "rural_mean_C": 29.13, "suhi_C": 4.42 }, "geometry": { "type": "Polygon", "coordinates": [ [ [ 108.421513985454311, 11.799570054326967 ], [ 108.419524001651368, 11.79141603180598 ], [ 108.409414012468076, 11.79141603180598 ], [ 108.407425691703892, 11.783262101922093 ], [ 108.397315887946391, 11.783262101922093 ], [ 108.395329229709546, 11.775108264607553 ], [ 108.365000374301118, 11.775108264607553 ], [ 108.361032598678463, 11.758800867415514 ], [ 108.371141846985097, 11.758800867415514 ], [ 108.367179605679425, 11.742493839687976 ], [ 108.357070726984858, 11.742493839687976 ], [ 108.349164687872374, 11.7098808904595 ], [ 108.36938097011658, 11.7098808904595 ], [ 108.367407779263857, 11.70172788322137 ], [ 108.377515736336832, 11.70172788322137 ], [ 108.389378115253294, 11.750647307402541 ], [ 108.39948717868505, 11.750647307402541 ], [ 108.401469591904942, 11.758800867415514 ], [ 108.411578840211575, 11.758800867415514 ], [ 108.417535495461394, 11.783262101922093 ], [ 108.427645299218895, 11.783262101922093 ], [ 108.431624160201181, 11.799570054326967 ], [ 108.421513985454311, 11.799570054326967 ] ] ] } },
{ "type": "Feature", "properties": { "zone_id": 143, "zone_type": "urban", "area_km2": 11.0, "centroid_lon": 108.791671, "centroid_lat": 11.762878, "urban_pixels": 11, "rural_pixels": 422, "urban_mean_C": 38.39, "rural_mean_C": 37.03, "suhi_C": 1.35 }, "geometry": { "type": "Polygon", "coordinates": [ [ [ 108.773373623066675, 11.79141603180598 ], [ 108.769385113080119, 11.775108264607553 ], [ 108.77949473154959, 11.775108264607553 ], [ 108.777502514467841, 11.766954519794607 ], [ 108.787611947787042, 11.766954519794607 ], [ 108.781643632156374, 11.742493839687976 ], [ 108.791752510850912, 11.742493839687976 ], [ 108.789765850610038, 11.734340464204083 ], [ 108.799874544705062, 11.734340464204083 ], [ 108.805839524169812, 11.758800867415514 ], [ 108.795730275863178, 11.758800867415514 ], [ 108.799713968488547, 11.775108264607553 ], [ 108.789604350019076, 11.775108264607553 ], [ 108.791598234489015, 11.783262101922093 ], [ 108.7814884307315, 11.783262101922093 ], [ 108.783483612249981, 11.79141603180598 ], [ 108.773373623066675, 11.79141603180598 ] ] ] } },
{ "type": "Feature", "properties": { "zone_id": 144, "zone_type": "urban", "area_km2": 47.0, "centroid_lon": 108.996936, "centroid_lat": 11.567216, "urban_pixels": 45, "rural_pixels": 336, "urban_mean_C": 35.29, "rural_mean_C": 37.99, "suhi_C": -2.7 }, "geometry": { "type": "MultiPolygon", "coordinates": [ [ [ [ 108.986683104358804, 11.587595399797561 ], [ 108.988647327796855, 11.595747126698576 ], [ 108.998752904739604, 11.595747126698576 ], [ 108.996788499176063, 11.587595399797561 ], [ 109.016999288810624, 11.587595399797561 ], [ 109.015035999555181, 11.579443763842276 ], [ 109.025141212384227, 11.579443763842276 ], [ 109.021218711056676, 11.563140764498748 ], [ 109.031323560320857, 11.563140764498748 ], [ 109.023495590328409, 11.530535854189155 ], [ 109.003287342767635, 11.530535854189155 ], [ 109.005241753540233, 11.538686945888148 ], [ 108.995137448594591, 11.538686945888148 ], [ 108.997093157232996, 11.546838128127746 ], [ 108.966779698488992, 11.546838128127746 ], [ 108.964824533757692, 11.538686945888148 ], [ 108.944615923866408, 11.538686945888148 ], [ 108.94657072599297, 11.546838128127746 ], [ 108.956675212240981, 11.546838128127746 ], [ 108.958631674383724, 11.55498940097544 ], [ 108.968736342071224, 11.55498940097544 ], [ 108.972654066714554, 11.571292218765183 ], [ 108.962549035736558, 11.571292218765183 ], [ 108.966472314724228, 11.587595399797561 ], [ 108.986683104358804, 11.587595399797561 ] ] ], [ [ [ 108.932233942802554, 11.571292218765183 ], [ 108.930275067679219, 11.563140764498748 ], [ 108.920170218415052, 11.563140764498748 ], [ 108.924089084093936, 11.579443763842276 ], [ 108.944299509751986, 11.579443763842276 ], [ 108.942338973780551, 11.571292218765183 ], [ 108.932233942802554, 11.571292218765183 ] ] ], [ [ [ 108.93615613027238, 11.587595399797561 ], [ 108.942050508017161, 11.61205085360803 ], [ 108.952156449622734, 11.61205085360803 ], [ 108.950189994792566, 11.603898944612881 ], [ 108.960295753998096, 11.603898944612881 ], [ 108.958330596968523, 11.595747126698576 ], [ 108.9684361739113, 11.595747126698576 ], [ 108.966472314724228, 11.587595399797561 ], [ 108.956366919906941, 11.587595399797561 ], [ 108.954404722581017, 11.579443763842276 ], [ 108.944299509751986, 11.579443763842276 ], [ 108.946261525089668, 11.587595399797561 ], [ 108.93615613027238, 11.587595399797561 ] ] ] ] } },
{ "type": "Feature", "properties": { "zone_id": 145, "zone_type": "urban", "area_km2": 34.0, "centroid_lon": 107.803796, "centroid_lat": 11.542763, "urban_pixels": 34, "rural_pixels": 436, "urban_mean_C": 32.68, "rural_mean_C": 28.71, "suhi_C": 3.97 }, "geometry": { "type": "Polygon", "coordinates": [ [ [ 107.800470473266941, 11.571292218765183 ], [ 107.796594890320463, 11.55498940097544 ], [ 107.786490222632963, 11.55498940097544 ], [ 107.784554807472375, 11.546838128127746 ], [ 107.774450321224364, 11.546838128127746 ], [ 107.772516550172426, 11.538686945888148 ], [ 107.762412245226798, 11.538686945888148 ], [ 107.758549452409198, 11.522384852963269 ], [ 107.748445509656975, 11.522384852963269 ], [ 107.744588925870914, 11.506083121660891 ], [ 107.754692506978003, 11.506083121660891 ], [ 107.756620248884389, 11.514233942143006 ], [ 107.76672401074552, 11.514233942143006 ], [ 107.768653395161422, 11.522384852963269 ], [ 107.778757337913646, 11.522384852963269 ], [ 107.780688365341348, 11.530535854189155 ], [ 107.831208984243261, 11.530535854189155 ], [ 107.835077238712387, 11.546838128127746 ], [ 107.845181724960412, 11.546838128127746 ], [ 107.850995628156923, 11.571292218765183 ], [ 107.800470473266941, 11.571292218765183 ] ] ] } },
{ "type": "Feature", "properties": { "zone_id": 146, "zone_type": "urban", "area_km2": 29.0, "centroid_lon": 106.885516, "centroid_lat": 11.52646, "urban_pixels": 29, "rural_pixels": 471, "urban_mean_C": 38.53, "rural_mean_C": 33.04, "suhi_C": 5.49 }, "geometry": { "type": "Polygon", "coordinates": [ [ [ 106.897279466132389, 11.55498940097544 ], [ 106.895360017647903, 11.546838128127746 ], [ 106.885255531399892, 11.546838128127746 ], [ 106.883337714956312, 11.538686945888148 ], [ 106.87323341001067, 11.538686945888148 ], [ 106.871317225106907, 11.530535854189155 ], [ 106.841004853765753, 11.530535854189155 ], [ 106.839090661957314, 11.522384852963269 ], [ 106.859298547461762, 11.522384852963269 ], [ 106.857385443244368, 11.514233942143006 ], [ 106.877592966966617, 11.514233942143006 ], [ 106.8756809506623, 11.506083121660891 ], [ 106.885784531769374, 11.506083121660891 ], [ 106.881964486245408, 11.489781751441255 ], [ 106.892067706255446, 11.489781751441255 ], [ 106.897800490688866, 11.514233942143006 ], [ 106.907904252549997, 11.514233942143006 ], [ 106.909818261222853, 11.522384852963269 ], [ 106.9300261467273, 11.522384852963269 ], [ 106.9319419677892, 11.530535854189155 ], [ 106.921837844008806, 11.530535854189155 ], [ 106.925673476391921, 11.546838128127746 ], [ 106.91556899014391, 11.546838128127746 ], [ 106.917488801507389, 11.55498940097544 ], [ 106.897279466132389, 11.55498940097544 ] ] ] } },
{ "type": "Feature", "properties": { "zone_id": 147, "zone_type": "urban", "area_km2": 14.0, "centroid_lon": 106.830754, "centroid_lat": 11.400131, "urban_pixels": 14, "rural_pixels": 418, "urban_mean_C": 33.77, "rural_mean_C": 33.16, "suhi_C": 0.61 }, "geometry": { "type": "MultiPolygon", "coordinates": [ [ [ [ 106.838963749235134, 11.391981082650561 ], [ 106.818761619378037, 11.391981082650561 ], [ 106.822545480927786, 11.408280297701467 ], [ 106.84274832640881, 11.408280297701467 ], [ 106.838963749235134, 11.391981082650561 ] ] ], [ [ [ 106.848436042490121, 11.432729791409241 ], [ 106.858538002974413, 11.432729791409241 ], [ 106.864239283791093, 11.457180092091754 ], [ 106.874341783250713, 11.457180092091754 ], [ 106.878150237340265, 11.473480741764707 ], [ 106.888253096801193, 11.473480741764707 ], [ 106.882542048363433, 11.449029902088071 ], [ 106.872439728699135, 11.449029902088071 ], [ 106.866742252321018, 11.424579870599301 ], [ 106.856640471221453, 11.424579870599301 ], [ 106.852849749149328, 11.408280297701467 ], [ 106.84274832640881, 11.408280297701467 ], [ 106.848436042490121, 11.432729791409241 ] ] ] ] } },
{ "type": "Feature", "properties": { "zone_id": 148, "zone_type": "urban", "area_km2": 107.0, "centroid_lon": 106.110383, "centroid_lat": 11.298268, "urban_pixels": 106, "rural_pixels": 535, "urban_mean_C": 36.84, "rural_mean_C": 32.75, "suhi_C": 4.09 }, "geometry": { "type": "MultiPolygon", "coordinates": [ [ [ [ 106.180949396319107, 11.253452126679335 ], [ 106.177241565178463, 11.237156284318836 ], [ 106.15704617924122, 11.237156284318836 ], [ 106.160753305135799, 11.253452126679335 ], [ 106.180949396319107, 11.253452126679335 ] ] ], [ [ [ 106.150655259544138, 11.253452126679335 ], [ 106.146948486272564, 11.237156284318836 ], [ 106.126753100335307, 11.237156284318836 ], [ 106.128605417815635, 11.245304161441013 ], [ 106.108409679391698, 11.245304161441013 ], [ 106.113974171999615, 11.269748321773227 ], [ 106.103875773239423, 11.269748321773227 ], [ 106.105733293924374, 11.277896551763224 ], [ 106.06533899172814, 11.277896551763224 ], [ 106.070918031103076, 11.302341772312142 ], [ 106.060818924368718, 11.302341772312142 ], [ 106.062681293818855, 11.310490356245564 ], [ 106.032383441611515, 11.310490356245564 ], [ 106.030521604165585, 11.302341772312142 ], [ 106.020422497431213, 11.302341772312142 ], [ 106.018562270280484, 11.294193276965441 ], [ 106.008463340744356, 11.294193276965441 ], [ 106.014047789293187, 11.318639028832973 ], [ 106.054445635454684, 11.318639028832973 ], [ 106.056310694969056, 11.326787790141625 ], [ 106.066410334117236, 11.326787790141625 ], [ 106.070145111079768, 11.343085579191788 ], [ 106.09034510062672, 11.343085579191788 ], [ 106.092214996942857, 11.351234607067875 ], [ 106.102315169733899, 11.351234607067875 ], [ 106.104186679304732, 11.359383723934357 ], [ 106.114287030249926, 11.359383723934357 ], [ 106.112415342524926, 11.351234607067875 ], [ 106.122515515315953, 11.351234607067875 ], [ 106.120645084947185, 11.343085579191788 ], [ 106.130745079720654, 11.343085579191788 ], [ 106.128875906760612, 11.334936640238805 ], [ 106.138975723653147, 11.334936640238805 ], [ 106.13710780815444, 11.326787790141625 ], [ 106.167406725598966, 11.326787790141625 ], [ 106.161809991712417, 11.302341772312142 ], [ 106.151710884978044, 11.302341772312142 ], [ 106.147987258037489, 11.286044870138214 ], [ 106.158086010511852, 11.286044870138214 ], [ 106.156226171669644, 11.277896551763224 ], [ 106.166324747218695, 11.277896551763224 ], [ 106.160753305135799, 11.253452126679335 ], [ 106.150655259544138, 11.253452126679335 ] ] ] ] } },
{ "type": "Feature", "properties": { "zone_id": 149, "zone_type": "urban", "area_km2": 21.0, "centroid_lon": 107.480081, "centroid_lat": 11.281971, "urban_pixels": 21, "rural_pixels": 448, "urban_mean_C": 34.88, "rural_mean_C": 31.33, "suhi_C": 3.55 }, "geometry": { "type": "MultiPolygon", "coordinates": [ [ [ [ 107.495574336732219, 11.261600180101002 ], [ 107.485476114624504, 11.261600180101002 ], [ 107.487356403384439, 11.269748321773227 ], [ 107.436864409583535, 11.269748321773227 ], [ 107.434985004085874, 11.261600180101002 ], [ 107.414788559870431, 11.261600180101002 ], [ 107.416667612063179, 11.269748321773227 ], [ 107.426766010823357, 11.269748321773227 ], [ 107.428646690850627, 11.277896551763224 ], [ 107.458942417497767, 11.277896551763224 ], [ 107.460825079704776, 11.286044870138214 ], [ 107.481022584653502, 11.286044870138214 ], [ 107.482907053019176, 11.294193276965441 ], [ 107.493005982555289, 11.294193276965441 ], [ 107.494892080649436, 11.302341772312142 ], [ 107.504991187383808, 11.302341772312142 ], [ 107.495574336732219, 11.261600180101002 ] ] ], [ [ [ 107.510658732306027, 11.326787790141625 ], [ 107.530858010602373, 11.326787790141625 ], [ 107.528967020349114, 11.318639028832973 ], [ 107.518867558808736, 11.318639028832973 ], [ 107.515090294118181, 11.302341772312142 ], [ 107.504991187383808, 11.302341772312142 ], [ 107.510658732306027, 11.326787790141625 ] ] ] ] } },
{ "type": "Feature", "properties": { "zone_id": 150, "zone_type": "urban", "area_km2": 14.0, "centroid_lon": 106.794307, "centroid_lat": 11.286045, "urban_pixels": 14, "rural_pixels": 393, "urban_mean_C": 36.02, "rural_mean_C": 32.52, "suhi_C": 3.49 }, "geometry": { "type": "Polygon", "coordinates": [ [ [ 106.779730462725837, 11.310490356245564 ], [ 106.775981985490162, 11.294193276965441 ], [ 106.786080915026261, 11.294193276965441 ], [ 106.782337855711063, 11.277896551763224 ], [ 106.772239280162026, 11.277896551763224 ], [ 106.770370091411493, 11.269748321773227 ], [ 106.750173293891109, 11.269748321773227 ], [ 106.748305900760585, 11.261600180101002 ], [ 106.758404122868313, 11.261600180101002 ], [ 106.756537995043814, 11.253452126679335 ], [ 106.76663604063549, 11.253452126679335 ], [ 106.768502344976028, 11.261600180101002 ], [ 106.778600567083757, 11.261600180101002 ], [ 106.780468490171657, 11.269748321773227 ], [ 106.790566888931849, 11.269748321773227 ], [ 106.792436431260128, 11.277896551763224 ], [ 106.80253500680918, 11.277896551763224 ], [ 106.808152822712188, 11.302341772312142 ], [ 106.787954609243442, 11.302341772312142 ], [ 106.789829746794936, 11.310490356245564 ], [ 106.779730462725837, 11.310490356245564 ] ] ] } },
{ "type": "Feature", "properties": { "zone_id": 151, "zone_type": "urban", "area_km2": 11.0, "centroid_lon": 107.355306, "centroid_lat": 11.200492, "urban_pixels": 11, "rural_pixels": 339, "urban_mean_C": 37.28, "rural_mean_C": 31.11, "suhi_C": 6.18 }, "geometry": { "type": "Polygon", "coordinates": [ [ [ 107.365025693280757, 11.220860794154161 ], [ 107.36315604605403, 11.212713180977302 ], [ 107.353058880997509, 11.212713180977302 ], [ 107.351190858422783, 11.204565655647864 ], [ 107.34109386906438, 11.204565655647864 ], [ 107.335499018322665, 11.180123606072542 ], [ 107.345595481404061, 11.180123606072542 ], [ 107.347459158845837, 11.188270868262629 ], [ 107.37774907395837, 11.188270868262629 ], [ 107.379614725835026, 11.196418218098691 ], [ 107.369517912038518, 11.196418218098691 ], [ 107.375123034171693, 11.220860794154161 ], [ 107.365025693280757, 11.220860794154161 ] ] ] } },
{ "type": "Feature", "properties": { "zone_id": 152, "zone_type": "urban", "area_km2": 11.0, "centroid_lon": 108.563161, "centroid_lat": 11.184197, "urban_pixels": 11, "rural_pixels": 245, "urban_mean_C": 34.32, "rural_mean_C": 34.9, "suhi_C": -0.59 }, "geometry": { "type": "Polygon", "coordinates": [ [ [ 108.532538613354632, 11.204565655647864 ], [ 108.530651498636644, 11.196418218098691 ], [ 108.550845126229646, 11.196418218098691 ], [ 108.547074588090197, 11.180123606072542 ], [ 108.557171051171593, 11.180123606072542 ], [ 108.553406019440359, 11.163829344361737 ], [ 108.563502132351402, 11.163829344361737 ], [ 108.565384091204621, 11.171976431461287 ], [ 108.575480379132756, 11.171976431461287 ], [ 108.581135567619171, 11.196418218098691 ], [ 108.571038753822663, 11.196418218098691 ], [ 108.569152401718327, 11.188270868262629 ], [ 108.559055763347487, 11.188270868262629 ], [ 108.562829581429796, 11.204565655647864 ], [ 108.532538613354632, 11.204565655647864 ] ] ] } },
{ "type": "Feature", "properties": { "zone_id": 153, "zone_type": "urban", "area_km2": 13.0, "centroid_lon": 106.323984, "centroid_lat": 11.127169, "urban_pixels": 13, "rural_pixels": 254, "urban_mean_C": 36.81, "rural_mean_C": 32.37, "suhi_C": 4.44 }, "geometry": { "type": "MultiPolygon", "coordinates": [ [ [ [ 106.32949324674972, 11.106802179355734 ], [ 106.319398355147442, 11.106802179355734 ], [ 106.32306628258489, 11.123095219190724 ], [ 106.312971042717578, 11.123095219190724 ], [ 106.314806981195929, 11.131241869738361 ], [ 106.304711566992026, 11.131241869738361 ], [ 106.306548763880585, 11.139388607462188 ], [ 106.296453175204064, 11.139388607462188 ], [ 106.298291630446968, 11.147535432429294 ], [ 106.318483157017496, 11.147535432429294 ], [ 106.316644352557134, 11.139388607462188 ], [ 106.326739941233654, 11.139388607462188 ], [ 106.324902395399818, 11.131241869738361 ], [ 106.334997809603692, 11.131241869738361 ], [ 106.32949324674972, 11.106802179355734 ] ] ], [ [ [ 106.320323394793476, 11.155682344706777 ], [ 106.340515270853629, 11.155682344706777 ], [ 106.338674683587996, 11.147535432429294 ], [ 106.348770446873246, 11.147535432429294 ], [ 106.345093223807595, 11.131241869738361 ], [ 106.334997809603692, 11.131241869738361 ], [ 106.336835529910189, 11.139388607462188 ], [ 106.326739941233654, 11.139388607462188 ], [ 106.328578920302732, 11.147535432429294 ], [ 106.318483157017496, 11.147535432429294 ], [ 106.320323394793476, 11.155682344706777 ] ] ] ] } },
{ "type": "Feature", "properties": { "zone_id": 154, "zone_type": "urban", "area_km2": 24.0, "centroid_lon": 106.618591, "centroid_lat": 11.135315, "urban_pixels": 24, "rural_pixels": 265, "urban_mean_C": 37.53, "rural_mean_C": 33.45, "suhi_C": 4.09 }, "geometry": { "type": "Polygon", "coordinates": [ [ [ 106.582817783575607, 11.155682344706777 ], [ 106.580973002434106, 11.147535432429294 ], [ 106.591068765719371, 11.147535432429294 ], [ 106.585542519135146, 11.123095219190724 ], [ 106.595637759002472, 11.123095219190724 ], [ 106.593798375575943, 11.114948655752206 ], [ 106.624083572576282, 11.114948655752206 ], [ 106.625923478604406, 11.123095219190724 ], [ 106.656209198206369, 11.123095219190724 ], [ 106.658051064128273, 11.131241869738361 ], [ 106.647955649924384, 11.131241869738361 ], [ 106.649798778882669, 11.139388607462188 ], [ 106.639703190206149, 11.139388607462188 ], [ 106.641547582145634, 11.147535432429294 ], [ 106.61126029228987, 11.147535432429294 ], [ 106.61310559766585, 11.155682344706777 ], [ 106.582817783575607, 11.155682344706777 ] ] ] } },
{ "type": "Feature", "properties": { "zone_id": 155, "zone_type": "urban", "area_km2": 1673.0, "centroid_lon": 106.701275, "centroid_lat": 10.850232, "urban_pixels": 1640, "rural_pixels": 1268, "urban_mean_C": 37.36, "rural_mean_C": 32.89, "suhi_C": 4.47 }, "geometry": { "type": "MultiPolygon", "coordinates": [ [ [ [ 106.753540434230089, 10.650736354389672 ], [ 106.751779677122656, 10.642594728782838 ], [ 106.761864871234806, 10.642594728782838 ], [ 106.760105375447253, 10.634453186341608 ], [ 106.739935319642342, 10.634453186341608 ], [ 106.738177583462871, 10.626311726999377 ], [ 106.718007859807642, 10.626311726999377 ], [ 106.719765263837402, 10.634453186341608 ], [ 106.70968023593494, 10.634453186341608 ], [ 106.711438900674054, 10.642594728782838 ], [ 106.721524094786204, 10.642594728782838 ], [ 106.725046038264836, 10.658878063228729 ], [ 106.745217092137139, 10.658878063228729 ], [ 106.743455073773404, 10.650736354389672 ], [ 106.753540434230089, 10.650736354389672 ] ] ], [ [ [ 106.681183318337617, 10.642594728782838 ], [ 106.686466377005161, 10.667019855366616 ], [ 106.696552070555654, 10.667019855366616 ], [ 106.691268512449753, 10.642594728782838 ], [ 106.681183318337617, 10.642594728782838 ] ] ], [ [ [ 106.955775832342141, 10.699587858239209 ], [ 106.959325132274458, 10.715872361201209 ], [ 106.969411828345031, 10.715872361201209 ], [ 106.965862193699408, 10.699587858239209 ], [ 106.955775832342141, 10.699587858239209 ] ] ], [ [ [ 106.93560310962765, 10.699587858239209 ], [ 106.933830941386205, 10.691445732239623 ], [ 106.923744747183093, 10.691445732239623 ], [ 106.925516748270383, 10.699587858239209 ], [ 106.905344025555863, 10.699587858239209 ], [ 106.910667611924126, 10.724014738296955 ], [ 106.900580748294345, 10.724014738296955 ], [ 106.904136627455429, 10.740299744051354 ], [ 106.914223826608819, 10.740299744051354 ], [ 106.919568888462663, 10.764727882590668 ], [ 106.929656591914721, 10.764727882590668 ], [ 106.935015052089668, 10.789156778620391 ], [ 106.924926843122492, 10.789156778620391 ], [ 106.926715694053982, 10.797299912606249 ], [ 106.90653893856873, 10.797299912606249 ], [ 106.911913078159287, 10.821729821426205 ], [ 106.922001963039747, 10.821729821426205 ], [ 106.923796379403157, 10.829873293542871 ], [ 106.933885433600111, 10.829873293542871 ], [ 106.935681453493018, 10.838016850359182 ], [ 106.945770677141809, 10.838016850359182 ], [ 106.943974487797078, 10.829873293542871 ], [ 106.954063541994046, 10.829873293542871 ], [ 106.950475127641241, 10.813586433942394 ], [ 106.960563843340481, 10.813586433942394 ], [ 106.956980827281853, 10.797299912606249 ], [ 106.967069205024458, 10.797299912606249 ], [ 106.963491586660965, 10.781013729000337 ], [ 106.973579626987913, 10.781013729000337 ], [ 106.968223445009698, 10.756585085667588 ], [ 106.958135909792333, 10.756585085667588 ], [ 106.952793128713196, 10.732157199224771 ], [ 106.96288016003723, 10.732157199224771 ], [ 106.959325132274458, 10.715872361201209 ], [ 106.949238436203899, 10.715872361201209 ], [ 106.945689470984888, 10.699587858239209 ], [ 106.93560310962765, 10.699587858239209 ] ] ], [ [ [ 106.507750695837601, 10.772870763679339 ], [ 106.509529771948166, 10.781013729000337 ], [ 106.489353691294269, 10.781013729000337 ], [ 106.487574952193754, 10.772870763679339 ], [ 106.467399208549921, 10.772870763679339 ], [ 106.470957439599474, 10.789156778620391 ], [ 106.460869230632298, 10.789156778620391 ], [ 106.462650317893349, 10.797299912606249 ], [ 106.45256194015073, 10.797299912606249 ], [ 106.456128058378482, 10.813586433942394 ], [ 106.446039342679256, 10.813586433942394 ], [ 106.451398718351243, 10.838016850359182 ], [ 106.491755612946392, 10.838016850359182 ], [ 106.486394205476216, 10.813586433942394 ], [ 106.496482921175442, 10.813586433942394 ], [ 106.494698472265384, 10.805443131024663 ], [ 106.514875565571984, 10.805443131024663 ], [ 106.513092206606473, 10.797299912606249 ], [ 106.523180584349092, 10.797299912606249 ], [ 106.521398484435366, 10.789156778620391 ], [ 106.531486693402542, 10.789156778620391 ], [ 106.529705852602078, 10.781013729000337 ], [ 106.519617812275115, 10.781013729000337 ], [ 106.517838567659524, 10.772870763679339 ], [ 106.507750695837601, 10.772870763679339 ] ] ], [ [ [ 106.536837783972416, 10.813586433942394 ], [ 106.542201731190332, 10.838016850359182 ], [ 106.552290954839108, 10.838016850359182 ], [ 106.566659072419526, 10.903168362093254 ], [ 106.576749656556672, 10.903168362093254 ], [ 106.580356332879973, 10.919457091700368 ], [ 106.610629109721373, 10.919457091700368 ], [ 106.608824543484147, 10.911312684212858 ], [ 106.649187562714985, 10.911312684212858 ], [ 106.650992812176526, 10.919457091700368 ], [ 106.661083737790335, 10.919457091700368 ], [ 106.66469887637021, 10.935746163046581 ], [ 106.654607608737621, 10.935746163046581 ], [ 106.656417156261753, 10.943890827039048 ], [ 106.646325717416431, 10.943890827039048 ], [ 106.64813652670459, 10.952035576666947 ], [ 106.617861696123583, 10.952035576666947 ], [ 106.616051400880451, 10.943890827039048 ], [ 106.595868523189793, 10.943890827039048 ], [ 106.597678475736245, 10.952035576666947 ], [ 106.587586865542576, 10.952035576666947 ], [ 106.589398079116506, 10.960180411997182 ], [ 106.579306297438904, 10.960180411997182 ], [ 106.581118771981906, 10.968325333096651 ], [ 106.571026818684672, 10.968325333096651 ], [ 106.572840554138381, 10.976470340032286 ], [ 106.562748429085914, 10.976470340032286 ], [ 106.564563425392123, 10.984615432871001 ], [ 106.554471128448725, 10.984615432871001 ], [ 106.556287385549396, 10.992760611679739 ], [ 106.566379854519425, 10.992760611679739 ], [ 106.568197716681283, 11.000905876525433 ], [ 106.588382998946031, 11.000905876525433 ], [ 106.590202638952263, 11.009051227475034 ], [ 106.600295452382696, 11.009051227475034 ], [ 106.602116698556387, 11.017196664595504 ], [ 106.612209684420677, 11.017196664595504 ], [ 106.617682546416248, 11.041633493651808 ], [ 106.607589042435706, 11.041633493651808 ], [ 106.613074298858649, 11.066071100657151 ], [ 106.623168322177975, 11.066071100657151 ], [ 106.628667017512853, 11.090509487420679 ], [ 106.618572473631616, 11.090509487420679 ], [ 106.620408070306155, 11.098655789934243 ], [ 106.610313352632403, 11.098655789934243 ], [ 106.612150211613397, 11.106802179355734 ], [ 106.642434886420205, 11.106802179355734 ], [ 106.640597505653687, 11.098655789934243 ], [ 106.66078694100122, 11.098655789934243 ], [ 106.662624669624762, 11.106802179355734 ], [ 106.682814452829291, 11.106802179355734 ], [ 106.680976376348738, 11.098655789934243 ], [ 106.691071094022504, 11.098655789934243 ], [ 106.689234280800278, 11.090509487420679 ], [ 106.699328824681515, 11.090509487420679 ], [ 106.697493274773393, 11.082363271748005 ], [ 106.707587644998057, 11.082363271748005 ], [ 106.703920508732708, 11.066071100657151 ], [ 106.714014532052033, 11.066071100657151 ], [ 106.712182945671145, 11.057925145104925 ], [ 106.722276795741692, 11.057925145104925 ], [ 106.718617586221626, 11.041633493651808 ], [ 106.728711090202154, 11.041633493651808 ], [ 106.725057280020309, 11.025342187953806 ], [ 106.735150438454212, 11.025342187953806 ], [ 106.733325514792071, 11.017196664595504 ], [ 106.743418500656361, 11.017196664595504 ], [ 106.741594840408965, 11.009051227475034 ], [ 106.751687653839411, 11.009051227475034 ], [ 106.749865257063917, 11.000905876525433 ], [ 106.759957898196291, 11.000905876525433 ], [ 106.758136764949953, 10.992760611679739 ], [ 106.768229233919982, 10.992760611679739 ], [ 106.766409364260198, 10.984615432871001 ], [ 106.776501661203582, 10.984615432871001 ], [ 106.774683055187879, 10.976470340032286 ], [ 106.784775180240374, 10.976470340032286 ], [ 106.782957837926375, 10.968325333096651 ], [ 106.813233697818049, 10.968325333096651 ], [ 106.815051555397787, 10.976470340032286 ], [ 106.825143680450267, 10.976470340032286 ], [ 106.830606386122867, 11.000905876525433 ], [ 106.820513744990507, 11.000905876525433 ], [ 106.824162387570624, 11.017196664595504 ], [ 106.864534331027755, 11.017196664595504 ], [ 106.866361498094875, 11.025342187953806 ], [ 106.886547814962668, 11.025342187953806 ], [ 106.881069591784708, 11.000905876525433 ], [ 106.891162232917083, 11.000905876525433 ], [ 106.889338861560304, 10.992760611679739 ], [ 106.909523799500363, 10.992760611679739 ], [ 106.911347515181816, 11.000905876525433 ], [ 106.921440156314191, 11.000905876525433 ], [ 106.919616268470392, 10.992760611679739 ], [ 106.929708737440407, 10.992760611679739 ], [ 106.927886115354639, 10.984615432871001 ], [ 106.948070709241435, 10.984615432871001 ], [ 106.949893675380466, 10.992760611679739 ], [ 106.980171082290553, 10.992760611679739 ], [ 106.978347600071658, 10.984615432871001 ], [ 106.968255303128245, 10.984615432871001 ], [ 106.962794001188797, 10.960180411997182 ], [ 106.972885782866413, 10.960180411997182 ], [ 106.971068052902041, 10.952035576666947 ], [ 106.991251273289379, 10.952035576666947 ], [ 106.993069346221688, 10.960180411997182 ], [ 107.003161127899304, 10.960180411997182 ], [ 107.004980810465298, 10.968325333096651 ], [ 107.015072763762532, 10.968325333096651 ], [ 107.018716787845264, 10.984615432871001 ], [ 107.028809084788676, 10.984615432871001 ], [ 107.025164717059752, 10.968325333096651 ], [ 107.035256670356972, 10.968325333096651 ], [ 107.027984511143089, 10.935746163046581 ], [ 107.007801975877925, 10.935746163046581 ], [ 107.005987873552641, 10.927601584622648 ], [ 106.995896776997242, 10.927601584622648 ], [ 106.994084283045495, 10.919457091700368 ], [ 106.953720580590328, 10.919457091700368 ], [ 106.95191020694638, 10.911312684212858 ], [ 106.931728697330939, 10.911312684212858 ], [ 106.929920101356842, 10.903168362093254 ], [ 106.919829517219711, 10.903168362093254 ], [ 106.916216973529956, 10.886879973690318 ], [ 106.926307216732425, 10.886879973690318 ], [ 106.924502927657926, 10.878735907273283 ], [ 106.985043365288007, 10.878735907273283 ], [ 106.983239490650604, 10.870591925956752 ], [ 106.973149587840979, 10.870591925956752 ], [ 106.967747087517495, 10.846160491941921 ], [ 106.937478907809648, 10.846160491941921 ], [ 106.935681453493018, 10.838016850359182 ], [ 106.915503006195436, 10.838016850359182 ], [ 106.919098670843994, 10.854304218357891 ], [ 106.909009107885538, 10.854304218357891 ], [ 106.910808922108899, 10.862448029673896 ], [ 106.900719189292545, 10.862448029673896 ], [ 106.904322781781232, 10.878735907273283 ], [ 106.894232708842893, 10.878735907273283 ], [ 106.896036487124988, 10.886879973690318 ], [ 106.865765757517522, 10.886879973690318 ], [ 106.863962490027845, 10.878735907273283 ], [ 106.853872417089505, 10.878735907273283 ], [ 106.846674368686124, 10.846160491941921 ], [ 106.836584975450165, 10.846160491941921 ], [ 106.831201999115677, 10.821729821426205 ], [ 106.841290883996137, 10.821729821426205 ], [ 106.837709058477685, 10.805443131024663 ], [ 106.827620511824378, 10.805443131024663 ], [ 106.822259022083657, 10.781013729000337 ], [ 106.812170981756708, 10.781013729000337 ], [ 106.803264635921707, 10.740299744051354 ], [ 106.773003038461567, 10.740299744051354 ], [ 106.771226564880621, 10.732157199224771 ], [ 106.761139533556602, 10.732157199224771 ], [ 106.75936465747759, 10.724014738296955 ], [ 106.74927779384781, 10.724014738296955 ], [ 106.747504514792595, 10.715872361201209 ], [ 106.757591210863168, 10.715872361201209 ], [ 106.754048605197028, 10.699587858239209 ], [ 106.76413496655428, 10.699587858239209 ], [ 106.760597742081728, 10.683303689805426 ], [ 106.800941850817523, 10.683303689805426 ], [ 106.797409006060462, 10.667019855366616 ], [ 106.787323312509997, 10.667019855366616 ], [ 106.785559199881703, 10.658878063228729 ], [ 106.765388146009414, 10.658878063228729 ], [ 106.767151925409024, 10.667019855366616 ], [ 106.726809151207092, 10.667019855366616 ], [ 106.725046038264836, 10.658878063228729 ], [ 106.714960511328698, 10.658878063228729 ], [ 106.718487831593478, 10.675161730869972 ], [ 106.728573691893232, 10.675161730869972 ], [ 106.732107057323972, 10.691445732239623 ], [ 106.722020863120861, 10.691445732239623 ], [ 106.723789521125255, 10.699587858239209 ], [ 106.713703159768002, 10.699587858239209 ], [ 106.706637764106119, 10.667019855366616 ], [ 106.696552070555654, 10.667019855366616 ], [ 106.703616798410749, 10.699587858239209 ], [ 106.673357714338977, 10.699587858239209 ], [ 106.671589892105317, 10.691445732239623 ], [ 106.661503697902205, 10.691445732239623 ], [ 106.654447349711845, 10.658878063228729 ], [ 106.664532876647996, 10.658878063228729 ], [ 106.661012930113301, 10.642594728782838 ], [ 106.671098124225452, 10.642594728782838 ], [ 106.669340124325117, 10.634453186341608 ], [ 106.679425152227566, 10.634453186341608 ], [ 106.674159211352929, 10.61002905734555 ], [ 106.68424374143531, 10.61002905734555 ], [ 106.680739912137952, 10.593746719288669 ], [ 106.660571514385396, 10.593746719288669 ], [ 106.65882206887288, 10.585605674442656 ], [ 106.648738035397514, 10.585605674442656 ], [ 106.65048731550911, 10.593746719288669 ], [ 106.620234718880283, 10.593746719288669 ], [ 106.621984927468546, 10.60188784690078 ], [ 106.591731834232704, 10.60188784690078 ], [ 106.589982122251442, 10.593746719288669 ], [ 106.569813724498886, 10.593746719288669 ], [ 106.571563105408813, 10.60188784690078 ], [ 106.551394376584938, 10.60188784690078 ], [ 106.554896748289707, 10.618170350689557 ], [ 106.544812052402108, 10.618170350689557 ], [ 106.546565208738201, 10.626311726999377 ], [ 106.516310623255364, 10.626311726999377 ], [ 106.514557964739325, 10.618170350689557 ], [ 106.50447326885174, 10.618170350689557 ], [ 106.502722199952572, 10.61002905734555 ], [ 106.492637669870192, 10.61002905734555 ], [ 106.489140133488689, 10.593746719288669 ], [ 106.479055934612404, 10.593746719288669 ], [ 106.482553139787825, 10.61002905734555 ], [ 106.472468609705444, 10.61002905734555 ], [ 106.474219181188971, 10.618170350689557 ], [ 106.464134485301372, 10.618170350689557 ], [ 106.467639566275892, 10.634453186341608 ], [ 106.457554538373429, 10.634453186341608 ], [ 106.459309047870263, 10.642594728782838 ], [ 106.479479436094579, 10.642594728782838 ], [ 106.481235701899053, 10.650736354389672 ], [ 106.501406422812465, 10.650736354389672 ], [ 106.49964982431888, 10.642594728782838 ], [ 106.529905406655317, 10.642594728782838 ], [ 106.531662504182563, 10.650736354389672 ], [ 106.541747864639277, 10.650736354389672 ], [ 106.543506553414275, 10.658878063228729 ], [ 106.553592080350427, 10.658878063228729 ], [ 106.557114066797581, 10.675161730869972 ], [ 106.547028206497828, 10.675161730869972 ], [ 106.548791171218838, 10.683303689805426 ], [ 106.528619116850948, 10.683303689805426 ], [ 106.530383173261754, 10.691445732239623 ], [ 106.560641755871089, 10.691445732239623 ], [ 106.562407739409167, 10.699587858239209 ], [ 106.5523213780519, 10.699587858239209 ], [ 106.555857289451851, 10.715872361201209 ], [ 106.565943985522424, 10.715872361201209 ], [ 106.567714248511976, 10.724014738296955 ], [ 106.557627384882196, 10.724014738296955 ], [ 106.559398907075945, 10.732157199224771 ], [ 106.529137813103858, 10.732157199224771 ], [ 106.532684131230937, 10.748442372843391 ], [ 106.542771498348742, 10.748442372843391 ], [ 106.546323860736166, 10.764727882590668 ], [ 106.536236157284108, 10.764727882590668 ], [ 106.538014311303371, 10.772870763679339 ], [ 106.527926439481448, 10.772870763679339 ], [ 106.529705852602078, 10.781013729000337 ], [ 106.539793892929026, 10.781013729000337 ], [ 106.546926499671656, 10.813586433942394 ], [ 106.536837783972416, 10.813586433942394 ] ], [ [ 106.564175149223928, 10.70773006787085 ], [ 106.574261677870325, 10.70773006787085 ], [ 106.576030681592997, 10.715872361201209 ], [ 106.565943985522424, 10.715872361201209 ], [ 106.564175149223928, 10.70773006787085 ] ] ], [ [ [ 106.820513744990507, 11.000905876525433 ], [ 106.818691578770114, 10.992760611679739 ], [ 106.788414171860026, 10.992760611679739 ], [ 106.790235821593384, 11.000905876525433 ], [ 106.800328462725773, 11.000905876525433 ], [ 106.802151720991645, 11.009051227475034 ], [ 106.812244534422092, 11.009051227475034 ], [ 106.810421103858133, 11.000905876525433 ], [ 106.820513744990507, 11.000905876525433 ] ] ], [ [ [ 106.773668477249757, 11.106802179355734 ], [ 106.771828835412634, 11.098655789934243 ], [ 106.781923553086401, 11.098655789934243 ], [ 106.778248236570761, 11.082363271748005 ], [ 106.788342606795439, 11.082363271748005 ], [ 106.786506932092337, 11.074217142849168 ], [ 106.796601128796382, 11.074217142849168 ], [ 106.794766718606738, 11.066071100657151 ], [ 106.804860741926092, 11.066071100657151 ], [ 106.801195888424374, 11.049779276125481 ], [ 106.791102211466765, 11.049779276125481 ], [ 106.789272114085378, 11.041633493651808 ], [ 106.77917861010485, 11.041633493651808 ], [ 106.775523072189813, 11.025342187953806 ], [ 106.785616230623688, 11.025342187953806 ], [ 106.780143180461025, 11.000905876525433 ], [ 106.770050539328665, 11.000905876525433 ], [ 106.771873280700319, 11.009051227475034 ], [ 106.761780467269858, 11.009051227475034 ], [ 106.763604472384927, 11.017196664595504 ], [ 106.743418500656361, 11.017196664595504 ], [ 106.747070129318814, 11.033487797616914 ], [ 106.736976798179498, 11.033487797616914 ], [ 106.738804594182696, 11.041633493651808 ], [ 106.728711090202154, 11.041633493651808 ], [ 106.73237064581221, 11.057925145104925 ], [ 106.742464495882743, 11.057925145104925 ], [ 106.746130145276155, 11.074217142849168 ], [ 106.756224341980186, 11.074217142849168 ], [ 106.761734117738868, 11.098655789934243 ], [ 106.751639400065102, 11.098655789934243 ], [ 106.755319426244483, 11.114948655752206 ], [ 106.745224360577694, 11.114948655752206 ], [ 106.747066357012216, 11.123095219190724 ], [ 106.767256836746853, 11.123095219190724 ], [ 106.763573585647492, 11.106802179355734 ], [ 106.773668477249757, 11.106802179355734 ] ] ] ] } },
{ "type": "Feature", "properties": { "zone_id": 156, "zone_type": "urban", "area_km2": 11.0, "centroid_lon": 106.274444, "centroid_lat": 11.086436, "urban_pixels": 11, "rural_pixels": 202, "urban_mean_C": 36.42, "rural_mean_C": 32.33, "suhi_C": 4.09 }, "geometry": { "type": "Polygon", "coordinates": [ [ [ 106.256998234050627, 11.098655789934243 ], [ 106.25334098488787, 11.082363271748005 ], [ 106.263435355112534, 11.082363271748005 ], [ 106.261608703481983, 11.074217142849168 ], [ 106.281797096890074, 11.074217142849168 ], [ 106.279971529320463, 11.066071100657151 ], [ 106.300159575959142, 11.066071100657151 ], [ 106.301985490298179, 11.074217142849168 ], [ 106.291891293594134, 11.074217142849168 ], [ 106.295547069432004, 11.090509487420679 ], [ 106.275357981669529, 11.090509487420679 ], [ 106.277187669398145, 11.098655789934243 ], [ 106.256998234050627, 11.098655789934243 ] ] ] } },
{ "type": "Feature", "properties": { "zone_id": 157, "zone_type": "urban", "area_km2": 10.0, "centroid_lon": 107.198086, "centroid_lat": 11.086436, "urban_pixels": 10, "rural_pixels": 216, "urban_mean_C": 31.21, "rural_mean_C": 31.46, "suhi_C": -0.25 }, "geometry": { "type": "Polygon", "coordinates": [ [ [ 107.175617542363227, 11.098655789934243 ], [ 107.171928675332936, 11.082363271748005 ], [ 107.202211786006941, 11.082363271748005 ], [ 107.20036899695819, 11.074217142849168 ], [ 107.210463193662221, 11.074217142849168 ], [ 107.21230615623162, 11.082363271748005 ], [ 107.222400526456283, 11.082363271748005 ], [ 107.224245106505862, 11.090509487420679 ], [ 107.214150562624624, 11.090509487420679 ], [ 107.215996413058278, 11.098655789934243 ], [ 107.175617542363227, 11.098655789934243 ] ] ] } },
{ "type": "Feature", "properties": { "zone_id": 158, "zone_type": "urban", "area_km2": 23.0, "centroid_lon": 107.173743, "centroid_lat": 11.045706, "urban_pixels": 23, "rural_pixels": 271, "urban_mean_C": 34.29, "rural_mean_C": 32.13, "suhi_C": 2.16 }, "geometry": { "type": "Polygon", "coordinates": [ [ [ 107.170086406846039, 11.074217142849168 ], [ 107.168245581422298, 11.066071100657151 ], [ 107.148057534783604, 11.066071100657151 ], [ 107.144380904982967, 11.049779276125481 ], [ 107.154474581940562, 11.049779276125481 ], [ 107.152638257384723, 11.041633493651808 ], [ 107.162731761365265, 11.041633493651808 ], [ 107.157230921091951, 11.017196664595504 ], [ 107.167323906956241, 11.017196664595504 ], [ 107.165493004487743, 11.009051227475034 ], [ 107.17558581791819, 11.009051227475034 ], [ 107.177416892820531, 11.017196664595504 ], [ 107.187509878684821, 11.017196664595504 ], [ 107.194849289771, 11.049779276125481 ], [ 107.18475561281339, 11.049779276125481 ], [ 107.188433628060977, 11.066071100657151 ], [ 107.178339604741637, 11.066071100657151 ], [ 107.180180603550085, 11.074217142849168 ], [ 107.170086406846039, 11.074217142849168 ] ] ] } },
{ "type": "Feature", "properties": { "zone_id": 159, "zone_type": "urban", "area_km2": 44.0, "centroid_lon": 106.357567, "centroid_lat": 11.029415, "urban_pixels": 44, "rural_pixels": 293, "urban_mean_C": 36.07, "rural_mean_C": 32.82, "suhi_C": 3.25 }, "geometry": { "type": "MultiPolygon", "coordinates": [ [ [ [ 106.336886748374525, 11.049779276125481 ], [ 106.338710493061441, 11.057925145104925 ], [ 106.358898193202506, 11.057925145104925 ], [ 106.357074102289744, 11.049779276125481 ], [ 106.367167779247325, 11.049779276125481 ], [ 106.365344946902809, 11.041633493651808 ], [ 106.375438450883351, 11.041633493651808 ], [ 106.373616877164423, 11.033487797616914 ], [ 106.403896870582358, 11.033487797616914 ], [ 106.402076210135633, 11.025342187953806 ], [ 106.412169368569536, 11.025342187953806 ], [ 106.410349967135033, 11.017196664595504 ], [ 106.440628924727861, 11.017196664595504 ], [ 106.436993381960477, 11.000905876525433 ], [ 106.366344894033901, 11.000905876525433 ], [ 106.36816074348242, 11.009051227475034 ], [ 106.358067930051959, 11.009051227475034 ], [ 106.359885037813598, 11.017196664595504 ], [ 106.349792051949322, 11.017196664595504 ], [ 106.351610417966157, 11.025342187953806 ], [ 106.311237784230556, 11.025342187953806 ], [ 106.314877427000113, 11.041633493651808 ], [ 106.324970930980655, 11.041633493651808 ], [ 106.326793071416901, 11.049779276125481 ], [ 106.336886748374525, 11.049779276125481 ] ] ], [ [ [ 106.316699394459306, 11.049779276125481 ], [ 106.320347622597822, 11.066071100657151 ], [ 106.330441645917148, 11.066071100657151 ], [ 106.326793071416901, 11.049779276125481 ], [ 106.316699394459306, 11.049779276125481 ] ] ] ] } },
{ "type": "Feature", "properties": { "zone_id": 160, "zone_type": "urban", "area_km2": 46.0, "centroid_lon": 106.514615, "centroid_lat": 10.964253, "urban_pixels": 46, "rural_pixels": 179, "urban_mean_C": 37.86, "rural_mean_C": 33.55, "suhi_C": 4.32 }, "geometry": { "type": "Polygon", "coordinates": [ [ [ 106.475547633789176, 10.992760611679739 ], [ 106.473732752901498, 10.984615432871001 ], [ 106.453548159014701, 10.984615432871001 ], [ 106.451735053508685, 10.976470340032286 ], [ 106.471919303613618, 10.976470340032286 ], [ 106.47010728571243, 10.968325333096651 ], [ 106.48019923900965, 10.968325333096651 ], [ 106.478388480662602, 10.960180411997182 ], [ 106.488480262340232, 10.960180411997182 ], [ 106.486670763605872, 10.952035576666947 ], [ 106.496762373799541, 10.952035576666947 ], [ 106.494954134736531, 10.943890827039048 ], [ 106.505045573581853, 10.943890827039048 ], [ 106.503238594248941, 10.935746163046581 ], [ 106.523421129514091, 10.935746163046581 ], [ 106.521615238893034, 10.927601584622648 ], [ 106.561979625114674, 10.927601584622648 ], [ 106.565594206653813, 10.943890827039048 ], [ 106.555502767808477, 10.943890827039048 ], [ 106.559122734083644, 10.960180411997182 ], [ 106.549030952406, 10.960180411997182 ], [ 106.550842912090218, 10.968325333096651 ], [ 106.530659005495764, 10.968325333096651 ], [ 106.532472053928473, 10.976470340032286 ], [ 106.52237992887602, 10.976470340032286 ], [ 106.526009978639323, 10.992760611679739 ], [ 106.515917509669293, 10.992760611679739 ], [ 106.514101940675118, 10.984615432871001 ], [ 106.493917346788308, 10.984615432871001 ], [ 106.495732571729235, 10.992760611679739 ], [ 106.475547633789176, 10.992760611679739 ] ] ] } },
{ "type": "Feature", "properties": { "zone_id": 161, "zone_type": "urban", "area_km2": 47.0, "centroid_lon": 108.110502, "centroid_lat": 10.947963, "urban_pixels": 43, "rural_pixels": 301, "urban_mean_C": 34.39, "rural_mean_C": 34.94, "suhi_C": -0.55 }, "geometry": { "type": "MultiPolygon", "coordinates": [ [ [ [ 108.158206485992039, 10.935746163046581 ], [ 108.156372880869228, 10.927601584622648 ], [ 108.146281784313828, 10.927601584622648 ], [ 108.148115218359465, 10.935746163046581 ], [ 108.158206485992039, 10.935746163046581 ] ] ], [ [ [ 108.127932683094301, 10.935746163046581 ], [ 108.126099591202987, 10.927601584622648 ], [ 108.116008494647602, 10.927601584622648 ], [ 108.114177026176506, 10.919457091700368 ], [ 108.093995174948915, 10.919457091700368 ], [ 108.092165500217902, 10.911312684212858 ], [ 108.071983990602476, 10.911312684212858 ], [ 108.073813323721311, 10.919457091700368 ], [ 108.033449621266158, 10.919457091700368 ], [ 108.037111274401084, 10.935746163046581 ], [ 108.057293809666248, 10.935746163046581 ], [ 108.059127155762226, 10.943890827039048 ], [ 108.069218594607548, 10.943890827039048 ], [ 108.071053564012061, 10.952035576666947 ], [ 108.091236784399399, 10.952035576666947 ], [ 108.093073549083229, 10.960180411997182 ], [ 108.11325711243849, 10.960180411997182 ], [ 108.115095673159928, 10.968325333096651 ], [ 108.125187626457162, 10.968325333096651 ], [ 108.12702781221958, 10.976470340032286 ], [ 108.147212062324513, 10.976470340032286 ], [ 108.141694835367744, 10.952035576666947 ], [ 108.151786445561413, 10.952035576666947 ], [ 108.148115218359465, 10.935746163046581 ], [ 108.127932683094301, 10.935746163046581 ] ] ] ] } },
{ "type": "Feature", "properties": { "zone_id": 162, "zone_type": "urban", "area_km2": 10.0, "centroid_lon": 107.055938, "centroid_lat": 10.947963, "urban_pixels": 10, "rural_pixels": 249, "urban_mean_C": 37.96, "rural_mean_C": 33.61, "suhi_C": 4.35 }, "geometry": { "type": "Polygon", "coordinates": [ [ [ 107.043528254609825, 10.960180411997182 ], [ 107.038075778775678, 10.935746163046581 ], [ 107.068349581673402, 10.935746163046581 ], [ 107.066534452885094, 10.927601584622648 ], [ 107.076625549440507, 10.927601584622648 ], [ 107.078440849305991, 10.935746163046581 ], [ 107.088532116938566, 10.935746163046581 ], [ 107.090349026610824, 10.943890827039048 ], [ 107.070166148920165, 10.943890827039048 ], [ 107.071984154838731, 10.952035576666947 ], [ 107.051800934451393, 10.952035576666947 ], [ 107.053620036287455, 10.960180411997182 ], [ 107.043528254609825, 10.960180411997182 ] ] ] } },
{ "type": "Feature", "properties": { "zone_id": 163, "zone_type": "urban", "area_km2": 27.0, "centroid_lon": 107.248174, "centroid_lat": 10.927602, "urban_pixels": 27, "rural_pixels": 303, "urban_mean_C": 32.32, "rural_mean_C": 32.38, "suhi_C": -0.06 }, "geometry": { "type": "Polygon", "coordinates": [ [ [ 107.235272106484786, 10.960180411997182 ], [ 107.233449917937449, 10.952035576666947 ], [ 107.213266697550111, 10.952035576666947 ], [ 107.211446292754744, 10.943890827039048 ], [ 107.22153773160008, 10.943890827039048 ], [ 107.21971859616211, 10.935746163046581 ], [ 107.229809863794699, 10.935746163046581 ], [ 107.2189242696045, 10.886879973690318 ], [ 107.229014512806984, 10.886879973690318 ], [ 107.23445134156232, 10.911312684212858 ], [ 107.24454209637004, 10.911312684212858 ], [ 107.246357423390322, 10.919457091700368 ], [ 107.266539274617912, 10.919457091700368 ], [ 107.270174934324999, 10.935746163046581 ], [ 107.280266201957588, 10.935746163046581 ], [ 107.283907968905808, 10.952035576666947 ], [ 107.243541528131118, 10.952035576666947 ], [ 107.245363888162402, 10.960180411997182 ], [ 107.235272106484786, 10.960180411997182 ] ] ] } },
{ "type": "Feature", "properties": { "zone_id": 164, "zone_type": "urban", "area_km2": 16.0, "centroid_lon": 107.408722, "centroid_lat": 10.923529, "urban_pixels": 16, "rural_pixels": 307, "urban_mean_C": 35.93, "rural_mean_C": 32.92, "suhi_C": 3.02 }, "geometry": { "type": "Polygon", "coordinates": [ [ [ 107.40318363081596, 10.943890827039048 ], [ 107.397721307597209, 10.919457091700368 ], [ 107.387630381983413, 10.919457091700368 ], [ 107.38581266367801, 10.911312684212858 ], [ 107.345449644447186, 10.911312684212858 ], [ 107.343634050979929, 10.903168362093254 ], [ 107.424358724077095, 10.903168362093254 ], [ 107.427994084438581, 10.919457091700368 ], [ 107.417903158824785, 10.919457091700368 ], [ 107.419722832324396, 10.927601584622648 ], [ 107.409631735768983, 10.927601584622648 ], [ 107.413275069661282, 10.943890827039048 ], [ 107.40318363081596, 10.943890827039048 ] ] ] } },
{ "type": "Feature", "properties": { "zone_id": 165, "zone_type": "urban", "area_km2": 12.0, "centroid_lon": 105.18336, "centroid_lat": 10.899096, "urban_pixels": 12, "rural_pixels": 154, "urban_mean_C": 30.66, "rural_mean_C": 29.61, "suhi_C": 1.05 }, "geometry": { "type": "MultiPolygon", "coordinates": [ [ [ [ 105.210965872309998, 10.886879973690318 ], [ 105.209190528139018, 10.878735907273283 ], [ 105.219280601077372, 10.878735907273283 ], [ 105.213962530863569, 10.854304218357891 ], [ 105.203872967905099, 10.854304218357891 ], [ 105.207416596153337, 10.870591925956752 ], [ 105.197326693343683, 10.870591925956752 ], [ 105.200875629107514, 10.886879973690318 ], [ 105.210965872309998, 10.886879973690318 ] ] ], [ [ [ 105.190785385905045, 10.886879973690318 ], [ 105.19256180167055, 10.895024125274693 ], [ 105.162290560864307, 10.895024125274693 ], [ 105.164067877355961, 10.903168362093254 ], [ 105.174158461493107, 10.903168362093254 ], [ 105.17593736078895, 10.911312684212858 ], [ 105.18602811559667, 10.911312684212858 ], [ 105.184249045630253, 10.903168362093254 ], [ 105.194339629767398, 10.903168362093254 ], [ 105.196118870404376, 10.911312684212858 ], [ 105.206209625212082, 10.911312684212858 ], [ 105.200875629107514, 10.886879973690318 ], [ 105.190785385905045, 10.886879973690318 ] ] ] ] } },
{ "type": "Feature", "properties": { "zone_id": 166, "zone_type": "urban", "area_km2": 15.0, "centroid_lon": 107.448281, "centroid_lat": 10.874664, "urban_pixels": 15, "rural_pixels": 400, "urban_mean_C": 35.81, "rural_mean_C": 32.56, "suhi_C": 3.25 }, "geometry": { "type": "MultiPolygon", "coordinates": [ [ [ [ 107.514382885393374, 10.854304218357891 ], [ 107.510767201473868, 10.838016850359182 ], [ 107.490588754176315, 10.838016850359182 ], [ 107.494203759476463, 10.854304218357891 ], [ 107.514382885393374, 10.854304218357891 ] ] ], [ [ [ 107.484114196517993, 10.854304218357891 ], [ 107.485923692641194, 10.862448029673896 ], [ 107.455654494192117, 10.862448029673896 ], [ 107.457464922703849, 10.870591925956752 ], [ 107.427195214274917, 10.870591925956752 ], [ 107.430819376856675, 10.886879973690318 ], [ 107.450999863261643, 10.886879973690318 ], [ 107.449186720451948, 10.878735907273283 ], [ 107.469366866328642, 10.878735907273283 ], [ 107.467554825513488, 10.870591925956752 ], [ 107.497824533942435, 10.870591925956752 ], [ 107.494203759476463, 10.854304218357891 ], [ 107.484114196517993, 10.854304218357891 ] ] ] ] } },
{ "type": "Feature", "properties": { "zone_id": 167, "zone_type": "urban", "area_km2": 11.0, "centroid_lon": 105.094657, "centroid_lat": 10.862448, "urban_pixels": 11, "rural_pixels": 107, "urban_mean_C": 30.02, "rural_mean_C": 29.93, "suhi_C": 0.09 }, "geometry": { "type": "Polygon", "coordinates": [ [ [ 105.08810965287887, 10.878735907273283 ], [ 105.082798212403532, 10.854304218357891 ], [ 105.072708649445076, 10.854304218357891 ], [ 105.070941159159332, 10.846160491941921 ], [ 105.081030552395262, 10.846160491941921 ], [ 105.079264302116215, 10.838016850359182 ], [ 105.089353525765006, 10.838016850359182 ], [ 105.091119945631206, 10.846160491941921 ], [ 105.101209338867164, 10.846160491941921 ], [ 105.106517568056901, 10.870591925956752 ], [ 105.116607470866541, 10.870591925956752 ], [ 105.118379871693918, 10.878735907273283 ], [ 105.08810965287887, 10.878735907273283 ] ] ] } },
{ "type": "Feature", "properties": { "zone_id": 168, "zone_type": "urban", "area_km2": 31.0, "centroid_lon": 105.331871, "centroid_lat": 10.793228, "urban_pixels": 31, "rural_pixels": 310, "urban_mean_C": 30.02, "rural_mean_C": 29.78, "suhi_C": 0.24 }, "geometry": { "type": "Polygon", "coordinates": [ [ [ 105.339814870480126, 10.829873293542871 ], [ 105.338047036808646, 10.821729821426205 ], [ 105.31786926704774, 10.821729821426205 ], [ 105.314338513828943, 10.805443131024663 ], [ 105.304249967175636, 10.805443131024663 ], [ 105.302486877491773, 10.797299912606249 ], [ 105.312575255234407, 10.797299912606249 ], [ 105.310813408373974, 10.789156778620391 ], [ 105.32090161734115, 10.789156778620391 ], [ 105.319141013367968, 10.781013729000337 ], [ 105.329229053694903, 10.781013729000337 ], [ 105.327469692672892, 10.772870763679339 ], [ 105.337557564494816, 10.772870763679339 ], [ 105.335799446488082, 10.764727882590668 ], [ 105.34588714994014, 10.764727882590668 ], [ 105.342374811328909, 10.748442372843391 ], [ 105.362549545564534, 10.748442372843391 ], [ 105.36606255684427, 10.764727882590668 ], [ 105.355974853392198, 10.764727882590668 ], [ 105.359493174675748, 10.781013729000337 ], [ 105.349405134348814, 10.781013729000337 ], [ 105.356458047161354, 10.813586433942394 ], [ 105.36654676286058, 10.813586433942394 ], [ 105.368313691449998, 10.821729821426205 ], [ 105.348135921689106, 10.821729821426205 ], [ 105.349903924677093, 10.829873293542871 ], [ 105.339814870480126, 10.829873293542871 ] ] ] } },
{ "type": "Feature", "properties": { "zone_id": 169, "zone_type": "urban", "area_km2": 71.0, "centroid_lon": 105.311025, "centroid_lat": 10.719944, "urban_pixels": 71, "rural_pixels": 476, "urban_mean_C": 30.25, "rural_mean_C": 29.58, "suhi_C": 0.67 }, "geometry": { "type": "MultiPolygon", "coordinates": [ [ [ [ 105.36737747656943, 10.724014738296955 ], [ 105.377464340199211, 10.724014738296955 ], [ 105.375713849195719, 10.715872361201209 ], [ 105.385800545266278, 10.715872361201209 ], [ 105.382303460610231, 10.699587858239209 ], [ 105.402476183324723, 10.699587858239209 ], [ 105.40072942251328, 10.691445732239623 ], [ 105.360384645700833, 10.691445732239623 ], [ 105.362130737895711, 10.699587858239209 ], [ 105.372217099252964, 10.699587858239209 ], [ 105.373964768948639, 10.70773006787085 ], [ 105.35379171165583, 10.70773006787085 ], [ 105.348553936329125, 10.683303689805426 ], [ 105.33846790914518, 10.683303689805426 ], [ 105.345453760984014, 10.715872361201209 ], [ 105.36562715312516, 10.715872361201209 ], [ 105.36737747656943, 10.724014738296955 ] ] ], [ [ [ 105.313445597070228, 10.70773006787085 ], [ 105.283186011131022, 10.70773006787085 ], [ 105.284933584560619, 10.715872361201209 ], [ 105.274846888490075, 10.715872361201209 ], [ 105.276595703901521, 10.724014738296955 ], [ 105.347203749309884, 10.724014738296955 ], [ 105.345453760984014, 10.715872361201209 ], [ 105.315193672772324, 10.715872361201209 ], [ 105.313445597070228, 10.70773006787085 ] ] ], [ [ [ 105.278345928923869, 10.732157199224771 ], [ 105.276595703901521, 10.724014738296955 ], [ 105.26650884027174, 10.724014738296955 ], [ 105.270010364608893, 10.740299744051354 ], [ 105.290184762915629, 10.740299744051354 ], [ 105.288432960247889, 10.732157199224771 ], [ 105.278345928923869, 10.732157199224771 ] ] ], [ [ [ 105.281850608622022, 10.748442372843391 ], [ 105.283605063708634, 10.756585085667588 ], [ 105.263429993273888, 10.756585085667588 ], [ 105.265185522323605, 10.764727882590668 ], [ 105.255097818871533, 10.764727882590668 ], [ 105.256854589919456, 10.772870763679339 ], [ 105.246766718097518, 10.772870763679339 ], [ 105.248524731079286, 10.781013729000337 ], [ 105.228348650425403, 10.781013729000337 ], [ 105.2265909744537, 10.772870763679339 ], [ 105.216503102631776, 10.772870763679339 ], [ 105.214747005063273, 10.764727882590668 ], [ 105.204659301611201, 10.764727882590668 ], [ 105.20290478196965, 10.756585085667588 ], [ 105.192817246752284, 10.756585085667588 ], [ 105.196327358987929, 10.772870763679339 ], [ 105.206415230809839, 10.772870763679339 ], [ 105.209931318702189, 10.789156778620391 ], [ 105.199843109734999, 10.789156778620391 ], [ 105.201603100065569, 10.797299912606249 ], [ 105.191514722322935, 10.797299912606249 ], [ 105.195038595973514, 10.813586433942394 ], [ 105.235393458770474, 10.813586433942394 ], [ 105.23715818800413, 10.821729821426205 ], [ 105.247247072884576, 10.821729821426205 ], [ 105.245482174469714, 10.813586433942394 ], [ 105.25557089016894, 10.813586433942394 ], [ 105.253807233909114, 10.805443131024663 ], [ 105.263895780562436, 10.805443131024663 ], [ 105.262133366521297, 10.797299912606249 ], [ 105.272221744263931, 10.797299912606249 ], [ 105.26694246174138, 10.772870763679339 ], [ 105.277030333563289, 10.772870763679339 ], [ 105.275273225775678, 10.764727882590668 ], [ 105.305536336131865, 10.764727882590668 ], [ 105.303780134143366, 10.756585085667588 ], [ 105.313867669360747, 10.756585085667588 ], [ 105.310359161222394, 10.740299744051354 ], [ 105.290184762915629, 10.740299744051354 ], [ 105.291937975739827, 10.748442372843391 ], [ 105.281850608622022, 10.748442372843391 ] ] ] ] } },
{ "type": "Feature", "properties": { "zone_id": 170, "zone_type": "urban", "area_km2": 68.0, "centroid_lon": 105.20457, "centroid_lat": 10.646666, "urban_pixels": 68, "rural_pixels": 426, "urban_mean_C": 30.68, "rural_mean_C": 29.47, "suhi_C": 1.22 }, "geometry": { "type": "MultiPolygon", "coordinates": [ [ [ [ 105.21743558293781, 10.683303689805426 ], [ 105.215694646931581, 10.675161730869972 ], [ 105.225780507231335, 10.675161730869972 ], [ 105.215363447493203, 10.626311726999377 ], [ 105.225448309320825, 10.626311726999377 ], [ 105.220258274208518, 10.60188784690078 ], [ 105.21017390979658, 10.60188784690078 ], [ 105.211902349408689, 10.61002905734555 ], [ 105.201817819326308, 10.61002905734555 ], [ 105.207011078468327, 10.634453186341608 ], [ 105.196926050565878, 10.634453186341608 ], [ 105.198659783851355, 10.642594728782838 ], [ 105.18857458973919, 10.642594728782838 ], [ 105.190309563440721, 10.650736354389672 ], [ 105.180224202984007, 10.650736354389672 ], [ 105.181960417034972, 10.658878063228729 ], [ 105.171874890098834, 10.658878063228729 ], [ 105.175351205732611, 10.675161730869972 ], [ 105.205608786631856, 10.675161730869972 ], [ 105.207349555753865, 10.683303689805426 ], [ 105.21743558293781, 10.683303689805426 ] ] ], [ [ [ 105.16700544701807, 10.683303689805426 ], [ 105.165265345432871, 10.675161730869972 ], [ 105.145093624833393, 10.675161730869972 ], [ 105.14683339265018, 10.683303689805426 ], [ 105.136747365466235, 10.683303689805426 ], [ 105.138488373232391, 10.691445732239623 ], [ 105.098143596419959, 10.691445732239623 ], [ 105.106866396415313, 10.732157199224771 ], [ 105.116953427739347, 10.732157199224771 ], [ 105.122204500230666, 10.756585085667588 ], [ 105.132292035448046, 10.756585085667588 ], [ 105.134045377446725, 10.764727882590668 ], [ 105.144133080898797, 10.764727882590668 ], [ 105.133633143502152, 10.715872361201209 ], [ 105.143719839572725, 10.715872361201209 ], [ 105.141974610081405, 10.70773006787085 ], [ 105.162147667374214, 10.70773006787085 ], [ 105.160403510750584, 10.699587858239209 ], [ 105.200748956179609, 10.699587858239209 ], [ 105.199005538451061, 10.691445732239623 ], [ 105.209091732654173, 10.691445732239623 ], [ 105.207349555753865, 10.683303689805426 ], [ 105.16700544701807, 10.683303689805426 ] ] ] ] } },
{ "type": "Feature", "properties": { "zone_id": 171, "zone_type": "urban", "area_km2": 62.0, "centroid_lon": 107.081053, "centroid_lat": 10.532691, "urban_pixels": 62, "rural_pixels": 460, "urban_mean_C": 38.16, "rural_mean_C": 33.42, "suhi_C": 4.75 }, "geometry": { "type": "MultiPolygon", "coordinates": [ [ [ [ 107.08367417755332, 10.544901689374777 ], [ 107.081926201566276, 10.536761139727897 ], [ 107.092009245464723, 10.536761139727897 ], [ 107.086773401180849, 10.512339984323329 ], [ 107.076690850253343, 10.512339984323329 ], [ 107.080179655156755, 10.528620672381358 ], [ 107.070096775716522, 10.528620672381358 ], [ 107.073590969062025, 10.544901689374777 ], [ 107.08367417755332, 10.544901689374777 ] ] ], [ [ [ 107.02460668921421, 10.691445732239623 ], [ 107.054865271823545, 10.691445732239623 ], [ 107.053092530416208, 10.683303689805426 ], [ 107.043006503232277, 10.683303689805426 ], [ 107.037697373285283, 10.658878063228729 ], [ 107.047782900221421, 10.658878063228729 ], [ 107.046015887474582, 10.650736354389672 ], [ 107.056101247931267, 10.650736354389672 ], [ 107.054335500487198, 10.642594728782838 ], [ 107.074505888711499, 10.642594728782838 ], [ 107.072741240423525, 10.634453186341608 ], [ 107.062656212521063, 10.634453186341608 ], [ 107.059131542669263, 10.618170350689557 ], [ 107.069216238556848, 10.618170350689557 ], [ 107.065696961594, 10.60188784690078 ], [ 107.075781326005952, 10.60188784690078 ], [ 107.067007342916128, 10.561183035835656 ], [ 107.077090880997019, 10.561183035835656 ], [ 107.073590969062025, 10.544901689374777 ], [ 107.063507760570715, 10.544901689374777 ], [ 107.065256836884771, 10.553042321388528 ], [ 107.055173463666009, 10.553042321388528 ], [ 107.056923804835236, 10.561183035835656 ], [ 107.036756728673438, 10.561183035835656 ], [ 107.040261040322477, 10.577464712296182 ], [ 107.030177172113312, 10.577464712296182 ], [ 107.04072343829128, 10.626311726999377 ], [ 107.030638576463673, 10.626311726999377 ], [ 107.032401128813689, 10.634453186341608 ], [ 107.022316100911226, 10.634453186341608 ], [ 107.025845166561155, 10.650736354389672 ], [ 107.015759806104441, 10.650736354389672 ], [ 107.022834448864373, 10.683303689805426 ], [ 107.012748421680413, 10.683303689805426 ], [ 107.016294000485686, 10.699587858239209 ], [ 107.026380361842939, 10.699587858239209 ], [ 107.02460668921421, 10.691445732239623 ] ] ], [ [ [ 107.007982409665544, 10.70773006787085 ], [ 106.997895881019147, 10.70773006787085 ], [ 106.999671916556736, 10.715872361201209 ], [ 107.019845308697867, 10.715872361201209 ], [ 107.016294000485686, 10.699587858239209 ], [ 107.006207639128419, 10.699587858239209 ], [ 107.007982409665544, 10.70773006787085 ] ] ] ] } },
{ "type": "Feature", "properties": { "zone_id": 172, "zone_type": "urban", "area_km2": 12.0, "centroid_lon": 107.774831, "centroid_lat": 10.662949, "urban_pixels": 11, "rural_pixels": 189, "urban_mean_C": 34.36, "rural_mean_C": 32.28, "suhi_C": 2.09 }, "geometry": { "type": "MultiPolygon", "coordinates": [ [ [ [ 107.787589023366365, 10.675161730869972 ], [ 107.782247200814083, 10.650736354389672 ], [ 107.762076479900685, 10.650736354389672 ], [ 107.767417302766887, 10.675161730869972 ], [ 107.787589023366365, 10.675161730869972 ] ] ], [ [ [ 107.757331442467134, 10.675161730869972 ], [ 107.755549893356317, 10.667019855366616 ], [ 107.745464199805838, 10.667019855366616 ], [ 107.749028406108579, 10.683303689805426 ], [ 107.738942378924619, 10.683303689805426 ], [ 107.740726477635121, 10.691445732239623 ], [ 107.770985060244456, 10.691445732239623 ], [ 107.767417302766887, 10.675161730869972 ], [ 107.757331442467134, 10.675161730869972 ] ] ] ] } },
{ "type": "Feature", "properties": { "zone_id": 173, "zone_type": "urban", "area_km2": 12.0, "centroid_lon": 107.261966, "centroid_lat": 10.646666, "urban_pixels": 12, "rural_pixels": 323, "urban_mean_C": 37.88, "rural_mean_C": 35.06, "suhi_C": 2.83 }, "geometry": { "type": "Polygon", "coordinates": [ [ [ 107.239407912008133, 10.658878063228729 ], [ 107.234101686862886, 10.634453186341608 ], [ 107.254271742667811, 10.634453186341608 ], [ 107.256039382730236, 10.642594728782838 ], [ 107.276209770954537, 10.642594728782838 ], [ 107.274441798472736, 10.634453186341608 ], [ 107.284526826375199, 10.634453186341608 ], [ 107.28806453843552, 10.650736354389672 ], [ 107.277979177978807, 10.650736354389672 ], [ 107.279750019752711, 10.658878063228729 ], [ 107.239407912008133, 10.658878063228729 ] ] ] } },
{ "type": "Feature", "properties": { "zone_id": 174, "zone_type": "urban", "area_km2": 294.0, "centroid_lon": 105.480671, "centroid_lat": 10.35362, "urban_pixels": 274, "rural_pixels": 903, "urban_mean_C": 30.4, "rural_mean_C": 29.46, "suhi_C": 0.94 }, "geometry": { "type": "MultiPolygon", "coordinates": [ [ [ [ 105.484961512697055, 10.178657490036759 ], [ 105.495037447505808, 10.178657490036759 ], [ 105.493377386013435, 10.170520578173026 ], [ 105.473225833504159, 10.170520578173026 ], [ 105.476546722701443, 10.186794481281746 ], [ 105.466470629204821, 10.186794481281746 ], [ 105.468133015818793, 10.194931551974173 ], [ 105.48828552045542, 10.194931551974173 ], [ 105.489949625662874, 10.203068702180229 ], [ 105.500026036936688, 10.203068702180229 ], [ 105.4966989096947, 10.186794481281746 ], [ 105.486622816198064, 10.186794481281746 ], [ 105.484961512697055, 10.178657490036759 ] ] ], [ [ [ 105.513435498876717, 10.219343241398025 ], [ 105.52351222846309, 10.219343241398025 ], [ 105.520178859484346, 10.203068702180229 ], [ 105.500026036936688, 10.203068702180229 ], [ 105.501691702377499, 10.211205931966111 ], [ 105.511768272740682, 10.211205931966111 ], [ 105.513435498876717, 10.219343241398025 ] ] ], [ [ [ 105.46131811890163, 10.308858920729456 ], [ 105.471396608783024, 10.308858920729456 ], [ 105.468034626760698, 10.292582621284327 ], [ 105.457956458138923, 10.292582621284327 ], [ 105.46131811890163, 10.308858920729456 ] ] ], [ [ [ 105.553708910112718, 10.316997191080484 ], [ 105.550341549773677, 10.300720730819499 ], [ 105.530184891404573, 10.300720730819499 ], [ 105.531867548071389, 10.308858920729456 ], [ 105.521789058189995, 10.308858920729456 ], [ 105.525158261773768, 10.325135541938888 ], [ 105.5352370734511, 10.325135541938888 ], [ 105.533551608688057, 10.316997191080484 ], [ 105.553708910112718, 10.316997191080484 ] ] ], [ [ [ 105.536901797328412, 10.284444592057648 ], [ 105.535223191039236, 10.276306643073182 ], [ 105.555378886835825, 10.276306643073182 ], [ 105.552025243585902, 10.260030985565813 ], [ 105.562102771296779, 10.260030985565813 ], [ 105.560427894641592, 10.251893276910391 ], [ 105.550350526823493, 10.251893276910391 ], [ 105.547005302047197, 10.235618099464817 ], [ 105.557082350481636, 10.235618099464817 ], [ 105.555411682586751, 10.227480630542189 ], [ 105.565488571530196, 10.227480630542189 ], [ 105.562151124556522, 10.211205931966111 ], [ 105.552074554193339, 10.211205931966111 ], [ 105.553742417222196, 10.219343241398025 ], [ 105.52351222846309, 10.219343241398025 ], [ 105.531870188164191, 10.260030985565813 ], [ 105.521792660453329, 10.260030985565813 ], [ 105.52514534314092, 10.276306643073182 ], [ 105.515067495242619, 10.276306643073182 ], [ 105.516745780942372, 10.284444592057648 ], [ 105.496589764556319, 10.284444592057648 ], [ 105.494911799446001, 10.276306643073182 ], [ 105.484833951547699, 10.276306643073182 ], [ 105.489871574666381, 10.300720730819499 ], [ 105.479793245481844, 10.300720730819499 ], [ 105.481475098664433, 10.308858920729456 ], [ 105.471396608783024, 10.308858920729456 ], [ 105.474764203387039, 10.325135541938888 ], [ 105.464685391709708, 10.325135541938888 ], [ 105.466371133121797, 10.333273973370984 ], [ 105.456292160345313, 10.333273973370984 ], [ 105.457979144125062, 10.341412485443074 ], [ 105.447900010115291, 10.341412485443074 ], [ 105.449588236191332, 10.349551078221495 ], [ 105.43950894081415, 10.349551078221495 ], [ 105.441198409115174, 10.357689751772574 ], [ 105.410960038478777, 10.357689751772574 ], [ 105.412650425662065, 10.365828506162645 ], [ 105.392491188632874, 10.365828506162645 ], [ 105.390801124721179, 10.357689751772574 ], [ 105.380721667842394, 10.357689751772574 ], [ 105.37903316855099, 10.349551078221495 ], [ 105.358874577796598, 10.349551078221495 ], [ 105.357187804027447, 10.341412485443074 ], [ 105.316871267988418, 10.341412485443074 ], [ 105.318557396287829, 10.349551078221495 ], [ 105.348795282419402, 10.349551078221495 ], [ 105.350483297205983, 10.357689751772574 ], [ 105.360562754084796, 10.357689751772574 ], [ 105.362252333089089, 10.365828506162645 ], [ 105.372331951603684, 10.365828506162645 ], [ 105.375715642224009, 10.382106257725173 ], [ 105.385795584412861, 10.382106257725173 ], [ 105.387489696826663, 10.39024525503034 ], [ 105.397569801053976, 10.39024525503034 ], [ 105.400962561883546, 10.406523493020334 ], [ 105.390882133176419, 10.406523493020334 ], [ 105.392580457508558, 10.414662733837915 ], [ 105.37241927521157, 10.414662733837915 ], [ 105.374118678761633, 10.422802055959071 ], [ 105.364037925037451, 10.422802055959071 ], [ 105.36573857017666, 10.430941459450207 ], [ 105.355657653742455, 10.430941459450207 ], [ 105.357359540400736, 10.439080944377723 ], [ 105.347278461122158, 10.439080944377723 ], [ 105.348981589229595, 10.447220510808034 ], [ 105.338900346972267, 10.447220510808034 ], [ 105.340604716459112, 10.455360158807565 ], [ 105.330523311088598, 10.455360158807565 ], [ 105.337354182806351, 10.487919567826546 ], [ 105.347436241973924, 10.487919567826546 ], [ 105.349147636242563, 10.496059624668749 ], [ 105.35922985919558, 10.496059624668749 ], [ 105.357518301141482, 10.487919567826546 ], [ 105.367600360309055, 10.487919567826546 ], [ 105.365890044094257, 10.479779592885784 ], [ 105.375971939610878, 10.479779592885784 ], [ 105.374262865304431, 10.471639699779999 ], [ 105.394426329304693, 10.471639699779999 ], [ 105.392718333593749, 10.463499888442742 ], [ 105.402799902211854, 10.463499888442742 ], [ 105.401093148682165, 10.455360158807565 ], [ 105.411174554052664, 10.455360158807565 ], [ 105.40606223591341, 10.430941459450207 ], [ 105.416143152347615, 10.430941459450207 ], [ 105.414441693658318, 10.422802055959071 ], [ 105.424522447382486, 10.422802055959071 ], [ 105.42282223095404, 10.414662733837915 ], [ 105.432902822102534, 10.414662733837915 ], [ 105.431203848004984, 10.406523493020334 ], [ 105.441284276712125, 10.406523493020334 ], [ 105.439586545015658, 10.398384333439934 ], [ 105.459747077815848, 10.398384333439934 ], [ 105.458050426418012, 10.39024525503034 ], [ 105.468130530645354, 10.39024525503034 ], [ 105.466435121923638, 10.382106257725173 ], [ 105.486595006301343, 10.382106257725173 ], [ 105.484900678422022, 10.37396734145806 ], [ 105.515140019275847, 10.37396734145806 ], [ 105.516834832867886, 10.382106257725173 ], [ 105.526914775056738, 10.382106257725173 ], [ 105.52521979956046, 10.37396734145806 ], [ 105.535299579845059, 10.37396734145806 ], [ 105.531913521024364, 10.357689751772574 ], [ 105.521834064145565, 10.357689751772574 ], [ 105.520143303831674, 10.349551078221495 ], [ 105.510064008454492, 10.349551078221495 ], [ 105.503315656551109, 10.316997191080484 ], [ 105.513394307263425, 10.316997191080484 ], [ 105.511710568308587, 10.308858920729456 ], [ 105.521789058189995, 10.308858920729456 ], [ 105.518425469869513, 10.292582621284327 ], [ 105.528503638491287, 10.292582621284327 ], [ 105.526823789135392, 10.284444592057648 ], [ 105.536901797328412, 10.284444592057648 ] ] ], [ [ [ 105.37125013613165, 10.553042321388528 ], [ 105.369528734033139, 10.544901689374777 ], [ 105.339279108559282, 10.544901689374777 ], [ 105.334124822951466, 10.52048028726867 ], [ 105.344207538068048, 10.52048028726867 ], [ 105.342492090720043, 10.512339984323329 ], [ 105.352574641647564, 10.512339984323329 ], [ 105.349147636242563, 10.496059624668749 ], [ 105.339065413289518, 10.496059624668749 ], [ 105.340778049194, 10.50419976347885 ], [ 105.330695662320991, 10.50419976347885 ], [ 105.332409539792522, 10.512339984323329 ], [ 105.322326988865015, 10.512339984323329 ], [ 105.320613275447982, 10.50419976347885 ], [ 105.310530888574974, 10.50419976347885 ], [ 105.313959392718289, 10.52048028726867 ], [ 105.324042107834885, 10.52048028726867 ], [ 105.327476563235535, 10.536761139727897 ], [ 105.317393519337074, 10.536761139727897 ], [ 105.319112691576677, 10.544901689374777 ], [ 105.329195900067973, 10.544901689374777 ], [ 105.330916643256586, 10.553042321388528 ], [ 105.351083389694125, 10.553042321388528 ], [ 105.352805869164413, 10.561183035835656 ], [ 105.362889407245305, 10.561183035835656 ], [ 105.361166762912887, 10.553042321388528 ], [ 105.37125013613165, 10.553042321388528 ] ] ], [ [ [ 105.433474173811547, 10.561183035835656 ], [ 105.431750375444253, 10.553042321388528 ], [ 105.441833748663029, 10.553042321388528 ], [ 105.440111193472205, 10.544901689374777 ], [ 105.43002798498091, 10.544901689374777 ], [ 105.428307002220038, 10.536761139727897 ], [ 105.418223958321619, 10.536761139727897 ], [ 105.41650454752012, 10.528620672381358 ], [ 105.396338788639667, 10.528620672381358 ], [ 105.398057870524696, 10.536761139727897 ], [ 105.387974826626234, 10.536761139727897 ], [ 105.391416882569189, 10.553042321388528 ], [ 105.381333509350412, 10.553042321388528 ], [ 105.383056483407074, 10.561183035835656 ], [ 105.39314002148798, 10.561183035835656 ], [ 105.39486456797367, 10.569323832782699 ], [ 105.404948271051353, 10.569323832782699 ], [ 105.403223559568872, 10.561183035835656 ], [ 105.433474173811547, 10.561183035835656 ] ] ], [ [ [ 105.263776427963748, 10.569323832782699 ], [ 105.262054026436374, 10.561183035835656 ], [ 105.302388178759955, 10.561183035835656 ], [ 105.304111240274494, 10.569323832782699 ], [ 105.314194943352163, 10.569323832782699 ], [ 105.312471716840832, 10.561183035835656 ], [ 105.322555254921724, 10.561183035835656 ], [ 105.319112691576677, 10.544901689374777 ], [ 105.309029483085382, 10.544901689374777 ], [ 105.305592873677668, 10.528620672381358 ], [ 105.295509994237463, 10.528620672381358 ], [ 105.297227431540179, 10.536761139727897 ], [ 105.287144387641732, 10.536761139727897 ], [ 105.288863066102806, 10.544901689374777 ], [ 105.278779857611511, 10.544901689374777 ], [ 105.280499777162746, 10.553042321388528 ], [ 105.25024965750643, 10.553042321388528 ], [ 105.251970488355482, 10.561183035835656 ], [ 105.231803412193699, 10.561183035835656 ], [ 105.233525318730685, 10.569323832782699 ], [ 105.213357912575304, 10.569323832782699 ], [ 105.216805281896526, 10.585605674442656 ], [ 105.226889315371892, 10.585605674442656 ], [ 105.228615273954006, 10.593746719288669 ], [ 105.258867870582833, 10.593746719288669 ], [ 105.253692724886051, 10.569323832782699 ], [ 105.263776427963748, 10.569323832782699 ] ] ], [ [ [ 105.364613458740607, 10.569323832782699 ], [ 105.384780864895973, 10.569323832782699 ], [ 105.383056483407074, 10.561183035835656 ], [ 105.362889407245305, 10.561183035835656 ], [ 105.364613458740607, 10.569323832782699 ] ] ], [ [ [ 105.347897717076194, 10.585605674442656 ], [ 105.337813683600842, 10.585605674442656 ], [ 105.339541461593058, 10.593746719288669 ], [ 105.319373063840501, 10.593746719288669 ], [ 105.317645616650111, 10.585605674442656 ], [ 105.30756158317476, 10.585605674442656 ], [ 105.311017553916017, 10.60188784690078 ], [ 105.32110191832794, 10.60188784690078 ], [ 105.322832180314791, 10.61002905734555 ], [ 105.332916710397171, 10.61002905734555 ], [ 105.339852501421461, 10.642594728782838 ], [ 105.349937695533612, 10.642594728782838 ], [ 105.346466651252172, 10.626311726999377 ], [ 105.356551513079808, 10.626311726999377 ], [ 105.35481793766634, 10.618170350689557 ], [ 105.364902633553925, 10.618170350689557 ], [ 105.361439375975721, 10.60188784690078 ], [ 105.371523740387659, 10.60188784690078 ], [ 105.364613458740607, 10.569323832782699 ], [ 105.354529755662924, 10.569323832782699 ], [ 105.352805869164413, 10.561183035835656 ], [ 105.342722331083522, 10.561183035835656 ], [ 105.347897717076194, 10.585605674442656 ] ] ] ] } },
{ "type": "Feature", "properties": { "zone_id": 175, "zone_type": "urban", "area_km2": 12.0, "centroid_lon": 107.399542, "centroid_lat": 10.536761, "urban_pixels": 12, "rural_pixels": 304, "urban_mean_C": 33.37, "rural_mean_C": 32.3, "suhi_C": 1.07 }, "geometry": { "type": "MultiPolygon", "coordinates": [ [ [ [ 107.398008153104144, 10.553042321388528 ], [ 107.396253640783456, 10.544901689374777 ], [ 107.416420057766047, 10.544901689374777 ], [ 107.411164136967727, 10.52048028726867 ], [ 107.39099870673455, 10.52048028726867 ], [ 107.392748917803601, 10.528620672381358 ], [ 107.382666038363382, 10.528620672381358 ], [ 107.387924779885367, 10.553042321388528 ], [ 107.398008153104144, 10.553042321388528 ] ] ], [ [ [ 107.377841406666619, 10.553042321388528 ], [ 107.38311255943421, 10.577464712296182 ], [ 107.39319642764336, 10.577464712296182 ], [ 107.387924779885367, 10.553042321388528 ], [ 107.377841406666619, 10.553042321388528 ] ] ] ] } },
{ "type": "Feature", "properties": { "zone_id": 176, "zone_type": "urban", "area_km2": 15.0, "centroid_lon": 105.483029, "centroid_lat": 10.557113, "urban_pixels": 15, "rural_pixels": 269, "urban_mean_C": 30.21, "rural_mean_C": 29.59, "suhi_C": 0.62 }, "geometry": { "type": "MultiPolygon", "coordinates": [ [ [ [ 105.530860069893876, 10.544901689374777 ], [ 105.532584107631962, 10.553042321388528 ], [ 105.542667480850739, 10.553042321388528 ], [ 105.540943278385171, 10.544901689374777 ], [ 105.551026486876452, 10.544901689374777 ], [ 105.547581980242995, 10.528620672381358 ], [ 105.527416221362557, 10.528620672381358 ], [ 105.529137441204583, 10.536761139727897 ], [ 105.519054397306121, 10.536761139727897 ], [ 105.520776861402581, 10.544901689374777 ], [ 105.530860069893876, 10.544901689374777 ] ] ], [ [ [ 105.490527235928681, 10.544901689374777 ], [ 105.492250614756884, 10.553042321388528 ], [ 105.462000495100568, 10.553042321388528 ], [ 105.463724788054222, 10.561183035835656 ], [ 105.473808326135114, 10.561183035835656 ], [ 105.475534192595163, 10.569323832782699 ], [ 105.495701598750514, 10.569323832782699 ], [ 105.493975402296897, 10.561183035835656 ], [ 105.504058940377789, 10.561183035835656 ], [ 105.502333987975646, 10.553042321388528 ], [ 105.522500734413185, 10.553042321388528 ], [ 105.520776861402581, 10.544901689374777 ], [ 105.490527235928681, 10.544901689374777 ] ] ] ] } },
{ "type": "Feature", "properties": { "zone_id": 177, "zone_type": "urban", "area_km2": 132.0, "centroid_lon": 106.342844, "centroid_lat": 10.45129, "urban_pixels": 122, "rural_pixels": 220, "urban_mean_C": 33.34, "rural_mean_C": 32.37, "suhi_C": 0.97 }, "geometry": { "type": "Polygon", "coordinates": [ [ [ 106.413318578819954, 10.569323832782699 ], [ 106.411577367658111, 10.561183035835656 ], [ 106.391410291496328, 10.561183035835656 ], [ 106.389670831227278, 10.553042321388528 ], [ 106.379587458008501, 10.553042321388528 ], [ 106.376113128674589, 10.536761139727897 ], [ 106.386196172573051, 10.536761139727897 ], [ 106.380994836254516, 10.512339984323329 ], [ 106.370912285326995, 10.512339984323329 ], [ 106.367452154498892, 10.496059624668749 ], [ 106.357369931545875, 10.496059624668749 ], [ 106.355642158731257, 10.487919567826546 ], [ 106.335478040396112, 10.487919567826546 ], [ 106.332027405316296, 10.471639699779999 ], [ 106.342109137316427, 10.471639699779999 ], [ 106.335224230422654, 10.439080944377723 ], [ 106.325143151144061, 10.439080944377723 ], [ 106.323425631424925, 10.430941459450207 ], [ 106.333506547859102, 10.430941459450207 ], [ 106.330075434318545, 10.414662733837915 ], [ 106.340156025467039, 10.414662733837915 ], [ 106.3367302546243, 10.398384333439934 ], [ 106.326649988224204, 10.398384333439934 ], [ 106.32493938996916, 10.39024525503034 ], [ 106.304779181514476, 10.39024525503034 ], [ 106.29624904787552, 10.349551078221495 ], [ 106.286169752498324, 10.349551078221495 ], [ 106.284468132925412, 10.341412485443074 ], [ 106.274388998915654, 10.341412485443074 ], [ 106.272688955240454, 10.333273973370984 ], [ 106.262609982463985, 10.333273973370984 ], [ 106.260911514219742, 10.325135541938888 ], [ 106.28106913757442, 10.325135541938888 ], [ 106.282767928016938, 10.333273973370984 ], [ 106.323083819122886, 10.333273973370984 ], [ 106.324784668964483, 10.341412485443074 ], [ 106.415496875052312, 10.341412485443074 ], [ 106.417200592401841, 10.349551078221495 ], [ 106.45751777391061, 10.349551078221495 ], [ 106.455813411091356, 10.341412485443074 ], [ 106.465892545101113, 10.341412485443074 ], [ 106.467597069287805, 10.349551078221495 ], [ 106.477676364665001, 10.349551078221495 ], [ 106.479382467631467, 10.357689751772574 ], [ 106.469303010752668, 10.357689751772574 ], [ 106.471010369694824, 10.365828506162645 ], [ 106.460930751180214, 10.365828506162645 ], [ 106.459223553873855, 10.357689751772574 ], [ 106.40882626947986, 10.357689751772574 ], [ 106.410532658607224, 10.365828506162645 ], [ 106.400453040092628, 10.365828506162645 ], [ 106.402160684321345, 10.37396734145806 ], [ 106.392080904036746, 10.37396734145806 ], [ 106.393789803297722, 10.382106257725173 ], [ 106.363549976731179, 10.382106257725173 ], [ 106.365259806878512, 10.39024525503034 ], [ 106.355179702651157, 10.39024525503034 ], [ 106.356890787424476, 10.398384333439934 ], [ 106.346810521024395, 10.398384333439934 ], [ 106.350236616615518, 10.414662733837915 ], [ 106.360317207764012, 10.414662733837915 ], [ 106.362032543730407, 10.422802055959071 ], [ 106.35195179000624, 10.422802055959071 ], [ 106.353668380727484, 10.430941459450207 ], [ 106.343587464293293, 10.430941459450207 ], [ 106.350467352313032, 10.463499888442742 ], [ 106.360548920931109, 10.463499888442742 ], [ 106.363997700238684, 10.479779592885784 ], [ 106.37407959575529, 10.479779592885784 ], [ 106.379263897113873, 10.50419976347885 ], [ 106.389346283986882, 10.50419976347885 ], [ 106.391077387182037, 10.512339984323329 ], [ 106.411242489037079, 10.512339984323329 ], [ 106.41297534042593, 10.52048028726867 ], [ 106.423058055542526, 10.52048028726867 ], [ 106.42479249154232, 10.528620672381358 ], [ 106.434875370982525, 10.528620672381358 ], [ 106.438348834110428, 10.544901689374777 ], [ 106.428265625619147, 10.544901689374777 ], [ 106.430004324102356, 10.553042321388528 ], [ 106.419920950883579, 10.553042321388528 ], [ 106.423402281897637, 10.569323832782699 ], [ 106.413318578819954, 10.569323832782699 ] ] ] } },
{ "type": "Feature", "properties": { "zone_id": 178, "zone_type": "urban", "area_km2": 51.0, "centroid_lon": 107.193324, "centroid_lat": 10.49199, "urban_pixels": 51, "rural_pixels": 344, "urban_mean_C": 35.81, "rural_mean_C": 34.09, "suhi_C": 1.71 }, "geometry": { "type": "MultiPolygon", "coordinates": [ [ [ [ 107.25294542464529, 10.487919567826546 ], [ 107.254687774365806, 10.496059624668749 ], [ 107.284934443224913, 10.496059624668749 ], [ 107.27971021332803, 10.471639699779999 ], [ 107.259546749327768, 10.471639699779999 ], [ 107.261286401217006, 10.479779592885784 ], [ 107.241122610183794, 10.479779592885784 ], [ 107.242863365477703, 10.487919567826546 ], [ 107.25294542464529, 10.487919567826546 ] ] ], [ [ [ 107.207400684851336, 10.463499888442742 ], [ 107.209138089327155, 10.471639699779999 ], [ 107.199056357327024, 10.471639699779999 ], [ 107.200795028117341, 10.479779592885784 ], [ 107.170549341567508, 10.479779592885784 ], [ 107.172288951304694, 10.487919567826546 ], [ 107.162206892137121, 10.487919567826546 ], [ 107.1639477677885, 10.496059624668749 ], [ 107.103454430070315, 10.496059624668749 ], [ 107.105195751970498, 10.50419976347885 ], [ 107.135442912589539, 10.50419976347885 ], [ 107.137186155818455, 10.512339984323329 ], [ 107.147268706745962, 10.512339984323329 ], [ 107.145525299462534, 10.50419976347885 ], [ 107.165690073208566, 10.50419976347885 ], [ 107.167433808601004, 10.512339984323329 ], [ 107.197681461383581, 10.512339984323329 ], [ 107.195937233827593, 10.50419976347885 ], [ 107.206019620700587, 10.50419976347885 ], [ 107.204276659600637, 10.496059624668749 ], [ 107.224441105506713, 10.496059624668749 ], [ 107.222699247142572, 10.487919567826546 ], [ 107.232781306310144, 10.487919567826546 ], [ 107.231040714667174, 10.479779592885784 ], [ 107.241122610183794, 10.479779592885784 ], [ 107.237645390705637, 10.463499888442742 ], [ 107.207400684851336, 10.463499888442742 ] ] ], [ [ [ 107.167433808601004, 10.512339984323329 ], [ 107.157351257673483, 10.512339984323329 ], [ 107.160842690678507, 10.528620672381358 ], [ 107.17092557011874, 10.528620672381358 ], [ 107.167433808601004, 10.512339984323329 ] ] ], [ [ [ 107.211257087879616, 10.528620672381358 ], [ 107.231422846760054, 10.528620672381358 ], [ 107.229675264869229, 10.52048028726867 ], [ 107.209509834636052, 10.52048028726867 ], [ 107.207764012311088, 10.512339984323329 ], [ 107.197681461383581, 10.512339984323329 ], [ 107.199427119519484, 10.52048028726867 ], [ 107.189344404402888, 10.52048028726867 ], [ 107.192839684449268, 10.536761139727897 ], [ 107.213005772246149, 10.536761139727897 ], [ 107.211257087879616, 10.528620672381358 ] ] ] ] } },
{ "type": "Feature", "properties": { "zone_id": 179, "zone_type": "urban", "area_km2": 11.0, "centroid_lon": 105.561732, "centroid_lat": 10.50013, "urban_pixels": 11, "rural_pixels": 178, "urban_mean_C": 29.44, "rural_mean_C": 29.98, "suhi_C": -0.55 }, "geometry": { "type": "MultiPolygon", "coordinates": [ [ [ [ 105.589405661995684, 10.487919567826546 ], [ 105.587691745459708, 10.479779592885784 ], [ 105.577609849943101, 10.479779592885784 ], [ 105.574186568719512, 10.463499888442742 ], [ 105.564105000101407, 10.463499888442742 ], [ 105.569241543660524, 10.487919567826546 ], [ 105.589405661995684, 10.487919567826546 ] ] ], [ [ [ 105.549077425325393, 10.487919567826546 ], [ 105.555944555516291, 10.52048028726867 ], [ 105.566027270632887, 10.52048028726867 ], [ 105.564308211125478, 10.512339984323329 ], [ 105.574390762052985, 10.512339984323329 ], [ 105.569241543660524, 10.487919567826546 ], [ 105.549077425325393, 10.487919567826546 ] ] ] ] } },
{ "type": "Feature", "properties": { "zone_id": 180, "zone_type": "urban", "area_km2": 10.0, "centroid_lon": 105.435525, "centroid_lat": 10.45129, "urban_pixels": 10, "rural_pixels": 137, "urban_mean_C": 29.73, "rural_mean_C": 30.19, "suhi_C": -0.46 }, "geometry": { "type": "MultiPolygon", "coordinates": [ [ [ [ 105.44979401180305, 10.447220510808034 ], [ 105.459875254060393, 10.447220510808034 ], [ 105.458170333186501, 10.439080944377723 ], [ 105.427927095350782, 10.439080944377723 ], [ 105.42963152728835, 10.447220510808034 ], [ 105.419550285031008, 10.447220510808034 ], [ 105.421255959423178, 10.455360158807565 ], [ 105.441418770164205, 10.455360158807565 ], [ 105.443126176684231, 10.463499888442742 ], [ 105.453207745302336, 10.463499888442742 ], [ 105.44979401180305, 10.447220510808034 ] ] ], [ [ [ 105.458338892817224, 10.487919567826546 ], [ 105.468420951984797, 10.487919567826546 ], [ 105.463289313920441, 10.463499888442742 ], [ 105.453207745302336, 10.463499888442742 ], [ 105.458338892817224, 10.487919567826546 ] ] ] ] } },
{ "type": "Feature", "properties": { "zone_id": 181, "zone_type": "urban", "area_km2": 46.0, "centroid_lon": 105.635443, "centroid_lat": 10.443151, "urban_pixels": 43, "rural_pixels": 260, "urban_mean_C": 30.26, "rural_mean_C": 30.05, "suhi_C": 0.21 }, "geometry": { "type": "MultiPolygon", "coordinates": [ [ [ [ 105.661500099207217, 10.447220510808034 ], [ 105.659791918758032, 10.439080944377723 ], [ 105.649710839479454, 10.439080944377723 ], [ 105.64629902931425, 10.422802055959071 ], [ 105.656379783038432, 10.422802055959071 ], [ 105.654675827369417, 10.414662733837915 ], [ 105.664756418517911, 10.414662733837915 ], [ 105.661352405817794, 10.398384333439934 ], [ 105.651272139417685, 10.398384333439934 ], [ 105.652973279562104, 10.406523493020334 ], [ 105.632812422147822, 10.406523493020334 ], [ 105.636218275590082, 10.422802055959071 ], [ 105.626137521865914, 10.422802055959071 ], [ 105.627842397465656, 10.430941459450207 ], [ 105.617761481031465, 10.430941459450207 ], [ 105.61946760164372, 10.439080944377723 ], [ 105.609386522365156, 10.439080944377723 ], [ 105.614512843191889, 10.463499888442742 ], [ 105.604431274573784, 10.463499888442742 ], [ 105.60614270130732, 10.471639699779999 ], [ 105.596060969307189, 10.471639699779999 ], [ 105.5977736409763, 10.479779592885784 ], [ 105.607855536492906, 10.479779592885784 ], [ 105.609569780330816, 10.487919567826546 ], [ 105.619651839498403, 10.487919567826546 ], [ 105.617937432009526, 10.479779592885784 ], [ 105.648183118559359, 10.479779592885784 ], [ 105.646469629307802, 10.471639699779999 ], [ 105.656551361307933, 10.471639699779999 ], [ 105.654839117664281, 10.463499888442742 ], [ 105.664920686282372, 10.463499888442742 ], [ 105.663209688315419, 10.455360158807565 ], [ 105.683372499056446, 10.455360158807565 ], [ 105.681662583721916, 10.447220510808034 ], [ 105.661500099207217, 10.447220510808034 ] ] ], [ [ [ 105.691743825979259, 10.447220510808034 ], [ 105.69345390442696, 10.455360158807565 ], [ 105.703535309797459, 10.455360158807565 ], [ 105.701825068236587, 10.447220510808034 ], [ 105.71190631049393, 10.447220510808034 ], [ 105.708489728939185, 10.430941459450207 ], [ 105.678246979636626, 10.430941459450207 ], [ 105.681662583721916, 10.447220510808034 ], [ 105.691743825979259, 10.447220510808034 ] ] ] ] } },
{ "type": "Feature", "properties": { "zone_id": 182, "zone_type": "urban", "area_km2": 14.0, "centroid_lon": 106.119239, "centroid_lat": 10.418732, "urban_pixels": 14, "rural_pixels": 122, "urban_mean_C": 32.69, "rural_mean_C": 30.76, "suhi_C": 1.93 }, "geometry": { "type": "Polygon", "coordinates": [ [ [ 106.113440486293968, 10.439080944377723 ], [ 106.111726386306884, 10.430941459450207 ], [ 106.101645469872693, 10.430941459450207 ], [ 106.099932946901973, 10.422802055959071 ], [ 106.110013700626141, 10.422802055959071 ], [ 106.104884127422068, 10.398384333439934 ], [ 106.114964393822163, 10.398384333439934 ], [ 106.11325720119504, 10.39024525503034 ], [ 106.123337305422368, 10.39024525503034 ], [ 106.125044660222258, 10.398384333439934 ], [ 106.135124926622353, 10.398384333439934 ], [ 106.136833857504953, 10.406523493020334 ], [ 106.15699471491925, 10.406523493020334 ], [ 106.158705384794132, 10.414662733837915 ], [ 106.12846361134865, 10.414662733837915 ], [ 106.130175208074476, 10.422802055959071 ], [ 106.120094454350294, 10.422802055959071 ], [ 106.123521565572531, 10.439080944377723 ], [ 106.113440486293968, 10.439080944377723 ] ] ] } },
{ "type": "Feature", "properties": { "zone_id": 183, "zone_type": "urban", "area_km2": 75.0, "centroid_lon": 107.092626, "centroid_lat": 10.373967, "urban_pixels": 68, "rural_pixels": 77, "urban_mean_C": 33.89, "rural_mean_C": 32.31, "suhi_C": 1.58 }, "geometry": { "type": "Polygon", "coordinates": [ [ [ 107.210546277633824, 10.430941459450207 ], [ 107.208815856560804, 10.422802055959071 ], [ 107.138250580491587, 10.422802055959071 ], [ 107.136522726198095, 10.414662733837915 ], [ 107.116361543901107, 10.414662733837915 ], [ 107.114635442097793, 10.406523493020334 ], [ 107.104555013390652, 10.406523493020334 ], [ 107.101107415474246, 10.39024525503034 ], [ 107.070867102792221, 10.39024525503034 ], [ 107.069145929950594, 10.382106257725173 ], [ 107.059065987761727, 10.382106257725173 ], [ 107.055628243541477, 10.365828506162645 ], [ 107.065707862056087, 10.365828506162645 ], [ 107.062275496542185, 10.349551078221495 ], [ 107.072354791919381, 10.349551078221495 ], [ 107.068927804582643, 10.333273973370984 ], [ 107.07900677735914, 10.333273973370984 ], [ 107.077295260084469, 10.325135541938888 ], [ 107.087374071761815, 10.325135541938888 ], [ 107.090798853706275, 10.341412485443074 ], [ 107.100877987716046, 10.341412485443074 ], [ 107.104308794117003, 10.357689751772574 ], [ 107.114388250995788, 10.357689751772574 ], [ 107.116105954629063, 10.365828506162645 ], [ 107.126185573143673, 10.365828506162645 ], [ 107.131347728156257, 10.39024525503034 ], [ 107.141427832383599, 10.39024525503034 ], [ 107.143151566632071, 10.398384333439934 ], [ 107.163312099432261, 10.398384333439934 ], [ 107.165037585633513, 10.406523493020334 ], [ 107.175118014340654, 10.406523493020334 ], [ 107.17339236583237, 10.398384333439934 ], [ 107.183472632232437, 10.398384333439934 ], [ 107.185198443047781, 10.406523493020334 ], [ 107.215439729169219, 10.406523493020334 ], [ 107.213713431432751, 10.398384333439934 ], [ 107.223793697832846, 10.398384333439934 ], [ 107.222068666202304, 10.39024525503034 ], [ 107.232148770429646, 10.39024525503034 ], [ 107.230425004972176, 10.382106257725173 ], [ 107.240504947161014, 10.382106257725173 ], [ 107.243954230633037, 10.398384333439934 ], [ 107.233873964232941, 10.398384333439934 ], [ 107.239058117733322, 10.422802055959071 ], [ 107.22897736400914, 10.422802055959071 ], [ 107.230708110502206, 10.430941459450207 ], [ 107.210546277633824, 10.430941459450207 ] ] ] } },
{ "type": "Feature", "properties": { "zone_id": 184, "zone_type": "urban", "area_km2": 11.0, "centroid_lon": 106.194752, "centroid_lat": 10.394315, "urban_pixels": 7, "rural_pixels": 99, "urban_mean_C": 33.9, "rural_mean_C": 31.24, "suhi_C": 2.66 }, "geometry": { "type": "Polygon", "coordinates": [ [ [ 106.177155572333518, 10.406523493020334 ], [ 106.173737826559062, 10.39024525503034 ], [ 106.16365772233172, 10.39024525503034 ], [ 106.161951132954201, 10.382106257725173 ], [ 106.182111017331891, 10.382106257725173 ], [ 106.183817930786404, 10.39024525503034 ], [ 106.214058243468429, 10.39024525503034 ], [ 106.215767057823129, 10.398384333439934 ], [ 106.225847324223224, 10.398384333439934 ], [ 106.227557715869239, 10.406523493020334 ], [ 106.177155572333518, 10.406523493020334 ] ] ] } },
{ "type": "Feature", "properties": { "zone_id": 185, "zone_type": "urban", "area_km2": 13.0, "centroid_lon": 106.678498, "centroid_lat": 10.369898, "urban_pixels": 13, "rural_pixels": 93, "urban_mean_C": 38.5, "rural_mean_C": 31.99, "suhi_C": 6.51 }, "geometry": { "type": "Polygon", "coordinates": [ [ [ 106.677743037926021, 10.39024525503034 ], [ 106.67431475200577, 10.37396734145806 ], [ 106.664234971721157, 10.37396734145806 ], [ 106.662523121472177, 10.365828506162645 ], [ 106.652443502957567, 10.365828506162645 ], [ 106.650733234571035, 10.357689751772574 ], [ 106.660812691449834, 10.357689751772574 ], [ 106.659103681454468, 10.349551078221495 ], [ 106.679262272208874, 10.349551078221495 ], [ 106.6775543593061, 10.341412485443074 ], [ 106.687633493315843, 10.341412485443074 ], [ 106.694474312574982, 10.37396734145806 ], [ 106.684394532290383, 10.37396734145806 ], [ 106.687823142153348, 10.39024525503034 ], [ 106.677743037926021, 10.39024525503034 ] ] ] } },
{ "type": "Feature", "properties": { "zone_id": 186, "zone_type": "urban", "area_km2": 11.0, "centroid_lon": 106.023318, "centroid_lat": 10.369898, "urban_pixels": 11, "rural_pixels": 111, "urban_mean_C": 30.96, "rural_mean_C": 30.98, "suhi_C": -0.01 }, "geometry": { "type": "Polygon", "coordinates": [ [ [ 105.998969472937034, 10.37396734145806 ], [ 105.997268299508733, 10.365828506162645 ], [ 105.967029443964947, 10.365828506162645 ], [ 105.96533016681272, 10.357689751772574 ], [ 106.025806908085514, 10.357689751772574 ], [ 106.027507155052533, 10.365828506162645 ], [ 106.047666392081709, 10.365828506162645 ], [ 106.049368374360071, 10.37396734145806 ], [ 105.998969472937034, 10.37396734145806 ] ] ] } },
{ "type": "Feature", "properties": { "zone_id": 187, "zone_type": "urban", "area_km2": 44.0, "centroid_lon": 105.811523, "centroid_lat": 10.272238, "urban_pixels": 38, "rural_pixels": 198, "urban_mean_C": 31.56, "rural_mean_C": 30.52, "suhi_C": 1.04 }, "geometry": { "type": "MultiPolygon", "coordinates": [ [ [ [ 105.807325084293424, 10.276306643073182 ], [ 105.809008018539998, 10.284444592057648 ], [ 105.819086026733046, 10.284444592057648 ], [ 105.81740293219174, 10.276306643073182 ], [ 105.837558627988344, 10.276306643073182 ], [ 105.834196019490108, 10.260030985565813 ], [ 105.814040964068369, 10.260030985565813 ], [ 105.815721244702232, 10.268168774264661 ], [ 105.785488181489455, 10.268168774264661 ], [ 105.787169388496821, 10.276306643073182 ], [ 105.807325084293424, 10.276306643073182 ] ] ], [ [ [ 105.726702301106997, 10.276306643073182 ], [ 105.728383952995827, 10.284444592057648 ], [ 105.738461961188847, 10.284444592057648 ], [ 105.743515835580652, 10.308858920729456 ], [ 105.733437345699244, 10.308858920729456 ], [ 105.735124622934421, 10.316997191080484 ], [ 105.704888670797487, 10.316997191080484 ], [ 105.706576871965922, 10.325135541938888 ], [ 105.68641924861123, 10.325135541938888 ], [ 105.688108534204417, 10.333273973370984 ], [ 105.738503398086834, 10.333273973370984 ], [ 105.74019489639835, 10.341412485443074 ], [ 105.760353164417879, 10.341412485443074 ], [ 105.756970930352622, 10.325135541938888 ], [ 105.767049742029968, 10.325135541938888 ], [ 105.76367281534344, 10.308858920729456 ], [ 105.77375130522482, 10.308858920729456 ], [ 105.772064791833742, 10.300720730819499 ], [ 105.782143121018279, 10.300720730819499 ], [ 105.780457854035376, 10.292582621284327 ], [ 105.790536022657136, 10.292582621284327 ], [ 105.787169388496821, 10.276306643073182 ], [ 105.726702301106997, 10.276306643073182 ] ] ] ] } },
{ "type": "Feature", "properties": { "zone_id": 188, "zone_type": "urban", "area_km2": 48.0, "centroid_lon": 106.431259, "centroid_lat": 10.223412, "urban_pixels": 47, "rural_pixels": 87, "urban_mean_C": 31.31, "rural_mean_C": 30.19, "suhi_C": 1.11 }, "geometry": { "type": "MultiPolygon", "coordinates": [ [ [ [ 106.44217790960991, 10.227480630542189 ], [ 106.438812746152195, 10.211205931966111 ], [ 106.428736175789027, 10.211205931966111 ], [ 106.430417891236345, 10.219343241398025 ], [ 106.420341161650001, 10.219343241398025 ], [ 106.42202413172302, 10.227480630542189 ], [ 106.44217790960991, 10.227480630542189 ] ] ], [ [ [ 106.401870353836131, 10.227480630542189 ], [ 106.403554418972362, 10.235618099464817 ], [ 106.383400322103526, 10.235618099464817 ], [ 106.381716575949227, 10.227480630542189 ], [ 106.371639687005796, 10.227480630542189 ], [ 106.369957513718134, 10.219343241398025 ], [ 106.349804054545402, 10.219343241398025 ], [ 106.348123612883683, 10.211205931966111 ], [ 106.338047042520515, 10.211205931966111 ], [ 106.3532204609632, 10.284444592057648 ], [ 106.343142452770181, 10.284444592057648 ], [ 106.348225228464258, 10.308858920729456 ], [ 106.338146738582864, 10.308858920729456 ], [ 106.339843665673541, 10.316997191080484 ], [ 106.349922316385872, 10.316997191080484 ], [ 106.351620819315812, 10.325135541938888 ], [ 106.361699630993172, 10.325135541938888 ], [ 106.363399710228805, 10.333273973370984 ], [ 106.383557655781786, 10.333273973370984 ], [ 106.38185725434785, 10.325135541938888 ], [ 106.371778442670504, 10.325135541938888 ], [ 106.359916382532134, 10.268168774264661 ], [ 106.369994070269726, 10.268168774264661 ], [ 106.368304988165875, 10.260030985565813 ], [ 106.398537571298462, 10.260030985565813 ], [ 106.396849423544239, 10.251893276910391 ], [ 106.406926791362352, 10.251893276910391 ], [ 106.405239898082243, 10.24375564823214 ], [ 106.415317106141543, 10.24375564823214 ], [ 106.413631467406773, 10.235618099464817 ], [ 106.423708515841199, 10.235618099464817 ], [ 106.42202413172302, 10.227480630542189 ], [ 106.401870353836131, 10.227480630542189 ] ] ] ] } },
{ "type": "Feature", "properties": { "zone_id": 189, "zone_type": "urban", "area_km2": 98.0, "centroid_lon": 105.973603, "centroid_lat": 10.227481, "urban_pixels": 88, "rural_pixels": 252, "urban_mean_C": 32.25, "rural_mean_C": 30.8, "suhi_C": 1.45 }, "geometry": { "type": "MultiPolygon", "coordinates": [ [ [ [ 105.903083071232871, 10.300720730819499 ], [ 105.901395877496554, 10.292582621284327 ], [ 105.9114740461183, 10.292582621284327 ], [ 105.909788100470223, 10.284444592057648 ], [ 105.919866108663243, 10.284444592057648 ], [ 105.918181411174771, 10.276306643073182 ], [ 105.938337106971375, 10.276306643073182 ], [ 105.936653497553323, 10.268168774264661 ], [ 105.997119623978861, 10.268168774264661 ], [ 105.995436462863907, 10.260030985565813 ], [ 106.025669045996509, 10.260030985565813 ], [ 106.022305991829086, 10.24375564823214 ], [ 106.0122287837698, 10.24375564823214 ], [ 106.007195248608838, 10.219343241398025 ], [ 106.017271978195197, 10.219343241398025 ], [ 106.01392301190171, 10.203068702180229 ], [ 106.023999423175525, 10.203068702180229 ], [ 106.020655771519358, 10.186794481281746 ], [ 106.000503584526101, 10.186794481281746 ], [ 106.003846600627895, 10.203068702180229 ], [ 105.99377018935408, 10.203068702180229 ], [ 105.995443650172774, 10.211205931966111 ], [ 105.985367079809606, 10.211205931966111 ], [ 105.987041789436091, 10.219343241398025 ], [ 105.966888330263345, 10.219343241398025 ], [ 105.965213939083256, 10.211205931966111 ], [ 105.955137368720102, 10.211205931966111 ], [ 105.948454513899094, 10.178657490036759 ], [ 105.938378579090354, 10.178657490036759 ], [ 105.935045909732949, 10.162383745624377 ], [ 105.945121527567224, 10.162383745624377 ], [ 105.943457143990884, 10.154246992324634 ], [ 105.913230765347805, 10.154246992324634 ], [ 105.916559988708045, 10.170520578173026 ], [ 105.926635764962683, 10.170520578173026 ], [ 105.933311721711121, 10.203068702180229 ], [ 105.943388132984964, 10.203068702180229 ], [ 105.946734871090626, 10.219343241398025 ], [ 105.936658141504239, 10.219343241398025 ], [ 105.940010190989341, 10.235618099464817 ], [ 105.92993314255493, 10.235618099464817 ], [ 105.933290503911451, 10.251893276910391 ], [ 105.923213136093352, 10.251893276910391 ], [ 105.924893768887856, 10.260030985565813 ], [ 105.88458365804442, 10.260030985565813 ], [ 105.88290366482093, 10.251893276910391 ], [ 105.872826297002831, 10.251893276910391 ], [ 105.87114787093968, 10.24375564823214 ], [ 105.861070662880394, 10.24375564823214 ], [ 105.864428602622681, 10.260030985565813 ], [ 105.854351074911818, 10.260030985565813 ], [ 105.856031995652586, 10.268168774264661 ], [ 105.87618737112777, 10.268168774264661 ], [ 105.877870019581565, 10.276306643073182 ], [ 105.887947867479866, 10.276306643073182 ], [ 105.893004742048319, 10.300720730819499 ], [ 105.903083071232871, 10.300720730819499 ] ] ], [ [ [ 105.882926412863767, 10.300720730819499 ], [ 105.886304383619219, 10.316997191080484 ], [ 105.876225732906889, 10.316997191080484 ], [ 105.87791667048073, 10.325135541938888 ], [ 105.898074293835421, 10.325135541938888 ], [ 105.893004742048319, 10.300720730819499 ], [ 105.882926412863767, 10.300720730819499 ] ] ] ] } },
{ "type": "Feature", "properties": { "zone_id": 190, "zone_type": "urban", "area_km2": 10.0, "centroid_lon": 106.209669, "centroid_lat": 10.321066, "urban_pixels": 7, "rural_pixels": 49, "urban_mean_C": 29.6, "rural_mean_C": 30.96, "suhi_C": -1.37 }, "geometry": { "type": "MultiPolygon", "coordinates": [ [ [ [ 106.176890900480572, 10.308858920729456 ], [ 106.156733920717784, 10.308858920729456 ], [ 106.155041300846548, 10.300720730819499 ], [ 106.144962971661997, 10.300720730819499 ], [ 106.148349302139493, 10.316997191080484 ], [ 106.178585254276456, 10.316997191080484 ], [ 106.176890900480572, 10.308858920729456 ] ] ], [ [ [ 106.180281020801004, 10.325135541938888 ], [ 106.240753890865051, 10.325135541938888 ], [ 106.239057158550366, 10.316997191080484 ], [ 106.178585254276456, 10.316997191080484 ], [ 106.180281020801004, 10.325135541938888 ] ] ] ] } },
{ "type": "Feature", "properties": { "zone_id": 191, "zone_type": "urban", "area_km2": 10.0, "centroid_lon": 105.591498, "centroid_lat": 10.255962, "urban_pixels": 6, "rural_pixels": 119, "urban_mean_C": 29.74, "rural_mean_C": 29.44, "suhi_C": 0.3 }, "geometry": { "type": "Polygon", "coordinates": [ [ [ 105.57385673900005, 10.268168774264661 ], [ 105.572180299007641, 10.260030985565813 ], [ 105.582257826718504, 10.260030985565813 ], [ 105.580582630277803, 10.251893276910391 ], [ 105.570505262459704, 10.251893276910391 ], [ 105.568831629160869, 10.24375564823214 ], [ 105.588986045279469, 10.24375564823214 ], [ 105.587313495784869, 10.235618099464817 ], [ 105.59739054421928, 10.235618099464817 ], [ 105.599063253338741, 10.24375564823214 ], [ 105.609140461398042, 10.24375564823214 ], [ 105.610814733732099, 10.251893276910391 ], [ 105.600737365914014, 10.251893276910391 ], [ 105.604089802212812, 10.268168774264661 ], [ 105.57385673900005, 10.268168774264661 ] ] ] } },
{ "type": "Feature", "properties": { "zone_id": 192, "zone_type": "urban", "area_km2": 382.0, "centroid_lon": 105.775062, "centroid_lat": 10.044409, "urban_pixels": 347, "rural_pixels": 467, "urban_mean_C": 30.89, "rural_mean_C": 30.04, "suhi_C": 0.84 }, "geometry": { "type": "MultiPolygon", "coordinates": [ [ [ [ 105.519274179533951, 9.99966364897095 ], [ 105.529346657023396, 9.99966364897095 ], [ 105.521208706906322, 9.958988515892168 ], [ 105.511137006161178, 9.958988515892168 ], [ 105.519274179533951, 9.99966364897095 ] ] ], [ [ [ 105.539419134512869, 9.99966364897095 ], [ 105.529346657023396, 9.99966364897095 ], [ 105.537519542552175, 10.040340730226497 ], [ 105.547592800120427, 10.040340730226497 ], [ 105.539419134512869, 9.99966364897095 ] ] ], [ [ [ 105.608032345529921, 10.040340730226497 ], [ 105.606393878473497, 10.032205157725077 ], [ 105.61646697975911, 10.032205157725077 ], [ 105.614829755664061, 10.024069663414856 ], [ 105.645048591073405, 10.024069663414856 ], [ 105.646686283615992, 10.032205157725077 ], [ 105.666832486187246, 10.032205157725077 ], [ 105.668471890939415, 10.040340730226497 ], [ 105.688618406075918, 10.040340730226497 ], [ 105.686978688758487, 10.032205157725077 ], [ 105.676905587472859, 10.032205157725077 ], [ 105.675267426482762, 10.024069663414856 ], [ 105.655121536209862, 10.024069663414856 ], [ 105.651850037397779, 10.007798909103826 ], [ 105.641777404159399, 10.007798909103826 ], [ 105.643412297984668, 10.015934247229785 ], [ 105.603121141501845, 10.015934247229785 ], [ 105.604756810527633, 10.024069663414856 ], [ 105.584610920254732, 10.024069663414856 ], [ 105.579709044470675, 9.99966364897095 ], [ 105.569636566981217, 9.99966364897095 ], [ 105.57617457461663, 10.032205157725077 ], [ 105.59632077718787, 10.032205157725077 ], [ 105.597959087961684, 10.040340730226497 ], [ 105.608032345529921, 10.040340730226497 ] ] ], [ [ [ 105.547592800120427, 10.040340730226497 ], [ 105.550872054533585, 10.056612110067135 ], [ 105.540798483999652, 10.056612110067135 ], [ 105.547373153405843, 10.089155810949574 ], [ 105.577595747608399, 10.089155810949574 ], [ 105.579243384917461, 10.097291932639246 ], [ 105.58931774020229, 10.097291932639246 ], [ 105.59096693496852, 10.105428133048738 ], [ 105.601041447604246, 10.105428133048738 ], [ 105.604344353727356, 10.121700770291636 ], [ 105.614419181465749, 10.121700770291636 ], [ 105.617728007026841, 10.137973723207237 ], [ 105.627803150402514, 10.137973723207237 ], [ 105.632777374704219, 10.162383745624377 ], [ 105.642852992538494, 10.162383745624377 ], [ 105.641193357560084, 10.154246992324634 ], [ 105.66134427665547, 10.154246992324634 ], [ 105.659685727494008, 10.146110318207638 ], [ 105.669761028888828, 10.146110318207638 ], [ 105.668103723905134, 10.137973723207237 ], [ 105.678178867280806, 10.137973723207237 ], [ 105.676522806549201, 10.129837207257284 ], [ 105.696672777529571, 10.129837207257284 ], [ 105.695017803372806, 10.121700770291636 ], [ 105.715167458849564, 10.121700770291636 ], [ 105.713513571609496, 10.113564412244161 ], [ 105.723588241729743, 10.113564412244161 ], [ 105.721935599232879, 10.105428133048738 ], [ 105.73201011186859, 10.105428133048738 ], [ 105.730358714189776, 10.097291932639246 ], [ 105.740433069474591, 10.097291932639246 ], [ 105.73878291668872, 10.089155810949574 ], [ 105.748857114756248, 10.089155810949574 ], [ 105.74720820693841, 10.081019767913618 ], [ 105.767356288906001, 10.081019767913618 ], [ 105.76900551089129, 10.089155810949574 ], [ 105.789153907026332, 10.089155810949574 ], [ 105.787504370873606, 10.081019767913618 ], [ 105.797578411857401, 10.081019767913618 ], [ 105.795930121282154, 10.072883803465286 ], [ 105.816077889349415, 10.072883803465286 ], [ 105.817726493825006, 10.081019767913618 ], [ 105.827800534808802, 10.081019767913618 ], [ 105.829450699296402, 10.089155810949574 ], [ 105.839524897363916, 10.089155810949574 ], [ 105.837874575792611, 10.081019767913618 ], [ 105.847948616776407, 10.081019767913618 ], [ 105.846299541450335, 10.072883803465286 ], [ 105.836225657416705, 10.072883803465286 ], [ 105.832932029483658, 10.056612110067135 ], [ 105.843005600017591, 10.056612110067135 ], [ 105.839717269599674, 10.040340730226497 ], [ 105.829644012031409, 10.040340730226497 ], [ 105.828002106757211, 10.032205157725077 ], [ 105.817929005471584, 10.032205157725077 ], [ 105.814649713036701, 10.015934247229785 ], [ 105.824722502157414, 10.015934247229785 ], [ 105.823084802450296, 10.007798909103826 ], [ 105.833157435688676, 10.007798909103826 ], [ 105.829885929142947, 9.991528466765125 ], [ 105.839958251016853, 9.991528466765125 ], [ 105.835061033882141, 9.967123387049863 ], [ 105.824989178054764, 9.967123387049863 ], [ 105.823359729260744, 9.958988515892168 ], [ 105.813288028515586, 9.958988515892168 ], [ 105.814917322227416, 9.967123387049863 ], [ 105.804845466400039, 9.967123387049863 ], [ 105.806476005420933, 9.97525833587059 ], [ 105.796403994378053, 9.97525833587059 ], [ 105.798035778630975, 9.983393362420342 ], [ 105.777891445847558, 9.983393362420342 ], [ 105.776259972292308, 9.97525833587059 ], [ 105.766187961249429, 9.97525833587059 ], [ 105.761302406157824, 9.950853722331514 ], [ 105.741159314565365, 9.950853722331514 ], [ 105.739533905044155, 9.942719006301928 ], [ 105.729462514063584, 9.942719006301928 ], [ 105.724595142536842, 9.918315322739828 ], [ 105.714524215203781, 9.918315322739828 ], [ 105.722642721809265, 9.958988515892168 ], [ 105.712571021064136, 9.958988515892168 ], [ 105.714198763953831, 9.967123387049863 ], [ 105.663839484817018, 9.967123387049863 ], [ 105.665467850820662, 9.97525833587059 ], [ 105.645323828734902, 9.97525833587059 ], [ 105.643695773162321, 9.967123387049863 ], [ 105.633623917334958, 9.967123387049863 ], [ 105.631997415102944, 9.958988515892168 ], [ 105.621925714357801, 9.958988515892168 ], [ 105.626808949971746, 9.983393362420342 ], [ 105.636881116363455, 9.983393362420342 ], [ 105.638511813538699, 9.991528466765125 ], [ 105.648584135412619, 9.991528466765125 ], [ 105.651850037397779, 10.007798909103826 ], [ 105.661922670636173, 10.007798909103826 ], [ 105.663557876226093, 10.015934247229785 ], [ 105.673630665346792, 10.015934247229785 ], [ 105.675267426482762, 10.024069663414856 ], [ 105.685340371619205, 10.024069663414856 ], [ 105.686978688758487, 10.032205157725077 ], [ 105.6970517900441, 10.032205157725077 ], [ 105.698691663644169, 10.040340730226497 ], [ 105.708764921212421, 10.040340730226497 ], [ 105.710406351730995, 10.048476380985161 ], [ 105.680186109777935, 10.048476380985161 ], [ 105.681828471474688, 10.056612110067135 ], [ 105.712049183076473, 10.056612110067135 ], [ 105.713693415440048, 10.064747917538485 ], [ 105.703619688223014, 10.064747917538485 ], [ 105.70526516497938, 10.072883803465286 ], [ 105.685117396912105, 10.072883803465286 ], [ 105.683472233788962, 10.064747917538485 ], [ 105.673398506571957, 10.064747917538485 ], [ 105.675043512878474, 10.072883803465286 ], [ 105.66496962884483, 10.072883803465286 ], [ 105.669912582480862, 10.097291932639246 ], [ 105.659838227196033, 10.097291932639246 ], [ 105.661488523418569, 10.105428133048738 ], [ 105.641339498147119, 10.105428133048738 ], [ 105.63968951662639, 10.097291932639246 ], [ 105.609466450771933, 10.097291932639246 ], [ 105.607818341810955, 10.089155810949574 ], [ 105.597744143743441, 10.089155810949574 ], [ 105.596097592181422, 10.081019767913618 ], [ 105.586023551197613, 10.081019767913618 ], [ 105.584378556575714, 10.072883803465286 ], [ 105.57430467254207, 10.072883803465286 ], [ 105.567739315256915, 10.040340730226497 ], [ 105.577812572825167, 10.040340730226497 ], [ 105.57617457461663, 10.032205157725077 ], [ 105.556028372045375, 10.032205157725077 ], [ 105.557666057688664, 10.040340730226497 ], [ 105.547592800120427, 10.040340730226497 ] ] ], [ [ [ 105.636613182330365, 10.032205157725077 ], [ 105.639892453840559, 10.048476380985161 ], [ 105.629819039856216, 10.048476380985161 ], [ 105.631460618805022, 10.056612110067135 ], [ 105.641534189338955, 10.056612110067135 ], [ 105.646467797100414, 10.081019767913618 ], [ 105.656541838084223, 10.081019767913618 ], [ 105.646686283615992, 10.032205157725077 ], [ 105.636613182330365, 10.032205157725077 ] ] ], [ [ [ 105.773961592330906, 10.113564412244161 ], [ 105.76900551089129, 10.089155810949574 ], [ 105.758931312823762, 10.089155810949574 ], [ 105.760581780044234, 10.097291932639246 ], [ 105.740433069474591, 10.097291932639246 ], [ 105.745391942064728, 10.121700770291636 ], [ 105.755466769803093, 10.121700770291636 ], [ 105.753812252090427, 10.113564412244161 ], [ 105.773961592330906, 10.113564412244161 ] ] ], [ [ [ 105.605997908117914, 10.129837207257284 ], [ 105.604344353727356, 10.121700770291636 ], [ 105.584194698250599, 10.121700770291636 ], [ 105.587502576899865, 10.137973723207237 ], [ 105.597577720275524, 10.137973723207237 ], [ 105.595922922627722, 10.129837207257284 ], [ 105.605997908117914, 10.129837207257284 ] ] ], [ [ [ 105.673079846041375, 10.162383745624377 ], [ 105.671419736203177, 10.154246992324634 ], [ 105.66134427665547, 10.154246992324634 ], [ 105.664665582342195, 10.170520578173026 ], [ 105.684817134851471, 10.170520578173026 ], [ 105.683155463875678, 10.162383745624377 ], [ 105.673079846041375, 10.162383745624377 ] ] ] ] } },
{ "type": "Feature", "properties": { "zone_id": 193, "zone_type": "urban", "area_km2": 12.0, "centroid_lon": 106.325527, "centroid_lat": 10.125769, "urban_pixels": 12, "rural_pixels": 46, "urban_mean_C": 30.94, "rural_mean_C": 29.66, "suhi_C": 1.27 }, "geometry": { "type": "MultiPolygon", "coordinates": [ [ [ [ 106.302938008469837, 10.089155810949574 ], [ 106.282789612334795, 10.089155810949574 ], [ 106.286108306833114, 10.105428133048738 ], [ 106.296182819468839, 10.105428133048738 ], [ 106.297844438583041, 10.113564412244161 ], [ 106.307919108703274, 10.113564412244161 ], [ 106.302938008469837, 10.089155810949574 ] ] ], [ [ [ 106.311246892430859, 10.129837207257284 ], [ 106.321321877921037, 10.129837207257284 ], [ 106.322988043322937, 10.137973723207237 ], [ 106.343138330074254, 10.137973723207237 ], [ 106.339806778629296, 10.121700770291636 ], [ 106.329731950890917, 10.121700770291636 ], [ 106.328068448943753, 10.113564412244161 ], [ 106.307919108703274, 10.113564412244161 ], [ 106.311246892430859, 10.129837207257284 ] ] ] ] } },
{ "type": "Feature", "properties": { "zone_id": 194, "zone_type": "urban", "area_km2": 54.0, "centroid_lon": 105.098831, "centroid_lat": 9.987461, "urban_pixels": 48, "rural_pixels": 305, "urban_mean_C": 30.04, "rural_mean_C": 30.39, "suhi_C": -0.35 }, "geometry": { "type": "Polygon", "coordinates": [ [ [ 105.067340668904862, 10.056612110067135 ], [ 105.064076436844445, 10.040340730226497 ], [ 105.054003179276194, 10.040340730226497 ], [ 105.052373307764228, 10.032205157725077 ], [ 105.062446409049841, 10.032205157725077 ], [ 105.059190528983621, 10.015934247229785 ], [ 105.069263318104319, 10.015934247229785 ], [ 105.06763730957158, 10.007798909103826 ], [ 105.07770994280996, 10.007798909103826 ], [ 105.07608516999791, 9.99966364897095 ], [ 105.086157647487354, 9.99966364897095 ], [ 105.082911964818834, 9.983393362420342 ], [ 105.092984131210557, 9.983393362420342 ], [ 105.0897437026576, 9.967123387049863 ], [ 105.099815558484963, 9.967123387049863 ], [ 105.096580383606977, 9.950853722331514 ], [ 105.106651929403199, 9.950853722331514 ], [ 105.100197647886688, 9.918315322739828 ], [ 105.130410429885885, 9.918315322739828 ], [ 105.132022377944338, 9.926449806572045 ], [ 105.142093459693356, 9.926449806572045 ], [ 105.143706952954631, 9.934584367737424 ], [ 105.133635716656457, 9.934584367737424 ], [ 105.138484078590722, 9.958988515892168 ], [ 105.148555779335879, 9.958988515892168 ], [ 105.153417129560893, 9.983393362420342 ], [ 105.143344963169156, 9.983393362420342 ], [ 105.141723276591065, 9.97525833587059 ], [ 105.12157925450532, 9.97525833587059 ], [ 105.123200630385725, 9.983393362420342 ], [ 105.113128463994002, 9.983393362420342 ], [ 105.11475107609553, 9.991528466765125 ], [ 105.104678754221624, 9.991528466765125 ], [ 105.106302602466272, 9.99966364897095 ], [ 105.096230124976827, 9.99966364897095 ], [ 105.101109553705186, 10.024069663414856 ], [ 105.091036608568729, 10.024069663414856 ], [ 105.092665712906708, 10.032205157725077 ], [ 105.082592611621081, 10.032205157725077 ], [ 105.084222951980934, 10.040340730226497 ], [ 105.074149694412682, 10.040340730226497 ], [ 105.077414239438809, 10.056612110067135 ], [ 105.067340668904862, 10.056612110067135 ] ] ] } },
{ "type": "Feature", "properties": { "zone_id": 195, "zone_type": "urban", "area_km2": 17.0, "centroid_lon": 106.61635, "centroid_lat": 9.995596, "urban_pixels": 15, "rural_pixels": 155, "urban_mean_C": 31.71, "rural_mean_C": 31.52, "suhi_C": 0.2 }, "geometry": { "type": "MultiPolygon", "coordinates": [ [ [ [ 106.627246703374027, 9.99966364897095 ], [ 106.637319180863486, 9.99966364897095 ], [ 106.632380910936831, 9.97525833587059 ], [ 106.592092866765341, 9.97525833587059 ], [ 106.593736923576898, 9.983393362420342 ], [ 106.603809089968621, 9.983393362420342 ], [ 106.605454713433801, 9.991528466765125 ], [ 106.595382391559895, 9.991528466765125 ], [ 106.597029270905665, 9.99966364897095 ], [ 106.607101748395124, 9.99966364897095 ], [ 106.608750195044166, 10.007798909103826 ], [ 106.618822828282532, 10.007798909103826 ], [ 106.620472842693317, 10.015934247229785 ], [ 106.630545631814044, 10.015934247229785 ], [ 106.627246703374027, 9.99966364897095 ] ] ], [ [ [ 106.633850209607061, 10.032205157725077 ], [ 106.653996412178302, 10.032205157725077 ], [ 106.652343104718284, 10.024069663414856 ], [ 106.642270159581827, 10.024069663414856 ], [ 106.640618420934757, 10.015934247229785 ], [ 106.630545631814044, 10.015934247229785 ], [ 106.633850209607061, 10.032205157725077 ] ] ] ] } },
{ "type": "Feature", "properties": { "zone_id": 196, "zone_type": "urban", "area_km2": 11.0, "centroid_lon": 106.17342, "centroid_lat": 9.946786, "urban_pixels": 11, "rural_pixels": 182, "urban_mean_C": 31.41, "rural_mean_C": 30.48, "suhi_C": 0.93 }, "geometry": { "type": "MultiPolygon", "coordinates": [ [ [ [ 106.182675108189414, 9.942719006301928 ], [ 106.17260371720883, 9.942719006301928 ], [ 106.170973055368563, 9.934584367737424 ], [ 106.160901819070389, 9.934584367737424 ], [ 106.164164238006805, 9.950853722331514 ], [ 106.174235783803041, 9.950853722331514 ], [ 106.175869255340899, 9.958988515892168 ], [ 106.185940956086043, 9.958988515892168 ], [ 106.182675108189414, 9.942719006301928 ] ] ], [ [ [ 106.190850267908075, 9.983393362420342 ], [ 106.200922434299798, 9.983393362420342 ], [ 106.205844865508837, 10.007798909103826 ], [ 106.215917498747217, 10.007798909103826 ], [ 106.209356447136017, 9.97525833587059 ], [ 106.199284436093137, 9.97525833587059 ], [ 106.196012656831172, 9.958988515892168 ], [ 106.185940956086043, 9.958988515892168 ], [ 106.190850267908075, 9.983393362420342 ] ] ] ] } },
{ "type": "Feature", "properties": { "zone_id": 197, "zone_type": "urban", "area_km2": 44.0, "centroid_lon": 106.348853, "centroid_lat": 9.942719, "urban_pixels": 43, "rural_pixels": 262, "urban_mean_C": 33.28, "rural_mean_C": 29.26, "suhi_C": 4.02 }, "geometry": { "type": "MultiPolygon", "coordinates": [ [ [ [ 106.354179643650951, 9.89391233458265 ], [ 106.349308378124647, 9.869510040050054 ], [ 106.359378381758589, 9.869510040050054 ], [ 106.354519306429339, 9.845108437362281 ], [ 106.344449762847972, 9.845108437362281 ], [ 106.347687434366904, 9.861376095703692 ], [ 106.337617584216886, 9.861376095703692 ], [ 106.344109178766587, 9.89391233458265 ], [ 106.354179643650951, 9.89391233458265 ] ] ], [ [ [ 106.334038713882236, 9.89391233458265 ], [ 106.335664973071331, 9.902046586811069 ], [ 106.305453116369065, 9.902046586811069 ], [ 106.30708031918121, 9.910180916174816 ], [ 106.297009546130909, 9.910180916174816 ], [ 106.300267860829834, 9.926449806572045 ], [ 106.320410024327856, 9.926449806572045 ], [ 106.322041599841199, 9.934584367737424 ], [ 106.332112836139373, 9.934584367737424 ], [ 106.341932763783888, 9.983393362420342 ], [ 106.362077096567333, 9.983393362420342 ], [ 106.355523608135087, 9.950853722331514 ], [ 106.365595153931309, 9.950853722331514 ], [ 106.362326545033909, 9.934584367737424 ], [ 106.372397781332069, 9.934584367737424 ], [ 106.369134491853117, 9.918315322739828 ], [ 106.359063564520071, 9.918315322739828 ], [ 106.357434184432833, 9.910180916174816 ], [ 106.347363411382503, 9.910180916174816 ], [ 106.344109178766587, 9.89391233458265 ], [ 106.334038713882236, 9.89391233458265 ] ] ] ] } },
{ "type": "Feature", "properties": { "zone_id": 198, "zone_type": "urban", "area_km2": 10.0, "centroid_lon": 105.470714, "centroid_lat": 9.780041, "urban_pixels": 10, "rural_pixels": 166, "urban_mean_C": 32.84, "rural_mean_C": 31.16, "suhi_C": 1.68 }, "geometry": { "type": "Polygon", "coordinates": [ [ [ 105.458799907846611, 9.79630730040499 ], [ 105.454018925095923, 9.771907762578802 ], [ 105.443950754490146, 9.771907762578802 ], [ 105.442360029258069, 9.763774735553717 ], [ 105.46249606669322, 9.763774735553717 ], [ 105.464087095701728, 9.771907762578802 ], [ 105.484223436913311, 9.771907762578802 ], [ 105.487410279189163, 9.788174044938611 ], [ 105.477341804408283, 9.788174044938611 ], [ 105.478937161982159, 9.79630730040499 ], [ 105.458799907846611, 9.79630730040499 ] ] ] } },
{ "type": "Feature", "properties": { "zone_id": 199, "zone_type": "urban", "area_km2": 45.0, "centroid_lon": 105.972124, "centroid_lat": 9.588933, "urban_pixels": 45, "rural_pixels": 400, "urban_mean_C": 32.12, "rural_mean_C": 28.57, "suhi_C": 3.55 }, "geometry": { "type": "MultiPolygon", "coordinates": [ [ [ [ 105.931766430317325, 9.536080600813021 ], [ 105.911638790866391, 9.536080600813021 ], [ 105.91319818132844, 9.544211524259621 ], [ 105.923262149228606, 9.544211524259621 ], [ 105.924823081289716, 9.552342521947175 ], [ 105.934887197496963, 9.552342521947175 ], [ 105.931766430317325, 9.536080600813021 ] ] ], [ [ [ 105.988335605720238, 9.568604740307716 ], [ 105.998400018938895, 9.568604740307716 ], [ 105.996835259483149, 9.560473593941332 ], [ 106.006899524129906, 9.560473593941332 ], [ 106.005336010947701, 9.552342521947175 ], [ 105.975143662325948, 9.552342521947175 ], [ 105.979837049442864, 9.576735961111982 ], [ 105.98990161136588, 9.576735961111982 ], [ 105.988335605720238, 9.568604740307716 ] ] ], [ [ [ 105.987687259943712, 9.617393183999617 ], [ 105.997752567375798, 9.617393183999617 ], [ 105.996179585196842, 9.609261590021021 ], [ 106.006244743262101, 9.609261590021021 ], [ 106.003102667397457, 9.592998626296778 ], [ 105.993037807668316, 9.592998626296778 ], [ 105.991469011954734, 9.584867256419788 ], [ 105.981404301194885, 9.584867256419788 ], [ 105.979837049442864, 9.576735961111982 ], [ 105.969772487519833, 9.576735961111982 ], [ 105.968206779282923, 9.568604740307716 ], [ 105.958142366064251, 9.568604740307716 ], [ 105.956578200896189, 9.560473593941332 ], [ 105.946513936249445, 9.560473593941332 ], [ 105.944951313704195, 9.552342521947175 ], [ 105.934887197496963, 9.552342521947175 ], [ 105.938013539626951, 9.568604740307716 ], [ 105.948077952845594, 9.568604740307716 ], [ 105.955918952935832, 9.609261590021021 ], [ 105.945853794870573, 9.609261590021021 ], [ 105.94742603021534, 9.617393183999617 ], [ 105.957491337647411, 9.617393183999617 ], [ 105.959065117681561, 9.625524852810114 ], [ 105.989261488476004, 9.625524852810114 ], [ 105.987687259943712, 9.617393183999617 ] ] ], [ [ [ 105.963794831543765, 9.649920308889996 ], [ 105.959065117681561, 9.625524852810114 ], [ 105.94899966075009, 9.625524852810114 ], [ 105.950574686657177, 9.633656596518213 ], [ 105.940509080093747, 9.633656596518213 ], [ 105.942085351791206, 9.641788415189602 ], [ 105.952151108119153, 9.641788415189602 ], [ 105.953728925318686, 9.649920308889996 ], [ 105.963794831543765, 9.649920308889996 ] ] ], [ [ [ 105.945242082183853, 9.65805227768511 ], [ 105.942085351791206, 9.641788415189602 ], [ 105.932019595463245, 9.641788415189602 ], [ 105.93517602592901, 9.65805227768511 ], [ 105.945242082183853, 9.65805227768511 ] ] ] ] } },
{ "type": "Feature", "properties": { "zone_id": 200, "zone_type": "urban", "area_km2": 30.0, "centroid_lon": 105.705311, "centroid_lat": 9.296251, "urban_pixels": 30, "rural_pixels": 325, "urban_mean_C": 31.44, "rural_mean_C": 30.18, "suhi_C": 1.26 }, "geometry": { "type": "Polygon", "coordinates": [ [ [ 105.719163222304275, 9.316573491202746 ], [ 105.717644938470301, 9.308444619883719 ], [ 105.707585213954331, 9.308444619883719 ], [ 105.706068460611377, 9.30031582090524 ], [ 105.665830139918327, 9.30031582090524 ], [ 105.664315349259894, 9.292187094201887 ], [ 105.624077605410221, 9.292187094201887 ], [ 105.622564776206289, 9.284058439708225 ], [ 105.612505484322838, 9.284058439708225 ], [ 105.610994183502456, 9.275929857358843 ], [ 105.641171627311437, 9.275929857358843 ], [ 105.642683359973191, 9.284058439708225 ], [ 105.672861235623529, 9.284058439708225 ], [ 105.674374785222327, 9.292187094201887 ], [ 105.704553093109581, 9.292187094201887 ], [ 105.703039111273881, 9.284058439708225 ], [ 105.713098403157318, 9.284058439708225 ], [ 105.711585662865716, 9.275929857358843 ], [ 105.721644810802047, 9.275929857358843 ], [ 105.720133312143517, 9.26780134708833 ], [ 105.730192316264564, 9.26780134708833 ], [ 105.731703958738379, 9.275929857358843 ], [ 105.741763106674711, 9.275929857358843 ], [ 105.747824112018264, 9.308444619883719 ], [ 105.737764387502281, 9.308444619883719 ], [ 105.739282960285493, 9.316573491202746 ], [ 105.719163222304275, 9.316573491202746 ] ] ] } },
{ "type": "Feature", "properties": { "zone_id": 201, "zone_type": "urban", "area_km2": 12.0, "centroid_lon": 105.436744, "centroid_lat": 9.231224, "urban_pixels": 12, "rural_pixels": 303, "urban_mean_C": 31.72, "rural_mean_C": 30.11, "suhi_C": 1.61 }, "geometry": { "type": "Polygon", "coordinates": [ [ [ 105.44402564432157, 9.243416248095969 ], [ 105.44252355501888, 9.235288025486932 ], [ 105.412348264485146, 9.235288025486932 ], [ 105.410847985803329, 9.227159874629812 ], [ 105.390731411760243, 9.227159874629812 ], [ 105.389232799710982, 9.219031795459227 ], [ 105.419407231701726, 9.219031795459227 ], [ 105.42090627282488, 9.227159874629812 ], [ 105.461139420911067, 9.227159874629812 ], [ 105.462640415374693, 9.235288025486932 ], [ 105.482757275730521, 9.235288025486932 ], [ 105.484259938185659, 9.243416248095969 ], [ 105.44402564432157, 9.243416248095969 ] ] ] } },
{ "type": "Feature", "properties": { "zone_id": 202, "zone_type": "urban", "area_km2": 34.0, "centroid_lon": 105.156212, "centroid_lat": 9.182456, "urban_pixels": 34, "rural_pixels": 290, "urban_mean_C": 34.53, "rural_mean_C": 30.83, "suhi_C": 3.7 }, "geometry": { "type": "MultiPolygon", "coordinates": [ [ [ [ 105.131481212943868, 9.129627637204335 ], [ 105.121424633528036, 9.129627637204335 ], [ 105.124385809656516, 9.145882298034946 ], [ 105.134442672357139, 9.145882298034946 ], [ 105.131481212943868, 9.129627637204335 ] ] ], [ [ [ 105.135925465138158, 9.154009734967364 ], [ 105.125868460597758, 9.154009734967364 ], [ 105.127352487018371, 9.162137242998265 ], [ 105.137409633530083, 9.162137242998265 ], [ 105.140382097831875, 9.178392472616778 ], [ 105.130324666982645, 9.178392472616778 ], [ 105.131812820869257, 9.186520194335033 ], [ 105.121755247653837, 9.186520194335033 ], [ 105.124735398967331, 9.202775851916208 ], [ 105.114677540624541, 9.202775851916208 ], [ 105.116169538000335, 9.21090378790981 ], [ 105.136285540208348, 9.21090378790981 ], [ 105.134793257310136, 9.202775851916208 ], [ 105.154908973995759, 9.202775851916208 ], [ 105.156401542416376, 9.21090378790981 ], [ 105.166459543520375, 9.21090378790981 ], [ 105.163475498060961, 9.194647987413063 ], [ 105.173533213774235, 9.194647987413063 ], [ 105.172043113730965, 9.186520194335033 ], [ 105.182100686946399, 9.186520194335033 ], [ 105.18061182122878, 9.178392472616778 ], [ 105.20072668292724, 9.178392472616778 ], [ 105.199238909392193, 9.170264822192962 ], [ 105.179124332162857, 9.170264822192962 ], [ 105.177638219576963, 9.162137242998265 ], [ 105.167581073065236, 9.162137242998265 ], [ 105.166096478759286, 9.154009734967364 ], [ 105.145982469678529, 9.154009734967364 ], [ 105.144499535057776, 9.145882298034946 ], [ 105.134442672357139, 9.145882298034946 ], [ 105.135925465138158, 9.154009734967364 ] ] ] ] } }
]
}
